"FIES_preocupacion_alimentos","FIES_no_alimentos_saludables","FIES_poca_variedad_alimentos","FIES_saltar_comida","FIES_comio_menos","FIES_sin_alimentos","FIES_hambre_sin_comer","FIES_no_comio_dia_entero","IPM_Total","IPC_Total","Pobreza_monetaria","Vida_general","Ingreso","FIES_leve_moderado","FIES_grave","FIES_moderada","departamento_num","tiempo","departamento","año","mes_num","mes","clave"
24.0180701002493,16.4699872459976,21.7383607583884,22.0974678636731,18.2320228232702,11.9118279844555,13.1155010777172,5.19065789884398,27.9,131.19,54.6,8.5,7.5,18.6,3.4,15.2,1,1,"Amazonas",2022,1,"enero","Amazonas_2022_enero"
31.0285595704923,26.955414801392,30.5174189091972,19.6326180236653,21.0027801148653,10.9277707798289,11.466793593719,3.03614292099989,10.7,133.56,48.7,8.2,7.1,20.9,3.3,17.6,2,1,"Antioquia",2022,1,"enero","Antioquia_2022_enero"
45.3209324735985,38.8186836071376,46.0007044209893,40.6561815740621,38.0878120299001,26.9808114866175,24.8816336057189,5.9297626274569,22.6,131.19,74.5,8,6.8,39.3,11,28.3,3,1,"Arauca",2022,1,"enero","Arauca_2022_enero"
55.1630310888315,48.790394631293,56.3433497785655,45.6265544854043,44.5773257135885,24.4554623054209,24.9919515861308,4.19873965769878,10.2,131.02,56.9,8,6.6,46.1,8.3,37.8,4,1,"Atlantico",2022,1,"enero","Atlantico_2022_enero"
31.1817577577583,33.6356200166701,37.2279654757188,23.8313150591941,26.0375720687522,14.6614620316439,13.5234436814724,2.38781486888154,3.8,133.78,32.3,7.8,6.6,25.4,4.2,21.2,5,1,"Bogotá",2022,1,"enero","Bogotá_2022_enero"
45.606240861578,33.9573958057547,43.088224846213,34.4832599472283,32.9311502778694,18.9663378272717,18.0479399371321,3.27746317617277,19.4,130.79,66.9,8.3,7.2,32.6,5.1,27.5,6,1,"Bolivar",2022,1,"enero","Bolivar_2022_enero"
26.1711229959776,28.1164040717748,28.9301376074068,21.6570933652853,20.7688487615023,9.77718650983221,12.057057309705,3.07521213650846,9.6,133.59,43.4,7.5,6,20.7,2.1,18.6,7,1,"Boyaca",2022,1,"enero","Boyaca_2022_enero"
21.5738712167282,21.7920902160893,20.5605087399749,17.2111577470179,14.7229844242894,8.45417135278594,10.9599714005603,2.68099091156222,10.5,135.02,33.4,8.4,7.3,14.6,2.5,12.1,8,1,"Caldas",2022,1,"enero","Caldas_2022_enero"
38.4014250280823,29.6351743771217,37.0743213268588,26.2057473923002,26.4349990929236,12.5268605219415,12.5824086188963,3.53804703853797,19.6,140.61,69.1,8.1,6.5,27.2,3.2,24,9,1,"Caqueta",2022,1,"enero","Caqueta_2022_enero"
33.5747954686943,33.9098246038369,36.3190565229546,28.4699442702951,26.7802235909579,14.319172176012,14.8249808151325,1.74692666463351,13.3,131.19,46.5,8.2,6.3,28.2,4.3,23.9,10,1,"Casanare",2022,1,"enero","Casanare_2022_enero"
32.3434953405528,30.4522894390056,33.6831120161665,20.3528454940077,21.6007583512132,9.67054748549379,11.5433879309035,3.65295666343252,18.3,144.34,58.3,7.5,5.9,22.3,2.8,19.5,11,1,"Cauca",2022,1,"enero","Cauca_2022_enero"
49.5875363144743,44.3007009148104,50.2066193176025,41.2542745883864,41.636295196829,24.4940505962946,24.4652675778098,6.20424638173988,19.1,133.86,70.5,7.9,6.3,41.1,9.4,31.7,12,1,"Cesar",2022,1,"enero","Cesar_2022_enero"
49.4364703285868,41.965481793795,49.454142802993,44.9261016971158,40.7420564731417,26.5820311340544,28.5281239848662,9.43807102314072,36.8,131.19,83.4,7.2,6.2,43.2,10.4,32.8,13,1,"Choco",2022,1,"enero","Choco_2022_enero"
25.9399710670371,29.9513332713359,31.7582076967769,21.20785191213,21.2247994115957,10.0189098705341,12.2386340224914,1.8487194638415,7.3,133.78,39.2,7.8,6.3,23,3.7,19.3,15,1,"Cordoba",2022,1,"enero","Cordoba_2022_enero"
46.9931346332796,39.1248660873162,46.544474535539,40.3292193095328,37.5691796028366,22.0206097024114,25.5345494176132,5.18912585242391,26.9,131.51,83.7,7.6,6.2,38.9,8.1,30.8,14,1,"Cundinamarca",2022,1,"enero","Cundinamarca_2022_enero"
34.4600516231296,27.4038624267784,34.5729980072666,33.4770748300204,28.9738202264981,14.5139932894096,19.9572430065626,12.5653617674015,46.5,131.19,53.3,7.7,6.9,29.8,4.4,25.4,16,1,"Guainia",2022,1,"enero","Guainia_2022_enero"
36.973341612776,36.3177895645185,40.704902868849,35.5366306980717,31.1135635422196,19.256383729079,19.6514968959953,2.80662752055494,26.9,131.19,55.9,7.8,5.9,30.4,6.2,24.2,18,1,"Huila",2022,1,"enero","Huila_2022_enero"
33.3234727356533,25.9033915132426,29.7466866047861,17.0613171022118,20.1228689533891,9.20317693024196,9.47858603734909,1.31035187929595,13.3,142.52,65.7,7.9,6.3,19,2.4,16.6,19,1,"Guajira",2022,1,"enero","Guajira_2022_enero"
64.5442837760211,56.2051152986929,63.754298653285,62.1663625509534,58.0344431644446,38.7780911220957,40.1323541244841,16.3909125560925,42.9,136.35,80.8,7.6,5.6,59.7,17.5,42.2,17,1,"Guaviare",2022,1,"enero","Guaviare_2022_enero"
51.4084536310744,45.8271123289778,54.7747297909171,43.6167468751644,44.3095261405652,26.5461635307059,25.3993387962336,7.58683937404105,23,131.46,71.6,7.9,6.5,45.3,10.4,34.9,20,1,"Magdalena",2022,1,"enero","Magdalena_2022_enero"
35.9247237506996,31.0128035336781,32.791993421064,24.4093346199587,24.0401732004064,12.0555843559732,14.3993495766803,3.66601314811001,11.3,139.82,43.2,8.1,6.7,25.5,4.1,21.4,21,1,"Meta",2022,1,"enero","Meta_2022_enero"
46.4890251272046,42.6595924278974,49.6631575767136,36.9126546960591,34.5856073129039,21.2875652849108,20.7642409312337,1.78976061774344,17.6,133.94,71.5,7.1,5.3,37.1,7.4,29.7,22,1,"Narino",2022,1,"enero","Narino_2022_enero"
34.8263158430376,28.9602303339679,34.9115838130646,24.4790873667057,23.8804958677418,10.5534123960595,10.7079585718238,4.529739172893,18.5,144.11,52.3,8.1,6.8,25.8,2.9,22.9,23,1,"Norte De Santander",2022,1,"enero","Norte De Santander_2022_enero"
36.4394880751316,30.3871077959252,36.1217958791473,25.6356091265688,23.710812357986,14.4193384598126,12.4840009612025,1.26600470051943,20.8,131.19,71.6,7.5,5.7,24.4,3,21.4,24,1,"Putumayo",2022,1,"enero","Putumayo_2022_enero"
26.1203125406574,23.8029421622171,26.4655608236318,16.3424369849574,18.0282625058063,8.34933376384359,7.49239409627618,3.21500632069151,10,137.15,37.9,8.4,6.8,17.3,2.2,15.1,25,1,"Quindio",2022,1,"enero","Quindio_2022_enero"
24.4928392658904,23.9000992047419,25.0569187870855,17.7760262877064,20.826957834135,9.31845063396639,8.82038051558049,2.08184689510445,10,136.99,30.5,8.4,7.3,17.5,2.5,15,26,1,"Risaralda",2022,1,"enero","Risaralda_2022_enero"
30.3045358175189,28.9144036096361,29.670037201405,19.5455627477897,21.3255543102703,8.84399029983464,10.4501826604128,3.01430718106229,10.4,139.69,49.5,8.2,6.7,20.5,2.5,18,27,1,"Santander",2022,1,"enero","Santander_2022_enero"
56.8487154913192,47.6428860608773,56.4497003069692,51.3613809125217,47.7580193231505,27.3518332333405,26.7083677561687,5.00072272832814,26,128.08,78.7,8.1,5.7,47.9,10.4,37.5,28,1,"Sucre",2022,1,"enero","Sucre_2022_enero"
39.8734479780518,31.4325631360211,35.8780662833683,25.7798354288018,25.4832778869263,9.93342576319781,12.9669781083072,2.68784067903452,10.5,139.72,54,7.7,6.3,27.4,3.3,24.1,29,1,"Tolima",2022,1,"enero","Tolima_2022_enero"
33.5921975952101,32.7068146390269,36.971562962104,26.747651673618,27.9208262243317,14.6800632968262,14.7718793250544,2.92659229473267,9.7,138.63,40.6,7.9,6.7,28,4.5,23.5,30,1,"Valle Del Cauca",2022,1,"enero","Valle Del Cauca_2022_enero"
41.9684472094308,33.858399051014,42.1532844069482,40.2634398194716,34.6065407892058,22.8807702069214,25.5982332026087,13.5436173255065,47.1,131.19,66.5,7.3,6,36.5,8.7,27.8,31,1,"Vaupes",2022,1,"enero","Vaupes_2022_enero"
32.8354851146547,22.0816395609493,32.4230227345182,37.3802327754854,29.3677287102373,22.2990324538806,29.5014504540519,18.1218413143683,75.4,131.19,85.8,7.5,6.8,30.7,9.2,21.5,32,1,"Vichada",2022,1,"enero","Vichada_2022_enero"
25.8142922876437,18.357741717857,22.1858310997888,22.4887589809826,18.4394398610558,10.2903411475485,12.8630463210001,6.63570097359259,27.9,134.79,54.6,8.5,7.5,18.6,3.4,15.2,1,2,"Amazonas",2022,2,"febrero","Amazonas_2022_febrero"
28.9776494098221,25.5683459382339,30.7016529737146,21.4611691893927,21.441137629258,11.9367417019482,12.4893707278312,2.46178936625471,10.7,137.15,48.7,8.2,7.1,20.9,3.3,17.6,2,2,"Antioquia",2022,2,"febrero","Antioquia_2022_febrero"
48.0614891449274,43.6959153809369,46.9254550427781,39.4762997022012,40.2955819434759,25.6449015502785,26.776481576395,5.84975892667265,22.6,134.79,74.5,8,6.8,39.3,11,28.3,3,2,"Arauca",2022,2,"febrero","Arauca_2022_febrero"
56.4978490780716,49.4878952293017,57.2027355366446,44.3576814180444,44.5872665841871,23.224654809488,23.7941821511397,3.87259533547496,10.2,135.28,56.9,8,6.6,46.1,8.3,37.8,4,2,"Atlantico",2022,2,"febrero","Atlantico_2022_febrero"
31.569981693233,35.3777627774646,33.6430068967181,22.0437040346468,24.5413509632342,11.1792160007788,14.5120857302647,4.03804872632246,3.8,138.3,32.3,7.8,6.6,25.4,4.2,21.2,5,2,"Bogotá",2022,2,"febrero","Bogotá_2022_febrero"
42.5049370072124,33.9210045043877,38.7649350131987,30.6848294111701,31.4195081377923,16.0807238706993,16.7711517254806,6.99573133721892,19.4,135.01,66.9,8.3,7.2,32.6,5.1,27.5,6,2,"Bolivar",2022,2,"febrero","Bolivar_2022_febrero"
26.6121531749414,30.460855205261,30.2043319667642,20.2203334319548,18.3861179025281,6.15744755841422,9.76524890330191,1.94166158278374,9.6,138.13,43.4,7.5,6,20.7,2.1,18.6,7,2,"Boyaca",2022,2,"febrero","Boyaca_2022_febrero"
20.6320132412398,20.639210582967,22.8700330388478,14.7958854863737,14.5224810691609,8.35373675354621,9.37173477666165,1.66136908955309,10.5,139.2,33.4,8.4,7.3,14.6,2.5,12.1,8,2,"Caldas",2022,2,"febrero","Caldas_2022_febrero"
41.0223938049734,32.1008756597655,38.7412542846355,25.5719806810494,26.690421782507,12.0598461510258,12.4433135031199,1.7965397944437,19.6,146.2,69.1,8.1,6.5,27.2,3.2,24,9,2,"Caqueta",2022,2,"febrero","Caqueta_2022_febrero"
33.7243341219089,31.2467567083459,34.4829850096253,32.0968856587031,28.0641950858592,15.3140141149123,13.5957470639029,1.03540491978271,13.3,134.79,46.5,8.2,6.3,28.2,4.3,23.9,10,2,"Casanare",2022,2,"febrero","Casanare_2022_febrero"
33.1327285771581,28.3861757132021,32.0826249333334,19.5101074665129,21.1458351541944,10.7184601020763,10.4551679567779,2.90418701920035,18.3,149.1,58.3,7.5,5.9,22.3,2.8,19.5,11,2,"Cauca",2022,2,"febrero","Cauca_2022_febrero"
48.8438895131739,41.6095626831787,48.6495066723973,42.1030938511351,40.275087560284,25.0871891123971,23.8650911149826,3.8666673809422,19.1,137.72,70.5,7.9,6.3,41.1,9.4,31.7,12,2,"Cesar",2022,2,"febrero","Cesar_2022_febrero"
50.9383096023742,43.2835668423595,50.503864517319,43.7598815847319,41.4552672455827,25.9372918072844,29.3294158884939,9.06844377958882,36.8,134.79,83.4,7.2,6.2,43.2,10.4,32.8,13,2,"Choco",2022,2,"febrero","Choco_2022_febrero"
30.0299191806448,31.3674747844439,32.2722131105355,20.1959965623925,23.5250811629068,11.3808700129097,12.8935387340118,1.85732274229919,7.3,138.3,39.2,7.8,6.3,23,3.7,19.3,15,2,"Cordoba",2022,2,"febrero","Cordoba_2022_febrero"
50.1313537032686,41.6341790016865,45.8234208817088,39.9103654537651,37.1747693840592,21.2136694099246,25.8721411738504,8.68039650853124,26.9,136.22,83.7,7.6,6.2,38.9,8.1,30.8,14,2,"Cundinamarca",2022,2,"febrero","Cundinamarca_2022_febrero"
36.144907702119,25.0069092100609,35.2946573200561,32.1580557047778,26.3557972642502,14.3714091799124,16.5462471294085,10.860536754178,46.5,134.79,53.3,7.7,6.9,29.8,4.4,25.4,16,2,"Guainia",2022,2,"febrero","Guainia_2022_febrero"
36.9241626485134,32.4984026040034,37.2389285473141,32.3109109304632,28.6937737934056,16.8959544124406,17.5534216614547,4.10293510598284,26.9,134.79,55.9,7.8,5.9,30.4,6.2,24.2,18,2,"Huila",2022,2,"febrero","Huila_2022_febrero"
34.734543463933,27.501314138178,32.7618421717759,13.7238710897156,19.110281734912,8.3265044912796,11.422556401992,2.3583240592287,13.3,146.87,65.7,7.9,6.3,19,2.4,16.6,19,2,"Guajira",2022,2,"febrero","Guajira_2022_febrero"
67.6804379027893,58.6785195568972,67.5556706333723,62.5181332614356,59.2117114472525,38.3310439481396,40.3766387719726,15.0108226137405,42.9,138.93,80.8,7.6,5.6,59.7,17.5,42.2,17,2,"Guaviare",2022,2,"febrero","Guaviare_2022_febrero"
51.3913339189476,46.8608404522916,52.0337643426231,45.0629776852824,42.6122506425115,26.6796848732305,26.9230181546901,6.5280277695875,23,136.08,71.6,7.9,6.5,45.3,10.4,34.9,20,2,"Magdalena",2022,2,"febrero","Magdalena_2022_febrero"
36.4165035670183,32.2698500703958,34.7614686564147,24.0589414490557,25.4632253384068,11.666155221317,13.0268338950969,2.22078150562395,11.3,144.07,43.2,8.1,6.7,25.5,4.1,21.4,21,2,"Meta",2022,2,"febrero","Meta_2022_febrero"
45.2557312570188,43.4987350874926,49.6716764806851,36.0596175723418,35.1169944903657,22.0562234406886,20.5766123943147,2.98294370293887,17.6,138.08,71.5,7.1,5.3,37.1,7.4,29.7,22,2,"Narino",2022,2,"febrero","Narino_2022_febrero"
41.2075609895601,33.9198461609673,35.8847750213845,24.7695197733481,25.9100950664034,10.5633411107064,14.3415830682866,5.55842506202497,18.5,149.35,52.3,8.1,6.8,25.8,2.9,22.9,23,2,"Norte De Santander",2022,2,"febrero","Norte De Santander_2022_febrero"
33.7486498213036,30.7239329314454,35.9909344306936,25.1974724042034,23.6733809650497,12.8719402225085,12.3751532962186,1.72844913730548,20.8,134.79,71.6,7.5,5.7,24.4,3,21.4,24,2,"Putumayo",2022,2,"febrero","Putumayo_2022_febrero"
22.8893648754959,23.9024331496406,23.2547006067416,16.7445017289198,16.7764605964549,8.08415203572108,9.65783951649713,1.58272312807899,10,142.14,37.9,8.4,6.8,17.3,2.2,15.1,25,2,"Quindio",2022,2,"febrero","Quindio_2022_febrero"
24.5973405348748,23.3229131627277,25.9122710222552,16.4476401244345,17.4283327598065,8.83597347579085,9.7043080180801,2.80745997992822,10,141.72,30.5,8.4,7.3,17.5,2.5,15,26,2,"Risaralda",2022,2,"febrero","Risaralda_2022_febrero"
30.4040784578035,28.4270619871843,29.5770922509022,18.9653836808265,19.5383505767878,9.27115996111067,11.4011200677804,3.45961050766026,10.4,144.61,49.5,8.2,6.7,20.5,2.5,18,27,2,"Santander",2022,2,"febrero","Santander_2022_febrero"
59.0572665868202,50.4326321550194,59.1532751757311,48.5906349498854,46.1550504803541,28.6560829956616,28.1271687970264,5.56989682697246,26,131.32,78.7,8.1,5.7,47.9,10.4,37.5,28,2,"Sucre",2022,2,"febrero","Sucre_2022_febrero"
39.4552949038997,32.6507329458743,37.8556570459297,25.7678346766708,26.1424902736106,11.4701833035313,12.3491199898534,1.46310788964322,10.5,144.22,54,7.7,6.3,27.4,3.3,24.1,29,2,"Tolima",2022,2,"febrero","Tolima_2022_febrero"
32.8474867200256,31.4901205469503,35.5154154259595,30.1058713013021,28.1775372242061,14.975670763068,16.0344790168899,1.80798633693482,9.7,144,40.6,7.9,6.7,28,4.5,23.5,30,2,"Valle Del Cauca",2022,2,"febrero","Valle Del Cauca_2022_febrero"
41.6945705507104,32.9103721401101,41.9770163470505,40.5405823855714,33.8780934749813,22.6752062945709,25.8703801952644,8.94161858508109,47.1,134.79,66.5,7.3,6,36.5,8.7,27.8,31,2,"Vaupes",2022,2,"febrero","Vaupes_2022_febrero"
29.7930361624225,23.4176555821959,31.2867121362327,35.0372650290984,28.9581887904392,22.2429925467908,27.6488175936911,20.2364975371505,75.4,134.79,85.8,7.5,6.8,30.7,9.2,21.5,32,2,"Vichada",2022,2,"febrero","Vichada_2022_febrero"
28.0683413890268,20.3252929560188,25.3779118238562,18.9381539156611,17.9223665993888,9.36934442780884,11.3774114577104,6.91434065539861,27.9,137.87,54.6,8.5,7.5,18.6,3.4,15.2,1,3,"Amazonas",2022,3,"marzo","Amazonas_2022_marzo"
28.8278895323437,27.1004742056434,30.1038758288381,20.9384308939236,20.1903645486917,11.3977071617773,12.5566961695861,3.05735839854481,10.7,141.62,48.7,8.2,7.1,20.9,3.3,17.6,2,3,"Antioquia",2022,3,"marzo","Antioquia_2022_marzo"
47.676436752652,40.4215078449458,46.3485806025808,40.6707049124708,39.8063476172234,26.3022551651232,25.4837522086214,5.49861168551401,22.6,137.87,74.5,8,6.8,39.3,11,28.3,3,3,"Arauca",2022,3,"marzo","Arauca_2022_marzo"
61.3549123661127,51.1961389578591,56.8385884761897,46.0026835213907,44.5104896712234,23.1728219513566,24.6513308667314,3.88423209927857,10.2,139.19,56.9,8,6.6,46.1,8.3,37.8,4,3,"Atlantico",2022,3,"marzo","Atlantico_2022_marzo"
32.0113616400977,32.0375612214754,33.012273979765,24.582423862414,24.0824270611798,12.8989369964298,14.3050932373254,2.94176586711583,3.8,142.05,32.3,7.8,6.6,25.4,4.2,21.2,5,3,"Bogotá",2022,3,"marzo","Bogotá_2022_marzo"
43.3150207868634,33.3311130918168,40.8693232140762,31.1392853421769,31.8602495054908,17.0294905834741,16.4900163027425,5.99133193329085,19.4,138.7,66.9,8.3,7.2,32.6,5.1,27.5,6,3,"Bolivar",2022,3,"marzo","Bolivar_2022_marzo"
29.3932324128713,30.5546850536449,32.8701444602237,18.6113287061578,19.1926639557484,8.24085839469302,9.26078218126897,1.52073956363069,9.6,142.02,43.4,7.5,6,20.7,2.1,18.6,7,3,"Boyaca",2022,3,"marzo","Boyaca_2022_marzo"
22.188909632208,22.1051573085138,22.8684151409518,14.2993436982231,17.034669110583,8.51876615866615,8.5221471621111,2.80783812252793,10.5,142.68,33.4,8.4,7.3,14.6,2.5,12.1,8,3,"Caldas",2022,3,"marzo","Caldas_2022_marzo"
44.2710681217475,32.3030468161352,38.5577541268118,24.952731475222,26.9851638949074,11.6029215704126,14.2530484152959,3.42609034349855,19.6,150.16,69.1,8.1,6.5,27.2,3.2,24,9,3,"Caqueta",2022,3,"marzo","Caqueta_2022_marzo"
35.8964910607204,34.4085935073139,38.4705537316509,29.6326389759972,27.3972269979315,15.4644104695255,15.7157609749362,2.86592517121614,13.3,137.87,46.5,8.2,6.3,28.2,4.3,23.9,10,3,"Casanare",2022,3,"marzo","Casanare_2022_marzo"
35.4532148590756,31.8788414792061,31.7191843665309,16.5978536456395,21.3904189158822,7.20990436855339,11.630758978291,5.60680038080744,18.3,152.88,58.3,7.5,5.9,22.3,2.8,19.5,11,3,"Cauca",2022,3,"marzo","Cauca_2022_marzo"
51.7685176458442,45.2351843513478,48.9881791366762,40.2242761320835,40.243801947655,21.725767301815,23.7233298133123,6.38297029552449,19.1,141.68,70.5,7.9,6.3,41.1,9.4,31.7,12,3,"Cesar",2022,3,"marzo","Cesar_2022_marzo"
50.94801755845,40.7149604240747,49.8367528623848,43.8676582052784,40.1133934198752,26.8628300759218,27.6668299244386,9.0765198813142,36.8,137.87,83.4,7.2,6.2,43.2,10.4,32.8,13,3,"Choco",2022,3,"marzo","Choco_2022_marzo"
29.8555139214663,31.4400511061699,32.4594754465278,20.442704555114,21.0845923309919,10.0191051416661,11.6856603606134,2.29565927393433,7.3,142.05,39.2,7.8,6.3,23,3.7,19.3,15,3,"Cordoba",2022,3,"marzo","Cordoba_2022_marzo"
53.6468517157574,41.9505920055114,52.8380847044815,37.4140596208532,38.3722870229773,23.3343734442733,22.4515045057931,5.8775988636611,26.9,139.8,83.7,7.6,6.2,38.9,8.1,30.8,14,3,"Cundinamarca",2022,3,"marzo","Cundinamarca_2022_marzo"
38.9829654359121,28.083936858333,34.315681864886,32.2131877222284,26.4437568691994,11.5988734486378,19.1951956537369,11.9658980958211,46.5,137.87,53.3,7.7,6.9,29.8,4.4,25.4,16,3,"Guainia",2022,3,"marzo","Guainia_2022_marzo"
36.7893382809962,33.6855460528092,38.8634975502132,32.6998739126744,30.017960211331,18.0768957552864,17.66976915339,2.72650955503479,26.9,137.87,55.9,7.8,5.9,30.4,6.2,24.2,18,3,"Huila",2022,3,"marzo","Huila_2022_marzo"
29.9968221667386,29.0403340670432,31.8849453225961,13.0624231833493,18.5182259474686,9.66228270320313,8.07597093121581,2.12815507733681,13.3,151.74,65.7,7.9,6.3,19,2.4,16.6,19,3,"Guajira",2022,3,"marzo","Guajira_2022_marzo"
69.7443988812053,59.1915428959161,65.6216324246403,61.4848600320147,58.5402279727911,37.0393677392981,40.581457951396,15.3404720318664,42.9,143.11,80.8,7.6,5.6,59.7,17.5,42.2,17,3,"Guaviare",2022,3,"marzo","Guaviare_2022_marzo"
53.6073622426126,44.5123818368887,52.8814770807764,44.2800339447769,42.8681807295779,27.2699724030228,26.1967929169636,5.99025517520062,23,140.15,71.6,7.9,6.5,45.3,10.4,34.9,20,3,"Magdalena",2022,3,"marzo","Magdalena_2022_marzo"
33.7992147567396,31.6710443577106,34.7967138575393,23.9477448841888,26.1757881070443,12.4148979968513,12.9631216944983,3.3353054459744,11.3,148.57,43.2,8.1,6.7,25.5,4.1,21.4,21,3,"Meta",2022,3,"marzo","Meta_2022_marzo"
44.8840366292165,45.3211575399558,50.2716244481496,34.83309854657,35.4958497237481,21.1134504273774,21.7171320658277,2.60437710014214,17.6,140.99,71.5,7.1,5.3,37.1,7.4,29.7,22,3,"Narino",2022,3,"marzo","Narino_2022_marzo"
40.8649855108555,31.0048001294651,37.8187435954482,21.8387188256247,23.2781487160759,10.9565245875018,12.5586531341764,4.03759850516016,18.5,153.39,52.3,8.1,6.8,25.8,2.9,22.9,23,3,"Norte De Santander",2022,3,"marzo","Norte De Santander_2022_marzo"
34.301932386057,34.0940607952784,35.5832339239654,22.8717639010309,24.160245082024,11.8214196102033,13.4114432387645,2.71734177192607,20.8,137.87,71.6,7.5,5.7,24.4,3,21.4,24,3,"Putumayo",2022,3,"marzo","Putumayo_2022_marzo"
27.1750307830886,23.9672474285767,26.9174527738176,14.7602909521074,16.793591378093,8.25080870519161,9.05499018533116,2.59581289904859,10,146.02,37.9,8.4,6.8,17.3,2.2,15.1,25,3,"Quindio",2022,3,"marzo","Quindio_2022_marzo"
27.4147891819911,26.6956296466194,27.2304008771752,16.4289719106633,18.5912612421791,9.29281533035761,10.4955285489515,4.4112777591479,10,144.85,30.5,8.4,7.3,17.5,2.5,15,26,3,"Risaralda",2022,3,"marzo","Risaralda_2022_marzo"
28.2601350358417,27.1616411830884,29.8873190370308,17.0141562279836,21.3346782001572,9.18301941821143,10.621071831617,2.40069112697937,10.4,148.26,49.5,8.2,6.7,20.5,2.5,18,27,3,"Santander",2022,3,"marzo","Santander_2022_marzo"
61.5889677887237,51.4433165407682,60.6277764621445,47.8351239736018,46.7584358298498,27.7178963951742,24.1999412899504,5.29237354779919,26,134.23,78.7,8.1,5.7,47.9,10.4,37.5,28,3,"Sucre",2022,3,"marzo","Sucre_2022_marzo"
41.6070603625198,34.9827345517731,39.301212189613,23.8058106887707,26.1238497936975,11.534658473617,14.1267269335855,3.84596349880085,10.5,148.52,54,7.7,6.3,27.4,3.3,24.1,29,3,"Tolima",2022,3,"marzo","Tolima_2022_marzo"
39.4238632734205,33.7630412565292,36.7622539243859,27.2958543950339,26.4438889874821,11.7415966013072,15.7236050633824,4.1009710297965,9.7,148.86,40.6,7.9,6.7,28,4.5,23.5,30,3,"Valle Del Cauca",2022,3,"marzo","Valle Del Cauca_2022_marzo"
42.0733878451358,33.3864982581529,39.9196390144301,40.5375294875285,34.1308216789767,19.2328025188175,25.1330193105849,10.2961669782631,47.1,137.87,66.5,7.3,6,36.5,8.7,27.8,31,3,"Vaupes",2022,3,"marzo","Vaupes_2022_marzo"
32.2008039874159,21.8556746116522,32.1387723366641,33.983698623443,27.7616986946859,22.004267442943,26.8936059582253,20.1900668043499,75.4,137.87,85.8,7.5,6.8,30.7,9.2,21.5,32,3,"Vichada",2022,3,"marzo","Vichada_2022_marzo"
25.8286346071296,18.2489492900696,23.7105924223892,19.5433359277974,18.0536002136647,12.1164419916682,11.8281706248977,5.54062348599877,27.9,141.47,54.6,8.5,7.5,18.6,3.4,15.2,1,4,"Amazonas",2022,4,"abril","Amazonas_2022_abril"
31.5816517317798,27.5243901804036,29.4679103068237,20.3475146401718,20.356442918249,10.7954546702039,12.1492886254145,1.70799431276902,10.7,145.44,48.7,8.2,7.1,20.9,3.3,17.6,2,4,"Antioquia",2022,4,"abril","Antioquia_2022_abril"
47.7236911883818,38.5319715145726,46.4904996467882,40.9281238690485,39.3584697747495,26.11493054533,26.3686977506775,6.09016989158718,22.6,141.47,74.5,8,6.8,39.3,11,28.3,3,4,"Arauca",2022,4,"abril","Arauca_2022_abril"
56.4738955995916,47.2570709084584,56.9794131218266,44.0373179906862,43.2118622663439,24.4106210796328,22.7036123732873,2.97052447776354,10.2,142.94,56.9,8,6.6,46.1,8.3,37.8,4,4,"Atlantico",2022,4,"abril","Atlantico_2022_abril"
30.9545655971124,34.572322102219,33.3362000473551,24.3642353493669,24.8121132368468,11.4265476576015,13.8124355360421,1.22216634335906,3.8,146.05,32.3,7.8,6.6,25.4,4.2,21.2,5,4,"Bogotá",2022,4,"abril","Bogotá_2022_abril"
45.3606697989988,33.5217117490872,39.788905904074,31.4782431397252,30.8377985681389,15.5725383808258,17.963051920321,3.63500807272927,19.4,142.42,66.9,8.3,7.2,32.6,5.1,27.5,6,4,"Bolivar",2022,4,"abril","Bolivar_2022_abril"
27.8132664168894,29.1256753043229,32.5706948341163,18.2258157636294,21.2754130441994,9.13088311073884,9.05707474654984,1.24092246001813,9.6,145.32,43.4,7.5,6,20.7,2.1,18.6,7,4,"Boyaca",2022,4,"abril","Boyaca_2022_abril"
21.5056790895176,20.134039681703,20.9291343610301,15.4508410214898,16.2864750189208,6.58111620029017,8.02861282195264,3.00050609814076,10.5,147.03,33.4,8.4,7.3,14.6,2.5,12.1,8,4,"Caldas",2022,4,"abril","Caldas_2022_abril"
41.3865837279714,32.6261501555564,37.9712242583344,23.4638120273512,25.9883987266065,12.5417888807417,12.0522563172308,2.43908010491642,19.6,153.31,69.1,8.1,6.5,27.2,3.2,24,9,4,"Caqueta",2022,4,"abril","Caqueta_2022_abril"
36.6384295197537,32.1524310197341,38.214854012935,29.3194490263674,27.5577990955815,14.7249289227985,13.6979029183867,1.32655688246563,13.3,141.47,46.5,8.2,6.3,28.2,4.3,23.9,10,4,"Casanare",2022,4,"abril","Casanare_2022_abril"
31.6810557472057,31.2685885933318,34.2268947414214,17.507188834682,21.9860033801388,9.28428046760204,10.5495008797329,3.71160064710976,18.3,156.76,58.3,7.5,5.9,22.3,2.8,19.5,11,4,"Cauca",2022,4,"abril","Cauca_2022_abril"
50.7689354820446,43.7450555939967,47.2652611447486,41.4994294087758,38.9073360234513,24.545593415287,24.2689992946998,6.55308752176666,19.1,145.79,70.5,7.9,6.3,41.1,9.4,31.7,12,4,"Cesar",2022,4,"abril","Cesar_2022_abril"
55.040043448714,42.1764256323924,50.5260397501009,42.3250816540486,41.1102348182618,24.5354651489427,28.0793071043392,10.332510029506,36.8,141.47,83.4,7.2,6.2,43.2,10.4,32.8,13,4,"Choco",2022,4,"abril","Choco_2022_abril"
30.5623746243876,33.6084208957552,30.5579918334958,21.8916106950873,22.8842492826597,11.162601185992,13.1529052104231,2.23938076455533,7.3,146.05,39.2,7.8,6.3,23,3.7,19.3,15,4,"Cordoba",2022,4,"abril","Cordoba_2022_abril"
49.7230817832316,42.0524522967571,47.7070965184201,36.2984221004667,37.7599461133468,22.0163497136687,23.2076184160558,6.58444076511661,26.9,143.84,83.7,7.6,6.2,38.9,8.1,30.8,14,4,"Cundinamarca",2022,4,"abril","Cundinamarca_2022_abril"
38.9435336191638,26.7241502026187,35.8791349713069,30.6628837318492,26.4134548433116,13.8226708389765,17.5488380674507,11.7282057265017,46.5,141.47,53.3,7.7,6.9,29.8,4.4,25.4,16,4,"Guainia",2022,4,"abril","Guainia_2022_abril"
35.8373063487848,34.0598415913057,38.4026512070004,31.582727799317,28.7411954438145,18.2540734145988,19.2247773597426,4.11634846113906,26.9,141.47,55.9,7.8,5.9,30.4,6.2,24.2,18,4,"Huila",2022,4,"abril","Huila_2022_abril"
33.7854760278039,27.8313811870002,31.5903445241368,14.4058637630343,20.5102324820886,8.85441487910064,8.60550387818063,1.36601774490733,13.3,156.93,65.7,7.9,6.3,19,2.4,16.6,19,4,"Guajira",2022,4,"abril","Guajira_2022_abril"
68.4120719056544,57.7279119297672,65.9798595138881,60.2565115437644,55.7261966010072,36.865318972543,39.0060337527237,14.0684686513019,42.9,147.69,80.8,7.6,5.6,59.7,17.5,42.2,17,4,"Guaviare",2022,4,"abril","Guaviare_2022_abril"
53.3393231338152,45.5990227917265,55.18092582475,43.0486160964599,43.9515875594435,27.6930145410149,25.349817790275,6.96083616540257,23,143.59,71.6,7.9,6.5,45.3,10.4,34.9,20,4,"Magdalena",2022,4,"abril","Magdalena_2022_abril"
33.7878926683021,32.3061100130442,34.5265329622429,26.0472755589625,26.3115933253582,12.5394396192431,14.829696253021,1.33913930980018,11.3,153.15,43.2,8.1,6.7,25.5,4.1,21.4,21,4,"Meta",2022,4,"abril","Meta_2022_abril"
48.4576408843109,44.5595024851555,50.2544981718862,33.750646094125,36.555836273304,21.4789244896706,20.3638294845983,3.47842460530397,17.6,144.86,71.5,7.1,5.3,37.1,7.4,29.7,22,4,"Narino",2022,4,"abril","Narino_2022_abril"
40.2651148757573,31.5915038963161,34.1247459242957,20.240730506839,23.6669903149062,9.15025770692272,11.580173128515,6.39195120557601,18.5,157.05,52.3,8.1,6.8,25.8,2.9,22.9,23,4,"Norte De Santander",2022,4,"abril","Norte De Santander_2022_abril"
34.3088120541457,33.1495712898459,37.2446271524488,21.5211488093657,24.189613527656,13.2417034226418,11.9954706715708,1.29805868994141,20.8,141.47,71.6,7.5,5.7,24.4,3,21.4,24,4,"Putumayo",2022,4,"abril","Putumayo_2022_abril"
26.1610910969738,25.6471902905963,25.4336205984659,14.5589686470063,17.6338428596688,5.43257135797282,8.07268615662431,2.48128832336799,10,149.44,37.9,8.4,6.8,17.3,2.2,15.1,25,4,"Quindio",2022,4,"abril","Quindio_2022_abril"
26.2964862349774,26.0074276620693,24.7639058768364,17.2337331772729,17.0693032584649,8.4411123914827,10.033226257534,1.98295450188532,10,147.74,30.5,8.4,7.3,17.5,2.5,15,26,4,"Risaralda",2022,4,"abril","Risaralda_2022_abril"
33.2329608069864,27.3521878848809,29.2565032183212,18.7302498630475,20.9084222997002,9.13240349285734,10.7097387037629,3.03533236608888,10.4,152.31,49.5,8.2,6.7,20.5,2.5,18,27,4,"Santander",2022,4,"abril","Santander_2022_abril"
64.2521981888414,50.6030264762561,58.6753179447455,48.5475293413563,47.1146415240227,26.4293967313431,25.713812196907,7.36435716955445,26,138.96,78.7,8.1,5.7,47.9,10.4,37.5,28,4,"Sucre",2022,4,"abril","Sucre_2022_abril"
40.1519896404753,36.3934517752142,38.9066390249162,20.9375471962792,26.9724246093828,11.1090552903126,12.5904723466855,3.82903586407404,10.5,153.62,54,7.7,6.3,27.4,3.3,24.1,29,4,"Tolima",2022,4,"abril","Tolima_2022_abril"
39.1241435368927,34.8730155084999,36.358266470841,27.8284744808873,28.5216066831881,11.5655100518528,14.9225132572017,2.41570851772708,9.7,153.01,40.6,7.9,6.7,28,4.5,23.5,30,4,"Valle Del Cauca",2022,4,"abril","Valle Del Cauca_2022_abril"
42.3165970077533,35.5080963489339,44.9214813469649,36.3236365818088,34.1523968011879,21.5528979346659,24.8990855410069,12.0335598694848,47.1,141.47,66.5,7.3,6,36.5,8.7,27.8,31,4,"Vaupes",2022,4,"abril","Vaupes_2022_abril"
33.3105467101823,23.7759377378777,31.5157805117704,34.117312191805,30.2527611655537,21.4246486400905,27.7658296485385,21.2311752629742,75.4,141.47,85.8,7.5,6.8,30.7,9.2,21.5,32,4,"Vichada",2022,4,"abril","Vichada_2022_abril"
27.9273797752975,19.477833625176,22.8608897940928,19.6031110307353,18.8501043564893,9.74942657847401,11.8497379219387,5.78806044063028,27.9,143.93,54.6,8.5,7.5,18.6,3.4,15.2,1,5,"Amazonas",2022,5,"mayo","Amazonas_2022_mayo"
30.0304497496159,28.9130075573557,30.6205301405217,20.3170962542344,21.5062849659963,10.9715118244175,12.3399554284549,2.2390170439746,10.7,147.29,48.7,8.2,7.1,20.9,3.3,17.6,2,5,"Antioquia",2022,5,"mayo","Antioquia_2022_mayo"
48.7353420048377,41.0772170503218,47.7919657743078,38.0206922499114,38.2305781783668,25.2292438490949,24.4102220851741,4.41892537716519,22.6,143.93,74.5,8,6.8,39.3,11,28.3,3,5,"Arauca",2022,5,"mayo","Arauca_2022_mayo"
58.5784175458286,50.9763147785069,56.3962100743777,41.9220014019262,43.8318598458013,23.3238355612614,25.0173427035648,5.60227798002459,10.2,145.81,56.9,8,6.6,46.1,8.3,37.8,4,5,"Atlantico",2022,5,"mayo","Atlantico_2022_mayo"
32.0954800506422,34.4644477600353,33.1797499280219,22.6581706322232,24.0089528832225,10.6494857769952,12.8061594313542,2.03810855942293,3.8,148.72,32.3,7.8,6.6,25.4,4.2,21.2,5,5,"Bogotá",2022,5,"mayo","Bogotá_2022_mayo"
47.9669188529716,34.4142665954699,42.4779375895445,31.0630249216969,31.902036445257,15.9050564380345,17.7449908919548,3.92371580005218,19.4,145.55,66.9,8.3,7.2,32.6,5.1,27.5,6,5,"Bolivar",2022,5,"mayo","Bolivar_2022_mayo"
29.4968438472923,30.3321576446519,31.5167064108665,17.4085548105544,19.4137155799215,8.26837380409542,11.1411302707163,1.3656833109772,9.6,148.05,43.4,7.5,6,20.7,2.1,18.6,7,5,"Boyaca",2022,5,"mayo","Boyaca_2022_mayo"
24.2189594326885,21.3414435927276,20.863718564644,13.7761515112907,15.330590495211,8.30975698719205,9.09546930371373,2.13446695198559,10.5,149.27,33.4,8.4,7.3,14.6,2.5,12.1,8,5,"Caldas",2022,5,"mayo","Caldas_2022_mayo"
43.717774916674,32.3308060946391,37.4568043739409,23.8194583798107,25.3518458470505,10.462418399208,13.6887830757917,6.08816071573798,19.6,155.36,69.1,8.1,6.5,27.2,3.2,24,9,5,"Caqueta",2022,5,"mayo","Caqueta_2022_mayo"
38.9397419615984,35.3768844255909,38.768581193732,27.4338879829937,28.6572244462938,13.6317144807751,13.2895303067237,2.36038053721702,13.3,143.93,46.5,8.2,6.3,28.2,4.3,23.9,10,5,"Casanare",2022,5,"mayo","Casanare_2022_mayo"
37.1141796564094,29.0700978991561,34.2906125361729,18.4151927644356,20.883736345118,9.99017607425595,12.4683529606204,4.19067539731575,18.3,158.41,58.3,7.5,5.9,22.3,2.8,19.5,11,5,"Cauca",2022,5,"mayo","Cauca_2022_mayo"
50.8124940826101,41.2805812167265,49.0426226708233,40.3058723060593,39.2269264325851,25.3552692665437,24.3574957861526,6.14729343144766,19.1,146.52,70.5,7.9,6.3,41.1,9.4,31.7,12,5,"Cesar",2022,5,"mayo","Cesar_2022_mayo"
53.6873392377104,42.3293777520355,49.0816364738766,41.5253499777277,40.3893234808661,22.8856780377806,27.5232558862405,11.3898565023407,36.8,143.93,83.4,7.2,6.2,43.2,10.4,32.8,13,5,"Choco",2022,5,"mayo","Choco_2022_mayo"
32.8814019233534,32.8428399711757,33.6055609284541,19.4751662041883,22.3748105334719,10.7246118720807,12.1457397525951,2.92120048487357,7.3,148.72,39.2,7.8,6.3,23,3.7,19.3,15,5,"Cordoba",2022,5,"mayo","Cordoba_2022_mayo"
52.513710025505,40.9221305155754,48.5756992668691,38.2449423930278,38.283171492476,21.2761252071666,24.0015644025376,6.71198950639848,26.9,146.66,83.7,7.6,6.2,38.9,8.1,30.8,14,5,"Cundinamarca",2022,5,"mayo","Cundinamarca_2022_mayo"
36.6651590158108,25.9672257087184,35.773039780635,30.2956987128161,26.0445549936832,15.1893707448588,17.4735892788189,12.1112505727318,46.5,143.93,53.3,7.7,6.9,29.8,4.4,25.4,16,5,"Guainia",2022,5,"mayo","Guainia_2022_mayo"
37.0981170641356,36.2887792060262,39.2695010573949,30.9278315650266,30.7391162717604,16.783713187566,19.347552662551,3.90942803520608,26.9,143.93,55.9,7.8,5.9,30.4,6.2,24.2,18,5,"Huila",2022,5,"mayo","Huila_2022_mayo"
36.9284896021743,29.1026603929513,29.6196331091059,13.1002472016835,19.4444850615531,6.63239613551697,9.73046586173332,3.61146393847954,13.3,157.48,65.7,7.9,6.3,19,2.4,16.6,19,5,"Guajira",2022,5,"mayo","Guajira_2022_mayo"
65.7943023345385,58.9729940589056,64.5993444186956,60.4242589017699,57.6648486953169,36.9172432064461,41.7139169910361,16.4271772390848,42.9,149.49,80.8,7.6,5.6,59.7,17.5,42.2,17,5,"Guaviare",2022,5,"mayo","Guaviare_2022_mayo"
56.7318405376457,45.6243055655777,54.4750563648839,44.866480797178,44.909069427755,26.7149752406342,26.5129569768379,7.69288776433159,23,146.37,71.6,7.9,6.5,45.3,10.4,34.9,20,5,"Magdalena",2022,5,"mayo","Magdalena_2022_mayo"
36.3528213170181,31.5508287480676,36.7089917394966,20.6356804994886,25.0850600685221,12.6438811424867,13.8974008439293,2.39799927807234,11.3,155.05,43.2,8.1,6.7,25.5,4.1,21.4,21,5,"Meta",2022,5,"mayo","Meta_2022_mayo"
48.7927039914559,44.7624183793718,48.8934235991459,34.2729861409669,36.0525834046759,19.599637923053,21.3024212301078,3.11767617150027,17.6,147.15,71.5,7.1,5.3,37.1,7.4,29.7,22,5,"Narino",2022,5,"mayo","Narino_2022_mayo"
39.6086017388471,30.3096921002399,34.8789205385457,21.5492144086539,23.094738457253,8.36929761123421,11.4068179192639,3.62215262830781,18.5,157.97,52.3,8.1,6.8,25.8,2.9,22.9,23,5,"Norte De Santander",2022,5,"mayo","Norte De Santander_2022_mayo"
36.5642475867474,33.0690762251965,34.9378737847792,22.3315732384492,22.8141875925829,9.50811033425019,12.8423471846325,1.41431855428208,20.8,143.93,71.6,7.5,5.7,24.4,3,21.4,24,5,"Putumayo",2022,5,"mayo","Putumayo_2022_mayo"
25.6441079994873,27.4116309678748,29.6195713645336,12.9609766268208,17.8369221872458,7.72991189458437,8.48880063981477,2.64136451871247,10,151.28,37.9,8.4,6.8,17.3,2.2,15.1,25,5,"Quindio",2022,5,"mayo","Quindio_2022_mayo"
25.950463398252,25.0559978110665,23.4858109521102,16.0445265228161,16.8200028420739,6.82177341306589,9.16439495128517,4.88019800865258,10,151.02,30.5,8.4,7.3,17.5,2.5,15,26,5,"Risaralda",2022,5,"mayo","Risaralda_2022_mayo"
29.6271077885524,26.7227196291646,27.5958466734153,18.033528135639,20.2542273360733,8.01409558153866,10.8735368908733,2.69382062523927,10.4,153.8,49.5,8.2,6.7,20.5,2.5,18,27,5,"Santander",2022,5,"mayo","Santander_2022_mayo"
60.9758765829695,51.0170361141992,60.1164534645295,46.6189883773525,45.79529182241,26.5253277136471,25.3448450950685,5.1547988290109,26,141.9,78.7,8.1,5.7,47.9,10.4,37.5,28,5,"Sucre",2022,5,"mayo","Sucre_2022_mayo"
44.2736797358778,35.0093068003698,38.5224959795653,23.4775833645413,26.0952017107568,10.4507519002621,12.0065634120656,3.26812021902752,10.5,154.28,54,7.7,6.3,27.4,3.3,24.1,29,5,"Tolima",2022,5,"mayo","Tolima_2022_mayo"
36.4962579608466,31.387175734106,35.4460590906616,27.6384857879553,26.5142736839198,13.9378110725776,14.7402565047622,3.17972972529263,9.7,155.17,40.6,7.9,6.7,28,4.5,23.5,30,5,"Valle Del Cauca",2022,5,"mayo","Valle Del Cauca_2022_mayo"
40.2021848595436,34.2929809321333,41.3553070179701,37.4407841634905,34.3339096709121,21.4062548475788,25.2045492129417,13.4016872311367,47.1,143.93,66.5,7.3,6,36.5,8.7,27.8,31,5,"Vaupes",2022,5,"mayo","Vaupes_2022_mayo"
34.8589663497505,23.874477009135,32.2064885618655,31.8373238294498,29.3376707495207,21.3331438210725,26.1053412151801,22.9584245328208,75.4,143.93,85.8,7.5,6.8,30.7,9.2,21.5,32,5,"Vichada",2022,5,"mayo","Vichada_2022_mayo"
30.2031417769842,22.8255396242101,25.5106247939441,18.6752448783122,18.0690021029963,10.2776913548998,13.4953558336096,7.31578072231136,27.9,144.88,54.6,8.5,7.5,18.6,3.4,15.2,1,6,"Amazonas",2022,6,"junio","Amazonas_2022_junio"
30.1588262816717,25.3037472959078,29.9464517458924,19.8288057886828,20.7644715290441,10.871263682794,10.5651730374523,2.08390701328337,10.7,149.41,48.7,8.2,7.1,20.9,3.3,17.6,2,6,"Antioquia",2022,6,"junio","Antioquia_2022_junio"
47.4941012325428,41.614772707145,45.536499301576,38.6936336952041,39.521807958021,24.6422954237998,26.7314540542185,9.33027604704646,22.6,144.88,74.5,8,6.8,39.3,11,28.3,3,6,"Arauca",2022,6,"junio","Arauca_2022_junio"
58.463950090356,49.4317490758088,56.0625802343651,43.3912792058134,43.8917710903933,22.4675732887965,22.8676256493499,6.1963978416882,10.2,146.13,56.9,8,6.6,46.1,8.3,37.8,4,6,"Atlantico",2022,6,"junio","Atlantico_2022_junio"
31.5873357427689,33.8126486575562,35.9440317800858,22.5529968165236,25.0741467055692,13.1008903659095,14.1337422215426,1.60856234006113,3.8,149.5,32.3,7.8,6.6,25.4,4.2,21.2,5,6,"Bogotá",2022,6,"junio","Bogotá_2022_junio"
50.1627792951854,36.3027593206619,42.3081045701443,29.547286687938,31.8935650926411,14.3548291032319,16.9672211948277,6.68752711434074,19.4,146.57,66.9,8.3,7.2,32.6,5.1,27.5,6,6,"Bolivar",2022,6,"junio","Bolivar_2022_junio"
31.8427247054829,29.6894484107376,32.04485054654,16.6659861594933,18.9927624370907,8.29111990631558,9.33572252480457,3.17066399024199,9.6,149.46,43.4,7.5,6,20.7,2.1,18.6,7,6,"Boyaca",2022,6,"junio","Boyaca_2022_junio"
17.95550241112,18.2488820738138,22.3199429575399,14.4893128885362,14.9332490973758,8.9162575647205,9.06204635724448,2.23942080592641,10.5,150.04,33.4,8.4,7.3,14.6,2.5,12.1,8,6,"Caldas",2022,6,"junio","Caldas_2022_junio"
44.5585891881015,31.9115004002035,38.287403126687,24.4290922692994,26.5764036884179,12.5427550243021,12.7341363310387,2.90370481315956,19.6,155.54,69.1,8.1,6.5,27.2,3.2,24,9,6,"Caqueta",2022,6,"junio","Caqueta_2022_junio"
33.7547072335582,35.3644312654086,37.3332695889828,27.4113468419866,27.5104225688785,13.3118307745609,13.212393564046,1.48140282944997,13.3,144.88,46.5,8.2,6.3,28.2,4.3,23.9,10,6,"Casanare",2022,6,"junio","Casanare_2022_junio"
35.3130319972552,30.5370882913934,33.5078831455461,16.9573384447463,22.2133371650622,8.56697095218376,10.6868536048869,3.56629605133373,18.3,159.97,58.3,7.5,5.9,22.3,2.8,19.5,11,6,"Cauca",2022,6,"junio","Cauca_2022_junio"
54.804101941508,44.0793446529124,51.0942139384758,38.5363061303346,40.094629968213,23.716051442877,23.5997438111074,6.58298962017869,19.1,146.52,70.5,7.9,6.3,41.1,9.4,31.7,12,6,"Cesar",2022,6,"junio","Cesar_2022_junio"
54.0238249480396,41.9424101702611,52.9456469551457,42.8186084371575,39.5778384525763,26.2108460659346,29.6485065147743,9.95403726238779,36.8,144.88,83.4,7.2,6.2,43.2,10.4,32.8,13,6,"Choco",2022,6,"junio","Choco_2022_junio"
30.1384108258152,32.1244784305409,31.9202410023254,18.1778472684718,21.8867712110652,11.2225425810763,11.0298089634124,2.711354667727,7.3,149.5,39.2,7.8,6.3,23,3.7,19.3,15,6,"Cordoba",2022,6,"junio","Cordoba_2022_junio"
52.6835954728096,40.6109710088428,51.8556751152442,37.8890463183914,38.9919309010496,22.4027875896472,24.4077662633149,5.93525144810426,26.9,148.07,83.7,7.6,6.2,38.9,8.1,30.8,14,6,"Cundinamarca",2022,6,"junio","Cundinamarca_2022_junio"
37.0407679426026,26.792734552403,34.5507619746781,31.1491132595752,25.8757345376177,12.5608813109775,19.2963690423301,13.0903116213156,46.5,144.88,53.3,7.7,6.9,29.8,4.4,25.4,16,6,"Guainia",2022,6,"junio","Guainia_2022_junio"
41.1629262622895,35.2150804004185,38.8073973838823,32.5780267252827,29.2156267806441,16.8997888424291,18.2347521913852,3.37333889092477,26.9,144.88,55.9,7.8,5.9,30.4,6.2,24.2,18,6,"Huila",2022,6,"junio","Huila_2022_junio"
37.134310005773,28.556193191875,30.9210632632297,15.1147164688561,17.8389273739015,8.27341356293013,9.16256628946939,2.74935671643529,13.3,158.75,65.7,7.9,6.3,19,2.4,16.6,19,6,"Guajira",2022,6,"junio","Guajira_2022_junio"
68.7428500182236,58.1646342973732,66.6433158254778,59.5660693564747,56.9653293678959,36.3293904818704,38.0738649390152,14.7034509015871,42.9,147.94,80.8,7.6,5.6,59.7,17.5,42.2,17,6,"Guaviare",2022,6,"junio","Guaviare_2022_junio"
57.7049513848049,46.9038396521823,51.7595289783874,45.8259997005172,43.0945967774452,24.6521807732814,28.5578887292128,8.51199215207823,23,146.17,71.6,7.9,6.5,45.3,10.4,34.9,20,6,"Magdalena",2022,6,"junio","Magdalena_2022_junio"
38.0413139726145,32.9742579291729,36.1536689479793,23.7709703973617,25.1271148844811,9.07126404306985,12.7435216219742,2.13517486534946,11.3,154.78,43.2,8.1,6.7,25.5,4.1,21.4,21,6,"Meta",2022,6,"junio","Meta_2022_junio"
47.1848371491144,44.3875891757387,48.6921949115087,34.4037173929517,34.0645627969634,19.6587107799502,22.0743703480351,5.11074210161409,17.6,146.56,71.5,7.1,5.3,37.1,7.4,29.7,22,6,"Narino",2022,6,"junio","Narino_2022_junio"
38.8127708541798,31.0727704959943,35.2149659819661,21.664307419144,24.4912590358801,10.2415855831589,11.9738006944033,3.15051793770176,18.5,159.95,52.3,8.1,6.8,25.8,2.9,22.9,23,6,"Norte De Santander",2022,6,"junio","Norte De Santander_2022_junio"
39.0004266955302,32.563938479561,36.9255032267959,22.8820158724255,25.0374047484649,10.859872066063,11.0684963216924,2.21585074127006,20.8,144.88,71.6,7.5,5.7,24.4,3,21.4,24,6,"Putumayo",2022,6,"junio","Putumayo_2022_junio"
28.5688499361003,26.4851486569234,27.0535660033327,14.7693785394952,17.5510524761282,6.91241703811947,8.7104780508886,2.59987648465505,10,151.76,37.9,8.4,6.8,17.3,2.2,15.1,25,6,"Quindio",2022,6,"junio","Quindio_2022_junio"
26.3214411546639,22.4854686716617,24.4224681901779,17.430547447864,18.164022705132,6.26897420174513,9.1639244659879,4.27423839976026,10,152.41,30.5,8.4,7.3,17.5,2.5,15,26,6,"Risaralda",2022,6,"junio","Risaralda_2022_junio"
37.9672605616171,30.3559316107547,31.7568588843198,17.2432661258039,20.4142789601143,9.30286617635855,10.2703870988352,1.86203921486298,10.4,154.75,49.5,8.2,6.7,20.5,2.5,18,27,6,"Santander",2022,6,"junio","Santander_2022_junio"
58.5517593944998,49.6552560811359,59.7721026140951,47.0107015073815,45.7942909885653,28.2308134891411,26.403235862589,5.31549125735249,26,142.03,78.7,8.1,5.7,47.9,10.4,37.5,28,6,"Sucre",2022,6,"junio","Sucre_2022_junio"
42.7335783368936,34.565262044341,39.4618552920377,24.2311144996973,26.868086682683,10.9795042045077,14.1744965840675,2.61473719692823,10.5,153.87,54,7.7,6.3,27.4,3.3,24.1,29,6,"Tolima",2022,6,"junio","Tolima_2022_junio"
38.9977038662375,36.5375025180927,37.024889242381,25.9362338837303,29.469604154428,11.8628609084744,14.2661180936195,3.62596773572951,9.7,156.29,40.6,7.9,6.7,28,4.5,23.5,30,6,"Valle Del Cauca",2022,6,"junio","Valle Del Cauca_2022_junio"
42.3927081897117,35.6720535729178,41.7699177334957,37.6548719693635,34.5803795113257,21.8852209763524,24.9010191528018,12.6640668767156,47.1,144.88,66.5,7.3,6,36.5,8.7,27.8,31,6,"Vaupes",2022,6,"junio","Vaupes_2022_junio"
32.4711278126308,20.5146328271303,31.9941790808168,33.7082156620281,28.8142086927551,22.4748759410658,27.059012033187,22.0819741437525,75.4,144.88,85.8,7.5,6.8,30.7,9.2,21.5,32,6,"Vichada",2022,6,"junio","Vichada_2022_junio"
27.7287560340471,18.1613954236327,22.9559130984888,19.3464573293963,19.50636146271,9.66514180759783,13.498748326099,6.61349956412098,27.9,146.8,54.6,8.5,7.5,18.6,3.4,15.2,1,7,"Amazonas",2022,7,"julio","Amazonas_2022_julio"
29.4609074628781,28.2278840704785,28.0860475061221,19.8402828251987,21.0445412501579,10.7590385692728,10.9395495421451,1.96748050741633,10.7,151.34,48.7,8.2,7.1,20.9,3.3,17.6,2,7,"Antioquia",2022,7,"julio","Antioquia_2022_julio"
49.6805425153077,40.0457678585501,45.0356884187337,39.5821829170084,38.3543652291452,24.113655383791,26.6098445454284,6.48188102910413,22.6,146.8,74.5,8,6.8,39.3,11,28.3,3,7,"Arauca",2022,7,"julio","Arauca_2022_julio"
61.0197870317902,47.8165649751092,57.5840182417265,43.9493689455905,44.7715533584304,22.8489842406206,23.5404006678142,5.33812822182392,10.2,147.57,56.9,8,6.6,46.1,8.3,37.8,4,7,"Atlantico",2022,7,"julio","Atlantico_2022_julio"
36.6305972348608,36.189960601782,36.5509587994895,21.3494666627367,24.5365829317433,11.1187302293253,14.7715886703242,1.4171619904662,3.8,150.96,32.3,7.8,6.6,25.4,4.2,21.2,5,7,"Bogotá",2022,7,"julio","Bogotá_2022_julio"
48.571145597614,36.437308294962,42.4437440854073,31.0750308496614,32.27486871674,16.7768974814237,18.5376105225112,4.53503675163255,19.4,148.34,66.9,8.3,7.2,32.6,5.1,27.5,6,7,"Bolivar",2022,7,"julio","Bolivar_2022_julio"
32.5890754704853,31.5787027722762,32.717090403223,16.8870140343455,19.874267658688,7.9680539827626,9.87271666734082,0.899743097376541,9.6,151.22,43.4,7.5,6,20.7,2.1,18.6,7,7,"Boyaca",2022,7,"julio","Boyaca_2022_julio"
21.0942148006319,21.6330021008979,23.5956123799925,10.7750256949232,15.0347991256142,6.84294888008766,7.73161274509188,5.27289762678626,10.5,152.06,33.4,8.4,7.3,14.6,2.5,12.1,8,7,"Caldas",2022,7,"julio","Caldas_2022_julio"
41.6949008810438,31.7487819478186,35.7897745074419,22.4757462948341,24.863213843069,10.9268316117104,11.9524454428485,3.79074904251359,19.6,157.59,69.1,8.1,6.5,27.2,3.2,24,9,7,"Caqueta",2022,7,"julio","Caqueta_2022_julio"
39.2289341444647,32.4449044668269,37.1540534780557,27.7393380238489,27.6835465032248,13.2128918333547,14.1766802837966,2.53720876309835,13.3,146.8,46.5,8.2,6.3,28.2,4.3,23.9,10,7,"Casanare",2022,7,"julio","Casanare_2022_julio"
38.2054673033944,31.3775891945758,36.2616785929965,16.9460253459204,22.5965785464071,9.9933310749338,10.3012600542052,3.35526604133792,18.3,162.42,58.3,7.5,5.9,22.3,2.8,19.5,11,7,"Cauca",2022,7,"julio","Cauca_2022_julio"
52.467098282958,43.119863401349,51.7039323751673,40.7526655357914,40.5233065898088,24.624761367455,24.0007454380069,4.62829554283045,19.1,149.32,70.5,7.9,6.3,41.1,9.4,31.7,12,7,"Cesar",2022,7,"julio","Cesar_2022_julio"
54.0085003190496,42.2595455217433,50.6506270475005,40.7038865186922,40.8985970519342,24.5788372364269,27.6551429251019,11.5366628757206,36.8,146.8,83.4,7.2,6.2,43.2,10.4,32.8,13,7,"Choco",2022,7,"julio","Choco_2022_julio"
34.3971420794011,34.7319511595112,35.4880037365529,19.3638301324054,22.8277946919063,9.90802607653234,12.0674622049669,1.01538313836911,7.3,150.96,39.2,7.8,6.3,23,3.7,19.3,15,7,"Cordoba",2022,7,"julio","Cordoba_2022_julio"
51.3301761947916,39.5362443233586,48.0194778158109,36.0839293674383,38.195431690323,20.8588588712818,22.3082740992214,9.60408287716638,26.9,150.22,83.7,7.6,6.2,38.9,8.1,30.8,14,7,"Cundinamarca",2022,7,"julio","Cundinamarca_2022_julio"
40.0148116295705,27.7362555123687,38.4339452766751,30.1548389791346,27.616143550779,15.1252582822467,18.1236886217356,13.6131683594483,46.5,146.8,53.3,7.7,6.9,29.8,4.4,25.4,16,7,"Guainia",2022,7,"julio","Guainia_2022_julio"
40.4921982697964,37.8520614390124,42.2761304185645,31.1802915114979,31.7770889828696,16.7100577008925,18.2714271630998,5.90174723140135,26.9,146.8,55.9,7.8,5.9,30.4,6.2,24.2,18,7,"Huila",2022,7,"julio","Huila_2022_julio"
36.5526065735894,27.5886886230983,32.427408744655,13.2684782520538,19.2779551956549,8.23902889781002,9.34892973191281,1.96054851160221,13.3,162.83,65.7,7.9,6.3,19,2.4,16.6,19,7,"Guajira",2022,7,"julio","Guajira_2022_julio"
66.9842812430095,57.1191905791212,65.7129604107092,59.9209300370823,57.6445010377143,38.4557489353986,39.6849850289155,15.1772470006785,42.9,150.79,80.8,7.6,5.6,59.7,17.5,42.2,17,7,"Guaviare",2022,7,"julio","Guaviare_2022_julio"
62.2963531715723,47.1760086709368,56.4708345122349,44.1912384860227,42.9009449452549,26.6940232048006,25.6009013760571,5.28205788137467,23,148.19,71.6,7.9,6.5,45.3,10.4,34.9,20,7,"Magdalena",2022,7,"julio","Magdalena_2022_julio"
35.7417720104942,32.5661201159321,34.6461333454019,21.3147623368879,23.9522210464753,12.3523252106613,13.6385151457942,4.90568073126663,11.3,157.43,43.2,8.1,6.7,25.5,4.1,21.4,21,7,"Meta",2022,7,"julio","Meta_2022_julio"
49.9135351503073,44.6328658005254,50.1037882787028,34.1891935640777,34.9873218724935,18.6292222071043,19.1449847294463,4.59745984654262,17.6,149.83,71.5,7.1,5.3,37.1,7.4,29.7,22,7,"Narino",2022,7,"julio","Narino_2022_julio"
40.1423961205584,29.7403342128333,35.0403199754221,20.7406360791223,23.3440164701359,10.8570259859201,12.1056615060529,5.90792269549959,18.5,160.72,52.3,8.1,6.8,25.8,2.9,22.9,23,7,"Norte De Santander",2022,7,"julio","Norte De Santander_2022_julio"
38.4450096246968,33.2945403031268,35.9829364771572,22.0802161797816,22.0920417593746,10.2490701751075,13.2425289942209,1.91625600404482,20.8,146.8,71.6,7.5,5.7,24.4,3,21.4,24,7,"Putumayo",2022,7,"julio","Putumayo_2022_julio"
26.221374914816,26.0458438710091,25.531515063646,15.3287912118349,17.5094682217659,7.34488848696565,7.53195460598606,2.35364549920913,10,153.62,37.9,8.4,6.8,17.3,2.2,15.1,25,7,"Quindio",2022,7,"julio","Quindio_2022_julio"
26.8340350224685,25.6968890408513,27.3428689225021,13.6386907530634,18.5457959543426,8.09244628560117,8.17489549094083,2.25968089275849,10,154.1,30.5,8.4,7.3,17.5,2.5,15,26,7,"Risaralda",2022,7,"julio","Risaralda_2022_julio"
31.7650582203427,29.3639477928936,33.7076597245016,15.9204777175342,19.6479141394406,8.79503259125484,8.95443654211588,3.68371685357215,10.4,155.79,49.5,8.2,6.7,20.5,2.5,18,27,7,"Santander",2022,7,"julio","Santander_2022_julio"
61.9275681710135,50.9986400147144,58.5805185589661,47.0622886782241,46.3385529288286,27.0215476765178,25.7234456181286,6.31932806078198,26,146.52,78.7,8.1,5.7,47.9,10.4,37.5,28,7,"Sucre",2022,7,"julio","Sucre_2022_julio"
40.3418362408925,34.725507642719,37.4697103202224,21.2071074093105,24.3141035309766,11.8116905995453,11.7187728184147,4.01013890457605,10.5,155.77,54,7.7,6.3,27.4,3.3,24.1,29,7,"Tolima",2022,7,"julio","Tolima_2022_julio"
41.9820827455355,33.4208755747037,35.9962419705283,25.5485650396463,25.7511132460772,11.3460373536487,13.4269299468426,3.22636231467187,9.7,158.3,40.6,7.9,6.7,28,4.5,23.5,30,7,"Valle Del Cauca",2022,7,"julio","Valle Del Cauca_2022_julio"
44.523672762471,37.0406424519022,43.5110255483422,37.9573615792938,34.5687986735701,22.330032388714,25.3789874332005,11.5927598910667,47.1,146.8,66.5,7.3,6,36.5,8.7,27.8,31,7,"Vaupes",2022,7,"julio","Vaupes_2022_julio"
37.5843726846246,24.6926060879705,32.5523209463257,33.0089190441046,29.3755061731879,19.5283970093131,26.8007427880877,24.0178197724971,75.4,146.8,85.8,7.5,6.8,30.7,9.2,21.5,32,7,"Vichada",2022,7,"julio","Vichada_2022_julio"
29.1480468150551,20.3863478913711,23.1329165376933,17.6096244525991,17.7111256233934,8.50847458355224,11.6121476769481,7.76813860877897,27.9,149.73,54.6,8.5,7.5,18.6,3.4,15.2,1,8,"Amazonas",2022,8,"agosto","Amazonas_2022_agosto"
34.8501121354127,27.711389490642,31.2908831296581,18.4950467383382,22.0706388891507,10.6793913159675,10.1976383195292,3.3387488761397,10.7,153.8,48.7,8.2,7.1,20.9,3.3,17.6,2,8,"Antioquia",2022,8,"agosto","Antioquia_2022_agosto"
47.4784564842714,40.2996677173957,48.1302483905452,37.2239632761017,39.7177223648078,26.0956961450617,25.1224482870604,7.48706097252786,22.6,149.73,74.5,8,6.8,39.3,11,28.3,3,8,"Arauca",2022,8,"agosto","Arauca_2022_agosto"
59.6728735239631,49.0906481655743,57.0862303447282,43.5797291530856,44.0280713144791,22.6816327906817,23.9641294457704,4.26026761994563,10.2,150.87,56.9,8,6.6,46.1,8.3,37.8,4,8,"Atlantico",2022,8,"agosto","Atlantico_2022_agosto"
31.8808587330819,34.7981861369518,35.0123343799475,21.9461235528062,23.2758176080722,13.1856530885679,14.5811810932667,3.35000986089484,3.8,153.46,32.3,7.8,6.6,25.4,4.2,21.2,5,8,"Bogotá",2022,8,"agosto","Bogotá_2022_agosto"
45.7477028357737,32.3920188669729,41.2177926769055,29.0950280525796,30.1028428881063,16.7763133455728,16.6147620491223,4.67944372137186,19.4,152.11,66.9,8.3,7.2,32.6,5.1,27.5,6,8,"Bolivar",2022,8,"agosto","Bolivar_2022_agosto"
31.6822964597468,29.474143837051,32.8111699943971,16.2559731921876,19.8537827521263,7.69957590987653,8.00620473653093,2.07380460445799,9.6,154.27,43.4,7.5,6,20.7,2.1,18.6,7,8,"Boyaca",2022,8,"agosto","Boyaca_2022_agosto"
25.5207606418405,22.624772813923,22.0031070313531,12.9569955643184,15.252026873019,5.06342855031268,9.52426242246578,3.16683706591597,10.5,155.24,33.4,8.4,7.3,14.6,2.5,12.1,8,8,"Caldas",2022,8,"agosto","Caldas_2022_agosto"
45.4636389524182,33.9051974878143,38.2433008477148,22.7388245731829,25.652163135077,10.5083451584893,13.9139446596562,5.23117333585641,19.6,161.16,69.1,8.1,6.5,27.2,3.2,24,9,8,"Caqueta",2022,8,"agosto","Caqueta_2022_agosto"
41.0140311905309,33.598660155887,39.2857672129078,24.9833836336303,26.9508453391079,11.958688124002,13.6953186140136,1.65689826925989,13.3,149.73,46.5,8.2,6.3,28.2,4.3,23.9,10,8,"Casanare",2022,8,"agosto","Casanare_2022_agosto"
35.8158220561731,28.6351216611898,31.7012158977122,17.3737029740071,20.4174582877646,8.72791473841193,13.13957626419,4.74845775216265,18.3,166.55,58.3,7.5,5.9,22.3,2.8,19.5,11,8,"Cauca",2022,8,"agosto","Cauca_2022_agosto"
52.728569352271,42.6198035989039,49.6858475954531,39.7623444099122,40.3123583107789,22.9068490494994,24.873620715604,5.3495726131416,19.1,152.39,70.5,7.9,6.3,41.1,9.4,31.7,12,8,"Cesar",2022,8,"agosto","Cesar_2022_agosto"
51.7948783085239,42.3502933711337,51.2089068395311,41.1814172427672,41.4632449264624,24.685892151986,28.1808315535094,10.7838417114431,36.8,149.73,83.4,7.2,6.2,43.2,10.4,32.8,13,8,"Choco",2022,8,"agosto","Choco_2022_agosto"
33.0972268055023,33.5499684342351,33.042821685337,20.3847642493784,22.5375303007766,10.2097712006417,11.9218542102741,3.22566229092197,7.3,153.46,39.2,7.8,6.3,23,3.7,19.3,15,8,"Cordoba",2022,8,"agosto","Cordoba_2022_agosto"
49.873223106799,42.0287268634383,49.4688647605018,32.9133606517831,38.7891774016254,21.9725352373531,21.3406275980692,9.7910925554576,26.9,152.54,83.7,7.6,6.2,38.9,8.1,30.8,14,8,"Cundinamarca",2022,8,"agosto","Cundinamarca_2022_agosto"
40.8188768394255,27.6668599654142,34.9223211062498,29.9667769931581,25.4623040398027,11.341244969493,18.8115013044063,13.197599583665,46.5,149.73,53.3,7.7,6.9,29.8,4.4,25.4,16,8,"Guainia",2022,8,"agosto","Guainia_2022_agosto"
35.8159516761713,32.9844580255367,37.6163045967224,31.1616081630671,28.8505180740969,16.314413604179,18.0441134988355,4.24654626508564,26.9,149.73,55.9,7.8,5.9,30.4,6.2,24.2,18,8,"Huila",2022,8,"agosto","Huila_2022_agosto"
34.9346451191537,28.5983653940651,31.5014343914173,12.8612470534493,18.9871179683508,8.82054146578824,8.72291669025689,4.09877133210275,13.3,165.47,65.7,7.9,6.3,19,2.4,16.6,19,8,"Guajira",2022,8,"agosto","Guajira_2022_agosto"
71.8435125253819,60.1193748752935,67.7616132782193,57.3208530424934,58.1318577446803,36.6773911862299,37.9963710988592,16.661861018174,42.9,154.51,80.8,7.6,5.6,59.7,17.5,42.2,17,8,"Guaviare",2022,8,"agosto","Guaviare_2022_agosto"
55.160899093081,43.949036760343,52.87918432901,44.0925045133667,43.7252482320859,24.7914424404423,26.6504513912464,8.66027587509008,23,150.4,71.6,7.9,6.5,45.3,10.4,34.9,20,8,"Magdalena",2022,8,"agosto","Magdalena_2022_agosto"
38.7483608989689,31.775991371379,36.2138145262255,21.5014345689944,25.7943214976572,11.061076551806,11.8289487261574,3.42421308133405,11.3,160.09,43.2,8.1,6.7,25.5,4.1,21.4,21,8,"Meta",2022,8,"agosto","Meta_2022_agosto"
47.2354135210897,41.8433264137401,48.5353245478178,34.8051386177205,35.2395413201118,20.2401110200785,19.4755684275834,4.37093082673211,17.6,152.73,71.5,7.1,5.3,37.1,7.4,29.7,22,8,"Narino",2022,8,"agosto","Narino_2022_agosto"
38.4304858237197,32.1662794176505,37.2907630192832,20.7168738600405,26.3649031917245,11.8777574804677,11.9968522854795,5.05463647441561,18.5,163.36,52.3,8.1,6.8,25.8,2.9,22.9,23,8,"Norte De Santander",2022,8,"agosto","Norte De Santander_2022_agosto"
36.8476937605344,30.9672552026262,34.9149174744401,20.7443009502406,22.6707096004966,10.2778872798299,13.5805944663947,1.90940689771382,20.8,149.73,71.6,7.5,5.7,24.4,3,21.4,24,8,"Putumayo",2022,8,"agosto","Putumayo_2022_agosto"
27.4994716140814,26.7760878313725,25.851362933065,10.8851428373689,16.0573667929903,5.50540686826764,7.64023833561265,5.56578559997218,10,156.93,37.9,8.4,6.8,17.3,2.2,15.1,25,8,"Quindio",2022,8,"agosto","Quindio_2022_agosto"
31.8287277262108,23.1126636208927,23.2472623263417,14.494020215107,17.543260711242,4.44002491015827,9.30667433794926,3.31045453520011,10,157.08,30.5,8.4,7.3,17.5,2.5,15,26,8,"Risaralda",2022,8,"agosto","Risaralda_2022_agosto"
34.377720505442,28.7156707537512,32.3102594105357,17.6356493054602,20.167158507131,8.11923504302566,8.70010562718059,3.48579384544015,10.4,157.73,49.5,8.2,6.7,20.5,2.5,18,27,8,"Santander",2022,8,"agosto","Santander_2022_agosto"
65.0123565903671,51.6307470159085,59.9548155104606,45.8958650233419,46.8756641367255,25.1061100884939,25.7745641056634,7.31016614764541,26,150.57,78.7,8.1,5.7,47.9,10.4,37.5,28,8,"Sucre",2022,8,"agosto","Sucre_2022_agosto"
40.4173744754255,34.6013627951565,38.9675981421943,22.169687641688,26.1876726526372,10.5224051267833,11.664776207038,1.63997890173716,10.5,160.14,54,7.7,6.3,27.4,3.3,24.1,29,8,"Tolima",2022,8,"agosto","Tolima_2022_agosto"
40.3965517887052,38.2572179809352,39.5393368355434,22.0044792339635,29.4807037668404,12.1701990898193,13.3223119849786,4.45765578534293,9.7,161.86,40.6,7.9,6.7,28,4.5,23.5,30,8,"Valle Del Cauca",2022,8,"agosto","Valle Del Cauca_2022_agosto"
45.573457502247,37.4864550080344,42.1554450266117,37.3830095890213,34.3929128092938,19.6089804308269,25.4565617165801,14.1294898532378,47.1,149.73,66.5,7.3,6,36.5,8.7,27.8,31,8,"Vaupes",2022,8,"agosto","Vaupes_2022_agosto"
37.6657320272729,21.749611668248,32.054150630815,33.2927719481674,28.3997472405668,20.0019954187743,27.1205899674001,24.3577166940623,75.4,149.73,85.8,7.5,6.8,30.7,9.2,21.5,32,8,"Vichada",2022,8,"agosto","Vichada_2022_agosto"
29.5170232448403,19.5663756532181,23.9668736469696,17.9317984609815,18.2323865368588,10.1707351224313,10.9211162355108,6.91898548860432,27.9,152.32,54.6,8.5,7.5,18.6,3.4,15.2,1,9,"Amazonas",2022,9,"septiembre","Amazonas_2022_septiembre"
33.6208605465688,28.0909063311071,29.474306489147,17.3109769280677,20.5929529658458,8.79540405241763,10.8464175929575,4.74972230553005,10.7,156.73,48.7,8.2,7.1,20.9,3.3,17.6,2,9,"Antioquia",2022,9,"septiembre","Antioquia_2022_septiembre"
48.4101730448954,42.2988684193413,47.244758410804,37.0071666288221,39.7966387775286,25.7516698577925,26.227378149939,7.26205930851228,22.6,152.32,74.5,8,6.8,39.3,11,28.3,3,9,"Arauca",2022,9,"septiembre","Arauca_2022_septiembre"
60.874889843224,53.2196839247751,58.1512753938007,39.136766026217,43.6529849173889,22.7513777902454,23.4186172255501,8.91194244034456,10.2,152.03,56.9,8,6.6,46.1,8.3,37.8,4,9,"Atlantico",2022,9,"septiembre","Atlantico_2022_septiembre"
35.916873166454,33.1264588458625,34.5477798830172,20.9932631464841,23.082169820116,11.1530590588691,13.4265722789645,5.05980663932801,3.8,156.28,32.3,7.8,6.6,25.4,4.2,21.2,5,9,"Bogotá",2022,9,"septiembre","Bogotá_2022_septiembre"
48.7630787775024,34.268327961634,42.4108275043884,28.3109120664043,30.5833401233247,15.8198045147743,17.4323858480033,6.08861222370675,19.4,154.18,66.9,8.3,7.2,32.6,5.1,27.5,6,9,"Bolivar",2022,9,"septiembre","Bolivar_2022_septiembre"
31.3993758256623,30.9416234910314,31.6956829361869,18.6154720089342,21.1605069620483,8.58076887803259,9.6378789342903,2.74214678825304,9.6,157.1,43.4,7.5,6,20.7,2.1,18.6,7,9,"Boyaca",2022,9,"septiembre","Boyaca_2022_septiembre"
21.8533422711524,22.739830511825,22.8442972014846,10.4129239504961,15.5375236302965,7.60482261800062,7.72460546878547,4.65329373403748,10.5,157.43,33.4,8.4,7.3,14.6,2.5,12.1,8,9,"Caldas",2022,9,"septiembre","Caldas_2022_septiembre"
46.0427145542317,33.0336452187989,38.4090016407119,22.3183799757865,26.8593675502974,11.1988884479854,12.1838221220824,4.96589501237241,19.6,164.18,69.1,8.1,6.5,27.2,3.2,24,9,9,"Caqueta",2022,9,"septiembre","Caqueta_2022_septiembre"
39.6956192456005,34.3381586210963,38.6723853934816,27.0872349920972,27.9923959226914,13.0738532947291,14.5644267081555,2.79912367742713,13.3,152.32,46.5,8.2,6.3,28.2,4.3,23.9,10,9,"Casanare",2022,9,"septiembre","Casanare_2022_septiembre"
35.9170927270712,30.7047091053947,35.937550820853,13.5369611944471,19.6800246337706,8.85308323578012,8.82286042064581,4.81318088924306,18.3,168.77,58.3,7.5,5.9,22.3,2.8,19.5,11,9,"Cauca",2022,9,"septiembre","Cauca_2022_septiembre"
49.3598445376502,43.4426559527349,50.9501522665576,36.4647486365873,39.6615138297883,23.8236387084169,22.161601806576,6.05445391011564,19.1,152.78,70.5,7.9,6.3,41.1,9.4,31.7,12,9,"Cesar",2022,9,"septiembre","Cesar_2022_septiembre"
53.2860656679078,42.730218998922,48.746403227336,40.972874958032,40.1823569888185,24.5260836060998,28.9798243132089,11.7713033937818,36.8,152.32,83.4,7.2,6.2,43.2,10.4,32.8,13,9,"Choco",2022,9,"septiembre","Choco_2022_septiembre"
31.3211788752554,30.6338806906115,33.2753382546208,19.8097108845181,22.9607095613952,10.6982311896727,11.2508200445754,1.79041405919611,7.3,156.28,39.2,7.8,6.3,23,3.7,19.3,15,9,"Cordoba",2022,9,"septiembre","Cordoba_2022_septiembre"
57.2262116768293,45.1287069561477,50.7342159554229,35.8304129167288,37.7364587682042,20.4873003782369,24.4408226487471,7.3292083304605,26.9,154.67,83.7,7.6,6.2,38.9,8.1,30.8,14,9,"Cundinamarca",2022,9,"septiembre","Cundinamarca_2022_septiembre"
39.527648643083,29.2571719692474,36.3264612450499,26.3330480783145,26.0595723842459,10.9551082715017,16.1815854218195,14.6852037116318,46.5,152.32,53.3,7.7,6.9,29.8,4.4,25.4,16,9,"Guainia",2022,9,"septiembre","Guainia_2022_septiembre"
39.4692524295541,35.0949641689617,39.5202015047408,30.0793739837935,29.5138712930344,15.9731527944177,18.60387104867,5.04721925678207,26.9,152.32,55.9,7.8,5.9,30.4,6.2,24.2,18,9,"Huila",2022,9,"septiembre","Huila_2022_septiembre"
39.0577077251116,27.1200191156196,33.1373118937556,11.6583861108971,18.5328817181889,5.68948806384736,9.16743985662564,2.85466489947804,13.3,168.75,65.7,7.9,6.3,19,2.4,16.6,19,9,"Guajira",2022,9,"septiembre","Guajira_2022_septiembre"
67.4592085734416,60.0122299107789,67.2868264454065,56.8571149699579,58.4631320045399,37.0028619318477,39.5800910975609,17.1818675966495,42.9,156.19,80.8,7.6,5.6,59.7,17.5,42.2,17,9,"Guaviare",2022,9,"septiembre","Guaviare_2022_septiembre"
58.5956830722697,45.7069441307213,53.257816599741,43.3695559268401,43.1119560445715,23.8425721274899,27.1789995951878,8.17084485587707,23,151.84,71.6,7.9,6.5,45.3,10.4,34.9,20,9,"Magdalena",2022,9,"septiembre","Magdalena_2022_septiembre"
36.4261727204352,31.4088460331029,36.038640725243,22.9484002475349,24.9448598696923,13.3573925879087,11.7390190128729,2.52996706584,11.3,162.06,43.2,8.1,6.7,25.5,4.1,21.4,21,9,"Meta",2022,9,"septiembre","Meta_2022_septiembre"
49.4837056646971,42.7106569143353,47.2639968033646,34.6764873220269,36.2550565952693,18.3478850662516,21.0750316041812,4.63591830273225,17.6,156.13,71.5,7.1,5.3,37.1,7.4,29.7,22,9,"Narino",2022,9,"septiembre","Narino_2022_septiembre"
45.3951025484496,31.9887918830709,35.1603816673951,22.4867088789544,23.9644990317801,6.47115558110398,13.3401859051967,5.08017202566685,18.5,166.35,52.3,8.1,6.8,25.8,2.9,22.9,23,9,"Norte De Santander",2022,9,"septiembre","Norte De Santander_2022_septiembre"
36.2742166720029,31.5247264339138,37.8173436161421,21.2943035850547,23.9832521714342,12.3844960238558,12.2097254294115,2.31310011073842,20.8,152.32,71.6,7.5,5.7,24.4,3,21.4,24,9,"Putumayo",2022,9,"septiembre","Putumayo_2022_septiembre"
25.5906814136362,23.912792027364,25.4743524466873,15.1836175988716,18.1086272602681,6.51455613692866,7.81098901693337,2.03582476333409,10,159.23,37.9,8.4,6.8,17.3,2.2,15.1,25,9,"Quindio",2022,9,"septiembre","Quindio_2022_septiembre"
29.4058214694495,25.9537706025276,29.5999501717319,13.761661850515,18.7751676173449,6.54536136877982,11.1101116255304,3.22238026172108,10,158.39,30.5,8.4,7.3,17.5,2.5,15,26,9,"Risaralda",2022,9,"septiembre","Risaralda_2022_septiembre"
34.8361285108384,25.0618544882165,30.593063873722,18.1305233042657,21.3875272223908,9.02326735744032,9.4521618988057,2.35116069208141,10.4,160.42,49.5,8.2,6.7,20.5,2.5,18,27,9,"Santander",2022,9,"septiembre","Santander_2022_septiembre"
65.1024463590537,52.6711660428263,59.9679207808689,46.697885349471,45.5189624194742,25.1137176363382,26.0480183372789,5.29820819401785,26,151.97,78.7,8.1,5.7,47.9,10.4,37.5,28,9,"Sucre",2022,9,"septiembre","Sucre_2022_septiembre"
46.2753553968053,37.0465154087903,41.3435207820988,20.3883689238752,25.3267936789332,9.84694821191551,12.4098677779832,4.30134482091049,10.5,163.01,54,7.7,6.3,27.4,3.3,24.1,29,9,"Tolima",2022,9,"septiembre","Tolima_2022_septiembre"
38.5184767110044,35.777639671008,36.685119722118,22.7913174131897,27.0454814591924,11.1876259283917,15.4526177612505,4.70863109895959,9.7,164.27,40.6,7.9,6.7,28,4.5,23.5,30,9,"Valle Del Cauca",2022,9,"septiembre","Valle Del Cauca_2022_septiembre"
41.7695946213484,35.7634839872113,41.3814111722875,34.1273627296615,33.6135255893882,19.5144943366382,23.0370827011487,13.9925985745856,47.1,152.32,66.5,7.3,6,36.5,8.7,27.8,31,9,"Vaupes",2022,9,"septiembre","Vaupes_2022_septiembre"
39.6509318573886,23.0860578376337,31.8713114337753,33.0882652853888,28.3788954196399,18.8614627389316,27.0665246550877,22.0577320954446,75.4,152.32,85.8,7.5,6.8,30.7,9.2,21.5,32,9,"Vichada",2022,9,"septiembre","Vichada_2022_septiembre"
28.6341272396925,17.9092986024175,23.8726026927566,18.6440180823928,18.7837486000006,9.81601911570562,13.1439718609374,7.08258001863784,27.9,154.17,54.6,8.5,7.5,18.6,3.4,15.2,1,10,"Amazonas",2022,10,"octubre","Amazonas_2022_octubre"
31.0306472551964,27.076864058536,28.9807821160366,17.1005640266487,21.7662822617185,8.40904334738069,11.3520582864674,2.73242137722958,10.7,158.5,48.7,8.2,7.1,20.9,3.3,17.6,2,10,"Antioquia",2022,10,"octubre","Antioquia_2022_octubre"
51.2504816857381,42.3327159155559,46.0546271885225,37.4211852997666,39.8308055282117,24.0756744915012,26.4599422349203,8.45163260251655,22.6,154.17,74.5,8,6.8,39.3,11,28.3,3,10,"Arauca",2022,10,"octubre","Arauca_2022_octubre"
63.1255163897206,50.1268221068175,56.7595807751396,41.6185591331155,44.2031211378087,21.7341133945565,23.7725469981526,6.09459908718027,10.2,153.47,56.9,8,6.6,46.1,8.3,37.8,4,10,"Atlantico",2022,10,"octubre","Atlantico_2022_octubre"
32.9822209175127,32.831552492789,34.6069625248799,21.9914293766953,25.3516685050463,11.7195033810096,13.5408948972491,2.18458814597527,3.8,158.1,32.3,7.8,6.6,25.4,4.2,21.2,5,10,"Bogotá",2022,10,"octubre","Bogotá_2022_octubre"
46.4155494810205,35.0896110921411,41.2146752570144,28.5924124405653,30.9256854955364,14.8431453457532,15.3349622899474,6.96127187258967,19.4,155.27,66.9,8.3,7.2,32.6,5.1,27.5,6,10,"Bolivar",2022,10,"octubre","Bolivar_2022_octubre"
31.6753217414356,30.158431083143,33.6679511066679,15.9805428991025,21.6642349106861,9.12972313141794,9.88991755768399,2.15987574203676,9.6,160.39,43.4,7.5,6,20.7,2.1,18.6,7,10,"Boyaca",2022,10,"octubre","Boyaca_2022_octubre"
24.4409510591656,22.0646581821673,23.7472524203433,12.2233951112824,14.7659464740773,8.05814252768691,5.8731454743119,2.85874174106642,10.5,158.87,33.4,8.4,7.3,14.6,2.5,12.1,8,10,"Caldas",2022,10,"octubre","Caldas_2022_octubre"
45.7680787111288,34.2624187372897,42.1127996618584,19.320168339398,26.8446979527901,10.3868775677494,12.2899608365932,4.35973937075356,19.6,166.22,69.1,8.1,6.5,27.2,3.2,24,9,10,"Caqueta",2022,10,"octubre","Caqueta_2022_octubre"
42.9933956902166,35.8799986990052,40.5075249077312,25.29216868126,28.25415388101,11.9741079597915,14.0300517765859,2.95531223347753,13.3,154.17,46.5,8.2,6.3,28.2,4.3,23.9,10,10,"Casanare",2022,10,"octubre","Casanare_2022_octubre"
39.4205435282106,30.0883730103696,34.4228436783787,16.1989750069467,21.5599392141305,9.40108437626909,9.83291441923314,3.86811238149889,18.3,170.59,58.3,7.5,5.9,22.3,2.8,19.5,11,10,"Cauca",2022,10,"octubre","Cauca_2022_octubre"
52.5484157738079,45.4957005388541,50.7857667017846,36.2607958884546,40.5470569252811,22.4081252673876,23.2022368397501,8.05931649371217,19.1,154.94,70.5,7.9,6.3,41.1,9.4,31.7,12,10,"Cesar",2022,10,"octubre","Cesar_2022_octubre"
54.7564625802714,43.1365874570066,51.4515689169942,38.948242843489,40.1616181564552,23.6227976729827,27.4370170591404,11.7800119928292,36.8,154.17,83.4,7.2,6.2,43.2,10.4,32.8,13,10,"Choco",2022,10,"octubre","Choco_2022_octubre"
30.1255737998702,29.5746682463307,33.4510240385571,20.127532480551,23.461847242687,11.794200092425,9.75993297964678,1.74842878305374,7.3,158.1,39.2,7.8,6.3,23,3.7,19.3,15,10,"Cordoba",2022,10,"octubre","Cordoba_2022_octubre"
53.2130731534244,40.6906737981386,50.2159222574476,34.7035612408378,37.4452339329763,21.3028426199908,21.8648655347138,8.77750851031851,26.9,156.33,83.7,7.6,6.2,38.9,8.1,30.8,14,10,"Cundinamarca",2022,10,"octubre","Cundinamarca_2022_octubre"
40.7714454449996,27.7074282559727,34.1705318914488,29.3915425025842,25.7129050930732,13.0172729182246,18.2420047614478,13.3385409323551,46.5,154.17,53.3,7.7,6.9,29.8,4.4,25.4,16,10,"Guainia",2022,10,"octubre","Guainia_2022_octubre"
40.538732322926,34.3549664043027,38.2449713592195,30.4645115199478,29.7387363678313,14.8305218456668,18.6283404490164,7.55074661853462,26.9,154.17,55.9,7.8,5.9,30.4,6.2,24.2,18,10,"Huila",2022,10,"octubre","Huila_2022_octubre"
35.7338973554021,28.1974019780757,32.438341469164,12.012409025711,20.2930859531485,8.17366587125254,9.82556337752354,3.5495368308981,13.3,169.85,65.7,7.9,6.3,19,2.4,16.6,19,10,"Guajira",2022,10,"octubre","Guajira_2022_octubre"
70.7113764738899,60.1587008478266,64.8156178950301,56.6575183901629,57.1223347448778,34.1989324138281,38.1466191107697,18.7033831729486,42.9,158.37,80.8,7.6,5.6,59.7,17.5,42.2,17,10,"Guaviare",2022,10,"octubre","Guaviare_2022_octubre"
61.2838049188718,46.1174793449177,54.4971267329644,43.6150723795151,43.0513117808249,24.5081883476932,26.8092456616417,8.55707091170733,23,153.78,71.6,7.9,6.5,45.3,10.4,34.9,20,10,"Magdalena",2022,10,"octubre","Magdalena_2022_octubre"
39.8122586785065,35.5175929980008,37.4260725732509,20.5210809316659,27.7494398077384,11.5332378279251,12.4931916242229,4.93417714366743,11.3,163.8,43.2,8.1,6.7,25.5,4.1,21.4,21,10,"Meta",2022,10,"octubre","Meta_2022_octubre"
49.6170254413467,44.9048064483779,51.1472943960298,32.9150181779805,36.0938839239965,19.9848958189796,21.5267990459813,4.95104949111086,17.6,157.56,71.5,7.1,5.3,37.1,7.4,29.7,22,10,"Narino",2022,10,"octubre","Narino_2022_octubre"
41.1663141842155,29.7289321643973,35.41615702032,20.2586221551697,23.0099564910497,9.66189655113457,12.3625797101358,5.07905315698518,18.5,170.04,52.3,8.1,6.8,25.8,2.9,22.9,23,10,"Norte De Santander",2022,10,"octubre","Norte De Santander_2022_octubre"
39.2126009631307,32.4412372009474,36.8362442676081,20.0231586359793,23.5992853392783,10.9535594832595,13.5607610402894,2.6536444147194,20.8,154.17,71.6,7.5,5.7,24.4,3,21.4,24,10,"Putumayo",2022,10,"octubre","Putumayo_2022_octubre"
29.9848902548038,25.3117730704392,27.192738674858,13.0396840385199,16.7327953583954,7.49050904381088,8.25988986159552,3.49180987838402,10,161.04,37.9,8.4,6.8,17.3,2.2,15.1,25,10,"Quindio",2022,10,"octubre","Quindio_2022_octubre"
27.9885288349898,25.1756986776023,25.6619780295458,14.1972114224252,19.2016994038943,5.52622686146183,8.83650625218537,3.55109332849662,10,160.86,30.5,8.4,7.3,17.5,2.5,15,26,10,"Risaralda",2022,10,"octubre","Risaralda_2022_octubre"
35.830138821665,29.5323234038289,30.80774683434,14.6138050396254,20.9641741240539,8.61008681613934,9.53071582138411,2.76493616967478,10.4,162.71,49.5,8.2,6.7,20.5,2.5,18,27,10,"Santander",2022,10,"octubre","Santander_2022_octubre"
62.1876863674055,52.2019386419993,59.2867338809557,44.0677547733476,46.4473123276205,26.4881860506158,26.3263824773376,7.2113653803663,26,153.96,78.7,8.1,5.7,47.9,10.4,37.5,28,10,"Sucre",2022,10,"octubre","Sucre_2022_octubre"
43.2812695979105,34.2866596219229,39.5988057358599,19.9968730554951,26.1191438101981,11.2389332234307,11.6031768103587,3.78654269668872,10.5,165.06,54,7.7,6.3,27.4,3.3,24.1,29,10,"Tolima",2022,10,"octubre","Tolima_2022_octubre"
40.0598641889284,36.7496228796936,39.4037918183567,19.8817720395372,26.9171231296202,11.4079205071026,13.7431153550862,6.28139009093065,9.7,166.56,40.6,7.9,6.7,28,4.5,23.5,30,10,"Valle Del Cauca",2022,10,"octubre","Valle Del Cauca_2022_octubre"
47.9980414791332,35.3512766935666,44.1808020179866,38.0080626222791,34.7700040210291,20.3438797584456,23.6441666110148,12.9796993662437,47.1,154.17,66.5,7.3,6,36.5,8.7,27.8,31,10,"Vaupes",2022,10,"octubre","Vaupes_2022_octubre"
38.1826139174138,22.5175070117106,33.9515079138123,31.3992923104904,28.8041716064012,20.2156796192277,27.4600089408503,22.7908644909868,75.4,154.17,85.8,7.5,6.8,30.7,9.2,21.5,32,10,"Vichada",2022,10,"octubre","Vichada_2022_octubre"
28.1572557533535,19.6210210063522,24.0163156269665,15.8539912316299,18.040878385721,9.357104337163,11.146507558169,7.62514106765036,27.9,156.51,54.6,8.5,7.5,18.6,3.4,15.2,1,11,"Amazonas",2022,11,"noviembre","Amazonas_2022_noviembre"
33.7245693474004,26.6146849467498,29.8277861665531,17.6507102745648,22.9295511524433,10.6040324925095,11.1879386401367,4.03445681480036,10.7,161.13,48.7,8.2,7.1,20.9,3.3,17.6,2,11,"Antioquia",2022,11,"noviembre","Antioquia_2022_noviembre"
50.6336627822886,41.1802528398123,46.3116994836554,37.6830863560777,38.6038292101542,22.6713648854701,24.8727827797266,6.54947419840326,22.6,156.51,74.5,8,6.8,39.3,11,28.3,3,11,"Arauca",2022,11,"noviembre","Arauca_2022_noviembre"
61.2027027356221,51.5781670778224,58.430218054059,39.1639787500591,41.3278708598272,21.3747133499957,24.5817449019897,9.43453270029342,10.2,156.56,56.9,8,6.6,46.1,8.3,37.8,4,11,"Atlantico",2022,11,"noviembre","Atlantico_2022_noviembre"
34.7203507811223,33.3858922016066,36.7213239365498,20.0391743541415,24.2826190128167,10.5907644236032,12.6773303381744,2.5933881395423,3.8,160.05,32.3,7.8,6.6,25.4,4.2,21.2,5,11,"Bogotá",2022,11,"noviembre","Bogotá_2022_noviembre"
51.2485037621814,36.8177919591761,43.0644726173225,28.4057025308282,32.1868563017911,14.2036463017978,16.6009457151417,6.9033691789128,19.4,157.93,66.9,8.3,7.2,32.6,5.1,27.5,6,11,"Bolivar",2022,11,"noviembre","Bolivar_2022_noviembre"
30.5808203006615,32.6200495453834,32.160426677129,15.1505580537246,19.737792020043,8.01615902429825,9.90335254143074,1.74758812859044,9.6,162.46,43.4,7.5,6,20.7,2.1,18.6,7,11,"Boyaca",2022,11,"noviembre","Boyaca_2022_noviembre"
24.163709325708,23.5643961195921,24.314960379496,11.9959452171879,16.4742096750079,6.95164174310443,7.97449404867072,3.57726897933852,10.5,161.34,33.4,8.4,7.3,14.6,2.5,12.1,8,11,"Caldas",2022,11,"noviembre","Caldas_2022_noviembre"
46.4354592119636,34.7503815207089,39.6882286922153,18.6914829428544,26.062962807222,9.083774910311,9.7089338044054,4.70942909636071,19.6,168.05,69.1,8.1,6.5,27.2,3.2,24,9,11,"Caqueta",2022,11,"noviembre","Caqueta_2022_noviembre"
40.4064786944018,36.838711995241,40.0059586732866,25.8585215745879,27.8408973904234,11.9505674191348,15.1379606991291,2.95014725530919,13.3,156.51,46.5,8.2,6.3,28.2,4.3,23.9,10,11,"Casanare",2022,11,"noviembre","Casanare_2022_noviembre"
38.326005229862,32.3815723269625,34.312672056465,15.4959873818132,22.7728576746761,7.60056398974992,10.5667719448213,6.76561895373042,18.3,172.41,58.3,7.5,5.9,22.3,2.8,19.5,11,11,"Cauca",2022,11,"noviembre","Cauca_2022_noviembre"
53.908650943765,43.3169607133837,49.5668516755188,38.4072481251898,39.861546564897,21.9725103402618,24.3844598956838,7.98599998443493,19.1,157.61,70.5,7.9,6.3,41.1,9.4,31.7,12,11,"Cesar",2022,11,"noviembre","Cesar_2022_noviembre"
53.7587425249963,43.5044527794723,51.3861505827768,37.3816752685143,39.2712018976228,23.9582499202507,27.1105929422901,12.6670385695949,36.8,156.51,83.4,7.2,6.2,43.2,10.4,32.8,13,11,"Choco",2022,11,"noviembre","Choco_2022_noviembre"
32.4126131970872,34.4769898824931,34.3059597911988,16.8740753195064,22.1054557538212,8.32111615550669,11.3343147392519,2.59898829916749,7.3,160.05,39.2,7.8,6.3,23,3.7,19.3,15,11,"Cordoba",2022,11,"noviembre","Cordoba_2022_noviembre"
55.9233325539232,42.3395081784746,49.1346571489782,33.4457924303707,38.2271723278308,20.6370291810147,21.7363361582676,10.2649233561044,26.9,158.9,83.7,7.6,6.2,38.9,8.1,30.8,14,11,"Cundinamarca",2022,11,"noviembre","Cundinamarca_2022_noviembre"
43.0048737789598,28.2655692940249,35.970924501246,29.9537211143742,26.1881103587964,11.2702323001278,19.1377368611994,14.822201658744,46.5,156.51,53.3,7.7,6.9,29.8,4.4,25.4,16,11,"Guainia",2022,11,"noviembre","Guainia_2022_noviembre"
40.8639474277413,35.4776021881048,41.6175357371308,28.1436168847265,30.6328701794795,15.8292881815593,17.428104050647,8.7347634427678,26.9,156.51,55.9,7.8,5.9,30.4,6.2,24.2,18,11,"Huila",2022,11,"noviembre","Huila_2022_noviembre"
42.271130085554,32.3906948454389,32.787964149591,10.2851204818069,18.8260654223729,6.17504037374737,7.7715266488728,2.65002101900115,13.3,171.53,65.7,7.9,6.3,19,2.4,16.6,19,11,"Guajira",2022,11,"noviembre","Guajira_2022_noviembre"
70.0628352107566,59.3555613444039,67.9570699745673,55.4374888270128,57.9556231781875,35.7966328317735,37.067075056332,19.3821862636866,42.9,161.76,80.8,7.6,5.6,59.7,17.5,42.2,17,11,"Guaviare",2022,11,"noviembre","Guaviare_2022_noviembre"
60.7300335664045,47.8116968355332,54.2611429199606,42.7735352031463,44.3769213134069,25.5076181751227,26.9193968712197,8.68127285339747,23,156.61,71.6,7.9,6.5,45.3,10.4,34.9,20,11,"Magdalena",2022,11,"noviembre","Magdalena_2022_noviembre"
43.4855007699842,33.8436386411759,36.5859123883833,23.6448641231492,25.3032358526499,11.5456292435064,13.6150757697148,3.54406069284582,11.3,166.18,43.2,8.1,6.7,25.5,4.1,21.4,21,11,"Meta",2022,11,"noviembre","Meta_2022_noviembre"
51.1600435076612,45.5443921781646,50.4230609764938,29.7901397548423,34.9299473185856,19.1928215087509,22.0517322107462,5.35582175059955,17.6,160.76,71.5,7.1,5.3,37.1,7.4,29.7,22,11,"Narino",2022,11,"noviembre","Narino_2022_noviembre"
43.0431716151368,29.5481172937627,34.8951346132161,17.9276162035227,22.31836632919,8.28939656781828,10.5357993252412,7.29231738938599,18.5,173.61,52.3,8.1,6.8,25.8,2.9,22.9,23,11,"Norte De Santander",2022,11,"noviembre","Norte De Santander_2022_noviembre"
37.5280354623948,31.2709042174939,34.5504903767435,18.9959151966368,22.5599565904792,8.63370388848668,12.0135992978242,4.86878480436028,20.8,156.51,71.6,7.5,5.7,24.4,3,21.4,24,11,"Putumayo",2022,11,"noviembre","Putumayo_2022_noviembre"
31.7596837967813,26.0151798750084,27.8211544162651,13.8251620125167,16.9733832463908,7.28533776877028,6.77910428411555,2.79268629205241,10,163.73,37.9,8.4,6.8,17.3,2.2,15.1,25,11,"Quindio",2022,11,"noviembre","Quindio_2022_noviembre"
23.4215833428607,24.5836810650889,26.2068193327813,10.9567542737238,17.8776815716418,6.84678672548782,6.88243507463719,3.63097410159267,10,163.06,30.5,8.4,7.3,17.5,2.5,15,26,11,"Risaralda",2022,11,"noviembre","Risaralda_2022_noviembre"
35.6091181221448,28.8440860345867,30.5563763438534,13.6306559840987,18.5733142966165,8.63174551761058,8.17794497405922,4.3834503694058,10.4,165.34,49.5,8.2,6.7,20.5,2.5,18,27,11,"Santander",2022,11,"noviembre","Santander_2022_noviembre"
68.2667818971862,51.5832742432013,59.4256122430711,46.0558085334494,45.4445191615696,23.9462949475183,25.6103920722192,7.02729880396099,26,156.05,78.7,8.1,5.7,47.9,10.4,37.5,28,11,"Sucre",2022,11,"noviembre","Sucre_2022_noviembre"
40.8035731743816,36.6513125516563,39.1085292522056,18.1456307376642,25.6336020341073,10.7705553186329,12.3544028072333,3.65329196143949,10.5,167.43,54,7.7,6.3,27.4,3.3,24.1,29,11,"Tolima",2022,11,"noviembre","Tolima_2022_noviembre"
39.3634172800748,35.5170362168498,36.2107077110999,24.155581101602,26.9100296519839,12.7138856045716,14.7771604315259,3.22225021060013,9.7,168.87,40.6,7.9,6.7,28,4.5,23.5,30,11,"Valle Del Cauca",2022,11,"noviembre","Valle Del Cauca_2022_noviembre"
44.0745731583581,35.2996468754179,42.1397393160356,36.5826494996046,34.001091519099,21.3347143783613,25.1333881531513,14.6611936067703,47.1,156.51,66.5,7.3,6,36.5,8.7,27.8,31,11,"Vaupes",2022,11,"noviembre","Vaupes_2022_noviembre"
39.3870227640413,23.1085299115617,33.7849679864105,32.511588934221,28.0895142450295,20.5258679690742,27.6454781590507,20.055997672709,75.4,156.51,85.8,7.5,6.8,30.7,9.2,21.5,32,11,"Vichada",2022,11,"noviembre","Vichada_2022_noviembre"
31.3554729936662,23.1448552822215,26.6226333311494,15.2385944089007,18.5301347616501,8.46382463059214,11.099848832608,7.32472367706262,27.9,159,54.6,8.5,7.5,18.6,3.4,15.2,1,12,"Amazonas",2022,12,"diciembre","Amazonas_2022_diciembre"
35.4788837775536,27.8029206746166,29.8124079752992,16.2309110825451,21.3585302176929,9.14368437464798,11.3978041941039,4.60725213541508,10.7,164.95,48.7,8.2,7.1,20.9,3.3,17.6,2,12,"Antioquia",2022,12,"diciembre","Antioquia_2022_diciembre"
50.4418282637505,41.1952764562318,47.1586187110047,35.3068943541462,38.8820299281099,24.7463310216348,25.6931844029952,11.1701072343436,22.6,159,74.5,8,6.8,39.3,11,28.3,3,12,"Arauca",2022,12,"diciembre","Arauca_2022_diciembre"
62.319479768839,49.3041199172393,56.5893061858646,40.7977695098049,43.6290502485103,21.8532953818689,21.7075474333888,5.17651772824091,10.2,160.93,56.9,8,6.6,46.1,8.3,37.8,4,12,"Atlantico",2022,12,"diciembre","Atlantico_2022_diciembre"
37.5073855448159,35.2494623128808,37.5356098486737,23.1834518090476,26.409392329891,12.685803954676,12.9655852063201,1.81082254342927,3.8,164.26,32.3,7.8,6.6,25.4,4.2,21.2,5,12,"Bogotá",2022,12,"diciembre","Bogotá_2022_diciembre"
52.1970769158729,36.6064459079988,43.1710499380135,26.4983080468811,31.6585611460698,15.4110279365962,16.3166889110392,7.91398647946688,19.4,161.83,66.9,8.3,7.2,32.6,5.1,27.5,6,12,"Bolivar",2022,12,"diciembre","Bolivar_2022_diciembre"
34.0154216861555,33.1170549235406,32.1548663023779,12.733358868007,18.4092153240425,6.92498235998847,8.88312649185157,1.72799059960624,9.6,166.95,43.4,7.5,6,20.7,2.1,18.6,7,12,"Boyaca",2022,12,"diciembre","Boyaca_2022_diciembre"
28.6098778246901,19.4519349454274,21.2817410227767,13.402249931361,15.5957458860934,5.91986181087759,8.24600610615139,2.78875973076606,10.5,165.54,33.4,8.4,7.3,14.6,2.5,12.1,8,12,"Caldas",2022,12,"diciembre","Caldas_2022_diciembre"
48.9427707058133,34.1917198248806,37.9756220127342,21.4358605003111,25.5647384564985,9.65028629995792,12.8733454614722,4.21708262906862,19.6,172.74,69.1,8.1,6.5,27.2,3.2,24,9,12,"Caqueta",2022,12,"diciembre","Caqueta_2022_diciembre"
39.987851622511,33.2608023616175,38.4159798244255,25.4902961364735,26.3116237192905,12.4847288462293,13.7054342743805,3.87703449148956,13.3,159,46.5,8.2,6.3,28.2,4.3,23.9,10,12,"Casanare",2022,12,"diciembre","Casanare_2022_diciembre"
37.6773128942706,29.7537874615442,34.9043211864204,14.6162234376485,21.2342940247265,9.28934094322925,10.4802699596472,3.1920178886597,18.3,177.16,58.3,7.5,5.9,22.3,2.8,19.5,11,12,"Cauca",2022,12,"diciembre","Cauca_2022_diciembre"
56.8267595087665,46.4991509344283,51.3992106210062,35.4827953499543,39.3248306881045,21.6868969689258,23.8064932353039,8.84747712865072,19.1,162.34,70.5,7.9,6.3,41.1,9.4,31.7,12,12,"Cesar",2022,12,"diciembre","Cesar_2022_diciembre"
58.9256767626668,44.8861843191388,50.6808852234248,40.6656838201447,41.7220207294319,22.1840771586027,27.0128508975314,14.8764246170378,36.8,159,83.4,7.2,6.2,43.2,10.4,32.8,13,12,"Choco",2022,12,"diciembre","Choco_2022_diciembre"
35.4624831908788,30.8525697652692,34.3434957758007,17.5759030988812,22.4702816755928,8.84309468574319,11.1653733059672,2.19586021317974,7.3,164.26,39.2,7.8,6.3,23,3.7,19.3,15,12,"Cordoba",2022,12,"diciembre","Cordoba_2022_diciembre"
59.3278360401324,45.1984640549694,52.6966295961876,32.9443007503281,38.8216916868244,19.3950956490784,21.3388366863711,9.30555309246294,26.9,164.01,83.7,7.6,6.2,38.9,8.1,30.8,14,12,"Cundinamarca",2022,12,"diciembre","Cundinamarca_2022_diciembre"
42.5631693417122,28.6559604106276,35.817459158381,25.8441682973272,26.1370287310984,10.8054176910097,18.1326711404871,16.8263974029322,46.5,159,53.3,7.7,6.9,29.8,4.4,25.4,16,12,"Guainia",2022,12,"diciembre","Guainia_2022_diciembre"
40.1144795029266,37.226909260697,39.1368267723405,27.7114772590013,30.1470098025215,14.6401636374141,17.6304161092235,7.65094084673962,26.9,159,55.9,7.8,5.9,30.4,6.2,24.2,18,12,"Huila",2022,12,"diciembre","Huila_2022_diciembre"
37.4444542514776,29.9341699628077,31.729730752488,11.7644367214318,19.3569270213578,6.24869681756567,10.3140896255125,4.64675867280368,13.3,177.84,65.7,7.9,6.3,19,2.4,16.6,19,12,"Guajira",2022,12,"diciembre","Guajira_2022_diciembre"
72.0144517206808,59.2809794126009,66.6002575635077,55.7722253894242,56.2397951630776,35.3159294498463,38.1035759886897,16.7237762995552,42.9,166.07,80.8,7.6,5.6,59.7,17.5,42.2,17,12,"Guaviare",2022,12,"diciembre","Guaviare_2022_diciembre"
57.515876311924,48.8004022210895,53.8286960273776,38.646400691428,44.3110879660022,23.5675689804766,25.290132606889,12.3220370267926,23,160.8,71.6,7.9,6.5,45.3,10.4,34.9,20,12,"Magdalena",2022,12,"diciembre","Magdalena_2022_diciembre"
41.0322349240353,34.0044817145949,36.1712243948747,19.0336121372107,25.0939238711767,9.88932814524219,10.8264737924095,3.07034920094403,11.3,171.05,43.2,8.1,6.7,25.5,4.1,21.4,21,12,"Meta",2022,12,"diciembre","Meta_2022_diciembre"
51.6203139808281,44.033123688123,49.5955069661183,29.9478554789744,36.3852588865235,18.5922873708516,19.1091049049755,6.62265553419484,17.6,166.57,71.5,7.1,5.3,37.1,7.4,29.7,22,12,"Narino",2022,12,"diciembre","Narino_2022_diciembre"
43.7547773455304,30.8122711127202,36.7057176464253,17.8489072714119,24.5311533252963,7.66754905314211,11.1122573879913,6.44682882260715,18.5,179.51,52.3,8.1,6.8,25.8,2.9,22.9,23,12,"Norte De Santander",2022,12,"diciembre","Norte De Santander_2022_diciembre"
42.5759337899852,32.8755013452156,37.90371765649,19.1438167272521,23.7346226420029,11.4148120527136,12.2059280701803,4.26983284285323,20.8,159,71.6,7.5,5.7,24.4,3,21.4,24,12,"Putumayo",2022,12,"diciembre","Putumayo_2022_diciembre"
27.8908807783438,24.3078484411349,25.3618542797846,12.8416635134461,17.6953453019769,6.66368643234418,6.42545707553098,2.67557672543954,10,169.12,37.9,8.4,6.8,17.3,2.2,15.1,25,12,"Quindio",2022,12,"diciembre","Quindio_2022_diciembre"
32.4196183284243,23.8810758819714,25.7517848904526,12.7102766102341,17.0612689217903,6.57500268039806,7.66442393485679,3.61017525305597,10,168.31,30.5,8.4,7.3,17.5,2.5,15,26,12,"Risaralda",2022,12,"diciembre","Risaralda_2022_diciembre"
38.7828822375952,30.7628248385178,34.0629315408913,14.7765298596131,21.4090762105747,7.80389147404373,9.52455399576128,2.97589886344742,10.4,170.23,49.5,8.2,6.7,20.5,2.5,18,27,12,"Santander",2022,12,"diciembre","Santander_2022_diciembre"
65.8470252402624,50.2232338148301,58.490599850376,46.5725359333423,47.0006848351374,24.6266515730103,26.8282516011284,7.04607430744847,26,159.65,78.7,8.1,5.7,47.9,10.4,37.5,28,12,"Sucre",2022,12,"diciembre","Sucre_2022_diciembre"
45.3493481439667,36.6911272562447,40.9610254421646,19.1010367003647,26.6868976247137,10.747200344529,11.8316982219804,5.43627441175551,10.5,173.36,54,7.7,6.3,27.4,3.3,24.1,29,12,"Tolima",2022,12,"diciembre","Tolima_2022_diciembre"
39.3090024174278,35.6232733168578,39.2351008530409,19.4775980188863,27.6788559493253,12.4009576934298,11.6761759300922,5.77557557787888,9.7,173.04,40.6,7.9,6.7,28,4.5,23.5,30,12,"Valle Del Cauca",2022,12,"diciembre","Valle Del Cauca_2022_diciembre"
43.5265807220094,34.6188166839238,42.9757451718599,36.6887483740564,34.7990476269753,20.5171839590004,25.6911885561678,13.183849201501,47.1,159,66.5,7.3,6,36.5,8.7,27.8,31,12,"Vaupes",2022,12,"diciembre","Vaupes_2022_diciembre"
42.1699341241144,24.0108618406169,32.5403252503363,32.4553731003058,28.069577378681,19.4758616130873,26.6003819625096,23.0825237833247,75.4,159,85.8,7.5,6.8,30.7,9.2,21.5,32,12,"Vichada",2022,12,"diciembre","Vichada_2022_diciembre"
