departamento,a√±o,mes,fecha,Propia_totalmente_pagada,Propia_la_estan_pagando,En_arriendo_o_subarriendo,Con_permiso_sin_pago,Posesion_sin_titulo,Propiedad_colectiva
Amazonas,2022,1,2022-01-01,20.1,0.3,20.3,7.6,7.9,43.7
Antioquia,2022,1,2022-01-01,37.7,3.4,45.3,10.0,1.4,2.2
Arauca,2022,1,2022-01-01,34.3,0.8,32.2,20.4,11.5,0.8
Atlantico,2022,1,2022-01-01,45.7,2.3,31.4,16.4,3.9,0.3
Bogota_DC,2022,1,2022-01-01,31.2,7.5,52.7,6.7,1.0,1.0
Bolivar,2022,1,2022-01-01,35.6,1.2,25.7,16.3,15.0,6.3
Boyaca,2022,1,2022-01-01,36.8,4.1,38.4,15.6,2.6,2.5
Caldas,2022,1,2022-01-01,34.9,6.5,40.7,15.3,1.6,1.0
Caqueta,2022,1,2022-01-01,28.5,1.9,37.2,24.7,7.2,0.4
Casanare,2022,1,2022-01-01,37.9,2.1,42.1,14.3,3.1,0.7
Cauca,2022,1,2022-01-01,37.4,1.8,19.9,23.3,9.3,8.4
Cesar,2022,1,2022-01-01,31.7,1.8,38.0,18.4,5.9,4.1
Choco,2022,1,2022-01-01,61.0,0.6,19.3,16.7,1.4,1.0
Cordoba,2022,1,2022-01-01,40.0,1.0,19.6,19.9,18.7,0.8
Cundinamarca,2022,1,2022-01-01,28.2,9.9,47.4,11.3,1.6,1.6
Guainia,2022,1,2022-01-01,16.9,0.6,18.2,6.7,6.4,51.2
Guaviare,2022,1,2022-01-01,36.0,3.0,32.3,21.9,5.1,1.7
Huila,2022,1,2022-01-01,39.8,3.5,32.6,19.2,3.0,1.8
La_Guajira,2022,1,2022-01-01,21.6,0.5,24.6,18.1,13.9,21.3
Magdalena,2022,1,2022-01-01,39.7,0.8,26.1,20.0,11.9,1.5
Meta,2022,1,2022-01-01,32.2,3.0,46.4,12.4,4.1,1.9
Narino,2022,1,2022-01-01,39.7,1.4,23.3,24.7,10.5,0.4
Norte_de_Santander,2022,1,2022-01-01,32.9,2.5,41.4,18.7,3.3,1.1
Putumayo,2022,1,2022-01-01,31.7,0.9,35.4,23.1,6.4,2.4
Quindio,2022,1,2022-01-01,32.7,3.6,46.1,12.9,2.3,2.4
Risaralda,2022,1,2022-01-01,32.1,3.3,48.5,12.9,1.5,1.7
Santander,2022,1,2022-01-01,32.3,3.4,46.0,11.7,5.2,1.3
Sucre,2022,1,2022-01-01,42.7,1.3,20.6,24.2,10.3,1.0
Tolima,2022,1,2022-01-01,40.9,3.8,38.8,14.1,2.0,0.4
Valle,2022,1,2022-01-01,31.4,4.2,47.0,13.6,2.0,1.7
Vaupes,2022,1,2022-01-01,19.8,0.0,7.6,4.4,1.2,67.0
Vichada,2022,1,2022-01-01,29.1,0.3,16.0,8.5,11.7,34.4
Amazonas,2022,2,2022-02-01,20.1,0.3,20.3,7.6,7.9,43.7
Antioquia,2022,2,2022-02-01,37.7,3.4,45.3,10.0,1.4,2.2
Arauca,2022,2,2022-02-01,34.3,0.8,32.2,20.4,11.5,0.8
Atlantico,2022,2,2022-02-01,45.7,2.3,31.4,16.4,3.9,0.3
Bogota_DC,2022,2,2022-02-01,31.2,7.5,52.7,6.7,1.0,1.0
Bolivar,2022,2,2022-02-01,35.6,1.2,25.7,16.3,15.0,6.3
Boyaca,2022,2,2022-02-01,36.8,4.1,38.4,15.6,2.6,2.5
Caldas,2022,2,2022-02-01,34.9,6.5,40.7,15.3,1.6,1.0
Caqueta,2022,2,2022-02-01,28.5,1.9,37.2,24.7,7.2,0.4
Casanare,2022,2,2022-02-01,37.9,2.1,42.1,14.3,3.1,0.7
Cauca,2022,2,2022-02-01,37.4,1.8,19.9,23.3,9.3,8.4
Cesar,2022,2,2022-02-01,31.7,1.8,38.0,18.4,5.9,4.1
Choco,2022,2,2022-02-01,61.0,0.6,19.3,16.7,1.4,1.0
Cordoba,2022,2,2022-02-01,40.0,1.0,19.6,19.9,18.7,0.8
Cundinamarca,2022,2,2022-02-01,28.2,9.9,47.4,11.3,1.6,1.6
Guainia,2022,2,2022-02-01,16.9,0.6,18.2,6.7,6.4,51.2
Guaviare,2022,2,2022-02-01,36.0,3.0,32.3,21.9,5.1,1.7
Huila,2022,2,2022-02-01,39.8,3.5,32.6,19.2,3.0,1.8
La_Guajira,2022,2,2022-02-01,21.6,0.5,24.6,18.1,13.9,21.3
Magdalena,2022,2,2022-02-01,39.7,0.8,26.1,20.0,11.9,1.5
Meta,2022,2,2022-02-01,32.2,3.0,46.4,12.4,4.1,1.9
Narino,2022,2,2022-02-01,39.7,1.4,23.3,24.7,10.5,0.4
Norte_de_Santander,2022,2,2022-02-01,32.9,2.5,41.4,18.7,3.3,1.1
Putumayo,2022,2,2022-02-01,31.7,0.9,35.4,23.1,6.4,2.4
Quindio,2022,2,2022-02-01,32.7,3.6,46.1,12.9,2.3,2.4
Risaralda,2022,2,2022-02-01,32.1,3.3,48.5,12.9,1.5,1.7
Santander,2022,2,2022-02-01,32.3,3.4,46.0,11.7,5.2,1.3
Sucre,2022,2,2022-02-01,42.7,1.3,20.6,24.2,10.3,1.0
Tolima,2022,2,2022-02-01,40.9,3.8,38.8,14.1,2.0,0.4
Valle,2022,2,2022-02-01,31.4,4.2,47.0,13.6,2.0,1.7
Vaupes,2022,2,2022-02-01,19.8,0.0,7.6,4.4,1.2,67.0
Vichada,2022,2,2022-02-01,29.1,0.3,16.0,8.5,11.7,34.4
Amazonas,2022,3,2022-03-01,20.1,0.3,20.3,7.6,7.9,43.7
Antioquia,2022,3,2022-03-01,37.7,3.4,45.3,10.0,1.4,2.2
Arauca,2022,3,2022-03-01,34.3,0.8,32.2,20.4,11.5,0.8
Atlantico,2022,3,2022-03-01,45.7,2.3,31.4,16.4,3.9,0.3
Bogota_DC,2022,3,2022-03-01,31.2,7.5,52.7,6.7,1.0,1.0
Bolivar,2022,3,2022-03-01,35.6,1.2,25.7,16.3,15.0,6.3
Boyaca,2022,3,2022-03-01,36.8,4.1,38.4,15.6,2.6,2.5
Caldas,2022,3,2022-03-01,34.9,6.5,40.7,15.3,1.6,1.0
Caqueta,2022,3,2022-03-01,28.5,1.9,37.2,24.7,7.2,0.4
Casanare,2022,3,2022-03-01,37.9,2.1,42.1,14.3,3.1,0.7
Cauca,2022,3,2022-03-01,37.4,1.8,19.9,23.3,9.3,8.4
Cesar,2022,3,2022-03-01,31.7,1.8,38.0,18.4,5.9,4.1
Choco,2022,3,2022-03-01,61.0,0.6,19.3,16.7,1.4,1.0
Cordoba,2022,3,2022-03-01,40.0,1.0,19.6,19.9,18.7,0.8
Cundinamarca,2022,3,2022-03-01,28.2,9.9,47.4,11.3,1.6,1.6
Guainia,2022,3,2022-03-01,16.9,0.6,18.2,6.7,6.4,51.2
Guaviare,2022,3,2022-03-01,36.0,3.0,32.3,21.9,5.1,1.7
Huila,2022,3,2022-03-01,39.8,3.5,32.6,19.2,3.0,1.8
La_Guajira,2022,3,2022-03-01,21.6,0.5,24.6,18.1,13.9,21.3
Magdalena,2022,3,2022-03-01,39.7,0.8,26.1,20.0,11.9,1.5
Meta,2022,3,2022-03-01,32.2,3.0,46.4,12.4,4.1,1.9
Narino,2022,3,2022-03-01,39.7,1.4,23.3,24.7,10.5,0.4
Norte_de_Santander,2022,3,2022-03-01,32.9,2.5,41.4,18.7,3.3,1.1
Putumayo,2022,3,2022-03-01,31.7,0.9,35.4,23.1,6.4,2.4
Quindio,2022,3,2022-03-01,32.7,3.6,46.1,12.9,2.3,2.4
Risaralda,2022,3,2022-03-01,32.1,3.3,48.5,12.9,1.5,1.7
Santander,2022,3,2022-03-01,32.3,3.4,46.0,11.7,5.2,1.3
Sucre,2022,3,2022-03-01,42.7,1.3,20.6,24.2,10.3,1.0
Tolima,2022,3,2022-03-01,40.9,3.8,38.8,14.1,2.0,0.4
Valle,2022,3,2022-03-01,31.4,4.2,47.0,13.6,2.0,1.7
Vaupes,2022,3,2022-03-01,19.8,0.0,7.6,4.4,1.2,67.0
Vichada,2022,3,2022-03-01,29.1,0.3,16.0,8.5,11.7,34.4
Amazonas,2022,4,2022-04-01,20.1,0.3,20.3,7.6,7.9,43.7
Antioquia,2022,4,2022-04-01,37.7,3.4,45.3,10.0,1.4,2.2
Arauca,2022,4,2022-04-01,34.3,0.8,32.2,20.4,11.5,0.8
Atlantico,2022,4,2022-04-01,45.7,2.3,31.4,16.4,3.9,0.3
Bogota_DC,2022,4,2022-04-01,31.2,7.5,52.7,6.7,1.0,1.0
Bolivar,2022,4,2022-04-01,35.6,1.2,25.7,16.3,15.0,6.3
Boyaca,2022,4,2022-04-01,36.8,4.1,38.4,15.6,2.6,2.5
Caldas,2022,4,2022-04-01,34.9,6.5,40.7,15.3,1.6,1.0
Caqueta,2022,4,2022-04-01,28.5,1.9,37.2,24.7,7.2,0.4
Casanare,2022,4,2022-04-01,37.9,2.1,42.1,14.3,3.1,0.7
Cauca,2022,4,2022-04-01,37.4,1.8,19.9,23.3,9.3,8.4
Cesar,2022,4,2022-04-01,31.7,1.8,38.0,18.4,5.9,4.1
Choco,2022,4,2022-04-01,61.0,0.6,19.3,16.7,1.4,1.0
Cordoba,2022,4,2022-04-01,40.0,1.0,19.6,19.9,18.7,0.8
Cundinamarca,2022,4,2022-04-01,28.2,9.9,47.4,11.3,1.6,1.6
Guainia,2022,4,2022-04-01,16.9,0.6,18.2,6.7,6.4,51.2
Guaviare,2022,4,2022-04-01,36.0,3.0,32.3,21.9,5.1,1.7
Huila,2022,4,2022-04-01,39.8,3.5,32.6,19.2,3.0,1.8
La_Guajira,2022,4,2022-04-01,21.6,0.5,24.6,18.1,13.9,21.3
Magdalena,2022,4,2022-04-01,39.7,0.8,26.1,20.0,11.9,1.5
Meta,2022,4,2022-04-01,32.2,3.0,46.4,12.4,4.1,1.9
Narino,2022,4,2022-04-01,39.7,1.4,23.3,24.7,10.5,0.4
Norte_de_Santander,2022,4,2022-04-01,32.9,2.5,41.4,18.7,3.3,1.1
Putumayo,2022,4,2022-04-01,31.7,0.9,35.4,23.1,6.4,2.4
Quindio,2022,4,2022-04-01,32.7,3.6,46.1,12.9,2.3,2.4
Risaralda,2022,4,2022-04-01,32.1,3.3,48.5,12.9,1.5,1.7
Santander,2022,4,2022-04-01,32.3,3.4,46.0,11.7,5.2,1.3
Sucre,2022,4,2022-04-01,42.7,1.3,20.6,24.2,10.3,1.0
Tolima,2022,4,2022-04-01,40.9,3.8,38.8,14.1,2.0,0.4
Valle,2022,4,2022-04-01,31.4,4.2,47.0,13.6,2.0,1.7
Vaupes,2022,4,2022-04-01,19.8,0.0,7.6,4.4,1.2,67.0
Vichada,2022,4,2022-04-01,29.1,0.3,16.0,8.5,11.7,34.4
Amazonas,2022,5,2022-05-01,20.1,0.3,20.3,7.6,7.9,43.7
Antioquia,2022,5,2022-05-01,37.7,3.4,45.3,10.0,1.4,2.2
Arauca,2022,5,2022-05-01,34.3,0.8,32.2,20.4,11.5,0.8
Atlantico,2022,5,2022-05-01,45.7,2.3,31.4,16.4,3.9,0.3
Bogota_DC,2022,5,2022-05-01,31.2,7.5,52.7,6.7,1.0,1.0
Bolivar,2022,5,2022-05-01,35.6,1.2,25.7,16.3,15.0,6.3
Boyaca,2022,5,2022-05-01,36.8,4.1,38.4,15.6,2.6,2.5
Caldas,2022,5,2022-05-01,34.9,6.5,40.7,15.3,1.6,1.0
Caqueta,2022,5,2022-05-01,28.5,1.9,37.2,24.7,7.2,0.4
Casanare,2022,5,2022-05-01,37.9,2.1,42.1,14.3,3.1,0.7
Cauca,2022,5,2022-05-01,37.4,1.8,19.9,23.3,9.3,8.4
Cesar,2022,5,2022-05-01,31.7,1.8,38.0,18.4,5.9,4.1
Choco,2022,5,2022-05-01,61.0,0.6,19.3,16.7,1.4,1.0
Cordoba,2022,5,2022-05-01,40.0,1.0,19.6,19.9,18.7,0.8
Cundinamarca,2022,5,2022-05-01,28.2,9.9,47.4,11.3,1.6,1.6
Guainia,2022,5,2022-05-01,16.9,0.6,18.2,6.7,6.4,51.2
Guaviare,2022,5,2022-05-01,36.0,3.0,32.3,21.9,5.1,1.7
Huila,2022,5,2022-05-01,39.8,3.5,32.6,19.2,3.0,1.8
La_Guajira,2022,5,2022-05-01,21.6,0.5,24.6,18.1,13.9,21.3
Magdalena,2022,5,2022-05-01,39.7,0.8,26.1,20.0,11.9,1.5
Meta,2022,5,2022-05-01,32.2,3.0,46.4,12.4,4.1,1.9
Narino,2022,5,2022-05-01,39.7,1.4,23.3,24.7,10.5,0.4
Norte_de_Santander,2022,5,2022-05-01,32.9,2.5,41.4,18.7,3.3,1.1
Putumayo,2022,5,2022-05-01,31.7,0.9,35.4,23.1,6.4,2.4
Quindio,2022,5,2022-05-01,32.7,3.6,46.1,12.9,2.3,2.4
Risaralda,2022,5,2022-05-01,32.1,3.3,48.5,12.9,1.5,1.7
Santander,2022,5,2022-05-01,32.3,3.4,46.0,11.7,5.2,1.3
Sucre,2022,5,2022-05-01,42.7,1.3,20.6,24.2,10.3,1.0
Tolima,2022,5,2022-05-01,40.9,3.8,38.8,14.1,2.0,0.4
Valle,2022,5,2022-05-01,31.4,4.2,47.0,13.6,2.0,1.7
Vaupes,2022,5,2022-05-01,19.8,0.0,7.6,4.4,1.2,67.0
Vichada,2022,5,2022-05-01,29.1,0.3,16.0,8.5,11.7,34.4
Amazonas,2022,6,2022-06-01,20.1,0.3,20.3,7.6,7.9,43.7
Antioquia,2022,6,2022-06-01,37.7,3.4,45.3,10.0,1.4,2.2
Arauca,2022,6,2022-06-01,34.3,0.8,32.2,20.4,11.5,0.8
Atlantico,2022,6,2022-06-01,45.7,2.3,31.4,16.4,3.9,0.3
Bogota_DC,2022,6,2022-06-01,31.2,7.5,52.7,6.7,1.0,1.0
Bolivar,2022,6,2022-06-01,35.6,1.2,25.7,16.3,15.0,6.3
Boyaca,2022,6,2022-06-01,36.8,4.1,38.4,15.6,2.6,2.5
Caldas,2022,6,2022-06-01,34.9,6.5,40.7,15.3,1.6,1.0
Caqueta,2022,6,2022-06-01,28.5,1.9,37.2,24.7,7.2,0.4
Casanare,2022,6,2022-06-01,37.9,2.1,42.1,14.3,3.1,0.7
Cauca,2022,6,2022-06-01,37.4,1.8,19.9,23.3,9.3,8.4
Cesar,2022,6,2022-06-01,31.7,1.8,38.0,18.4,5.9,4.1
Choco,2022,6,2022-06-01,61.0,0.6,19.3,16.7,1.4,1.0
Cordoba,2022,6,2022-06-01,40.0,1.0,19.6,19.9,18.7,0.8
Cundinamarca,2022,6,2022-06-01,28.2,9.9,47.4,11.3,1.6,1.6
Guainia,2022,6,2022-06-01,16.9,0.6,18.2,6.7,6.4,51.2
Guaviare,2022,6,2022-06-01,36.0,3.0,32.3,21.9,5.1,1.7
Huila,2022,6,2022-06-01,39.8,3.5,32.6,19.2,3.0,1.8
La_Guajira,2022,6,2022-06-01,21.6,0.5,24.6,18.1,13.9,21.3
Magdalena,2022,6,2022-06-01,39.7,0.8,26.1,20.0,11.9,1.5
Meta,2022,6,2022-06-01,32.2,3.0,46.4,12.4,4.1,1.9
Narino,2022,6,2022-06-01,39.7,1.4,23.3,24.7,10.5,0.4
Norte_de_Santander,2022,6,2022-06-01,32.9,2.5,41.4,18.7,3.3,1.1
Putumayo,2022,6,2022-06-01,31.7,0.9,35.4,23.1,6.4,2.4
Quindio,2022,6,2022-06-01,32.7,3.6,46.1,12.9,2.3,2.4
Risaralda,2022,6,2022-06-01,32.1,3.3,48.5,12.9,1.5,1.7
Santander,2022,6,2022-06-01,32.3,3.4,46.0,11.7,5.2,1.3
Sucre,2022,6,2022-06-01,42.7,1.3,20.6,24.2,10.3,1.0
Tolima,2022,6,2022-06-01,40.9,3.8,38.8,14.1,2.0,0.4
Valle,2022,6,2022-06-01,31.4,4.2,47.0,13.6,2.0,1.7
Vaupes,2022,6,2022-06-01,19.8,0.0,7.6,4.4,1.2,67.0
Vichada,2022,6,2022-06-01,29.1,0.3,16.0,8.5,11.7,34.4
Amazonas,2022,7,2022-07-01,20.1,0.3,20.3,7.6,7.9,43.7
Antioquia,2022,7,2022-07-01,37.7,3.4,45.3,10.0,1.4,2.2
Arauca,2022,7,2022-07-01,34.3,0.8,32.2,20.4,11.5,0.8
Atlantico,2022,7,2022-07-01,45.7,2.3,31.4,16.4,3.9,0.3
Bogota_DC,2022,7,2022-07-01,31.2,7.5,52.7,6.7,1.0,1.0
Bolivar,2022,7,2022-07-01,35.6,1.2,25.7,16.3,15.0,6.3
Boyaca,2022,7,2022-07-01,36.8,4.1,38.4,15.6,2.6,2.5
Caldas,2022,7,2022-07-01,34.9,6.5,40.7,15.3,1.6,1.0
Caqueta,2022,7,2022-07-01,28.5,1.9,37.2,24.7,7.2,0.4
Casanare,2022,7,2022-07-01,37.9,2.1,42.1,14.3,3.1,0.7
Cauca,2022,7,2022-07-01,37.4,1.8,19.9,23.3,9.3,8.4
Cesar,2022,7,2022-07-01,31.7,1.8,38.0,18.4,5.9,4.1
Choco,2022,7,2022-07-01,61.0,0.6,19.3,16.7,1.4,1.0
Cordoba,2022,7,2022-07-01,40.0,1.0,19.6,19.9,18.7,0.8
Cundinamarca,2022,7,2022-07-01,28.2,9.9,47.4,11.3,1.6,1.6
Guainia,2022,7,2022-07-01,16.9,0.6,18.2,6.7,6.4,51.2
Guaviare,2022,7,2022-07-01,36.0,3.0,32.3,21.9,5.1,1.7
Huila,2022,7,2022-07-01,39.8,3.5,32.6,19.2,3.0,1.8
La_Guajira,2022,7,2022-07-01,21.6,0.5,24.6,18.1,13.9,21.3
Magdalena,2022,7,2022-07-01,39.7,0.8,26.1,20.0,11.9,1.5
Meta,2022,7,2022-07-01,32.2,3.0,46.4,12.4,4.1,1.9
Narino,2022,7,2022-07-01,39.7,1.4,23.3,24.7,10.5,0.4
Norte_de_Santander,2022,7,2022-07-01,32.9,2.5,41.4,18.7,3.3,1.1
Putumayo,2022,7,2022-07-01,31.7,0.9,35.4,23.1,6.4,2.4
Quindio,2022,7,2022-07-01,32.7,3.6,46.1,12.9,2.3,2.4
Risaralda,2022,7,2022-07-01,32.1,3.3,48.5,12.9,1.5,1.7
Santander,2022,7,2022-07-01,32.3,3.4,46.0,11.7,5.2,1.3
Sucre,2022,7,2022-07-01,42.7,1.3,20.6,24.2,10.3,1.0
Tolima,2022,7,2022-07-01,40.9,3.8,38.8,14.1,2.0,0.4
Valle,2022,7,2022-07-01,31.4,4.2,47.0,13.6,2.0,1.7
Vaupes,2022,7,2022-07-01,19.8,0.0,7.6,4.4,1.2,67.0
Vichada,2022,7,2022-07-01,29.1,0.3,16.0,8.5,11.7,34.4
Amazonas,2022,8,2022-08-01,20.1,0.3,20.3,7.6,7.9,43.7
Antioquia,2022,8,2022-08-01,37.7,3.4,45.3,10.0,1.4,2.2
Arauca,2022,8,2022-08-01,34.3,0.8,32.2,20.4,11.5,0.8
Atlantico,2022,8,2022-08-01,45.7,2.3,31.4,16.4,3.9,0.3
Bogota_DC,2022,8,2022-08-01,31.2,7.5,52.7,6.7,1.0,1.0
Bolivar,2022,8,2022-08-01,35.6,1.2,25.7,16.3,15.0,6.3
Boyaca,2022,8,2022-08-01,36.8,4.1,38.4,15.6,2.6,2.5
Caldas,2022,8,2022-08-01,34.9,6.5,40.7,15.3,1.6,1.0
Caqueta,2022,8,2022-08-01,28.5,1.9,37.2,24.7,7.2,0.4
Casanare,2022,8,2022-08-01,37.9,2.1,42.1,14.3,3.1,0.7
Cauca,2022,8,2022-08-01,37.4,1.8,19.9,23.3,9.3,8.4
Cesar,2022,8,2022-08-01,31.7,1.8,38.0,18.4,5.9,4.1
Choco,2022,8,2022-08-01,61.0,0.6,19.3,16.7,1.4,1.0
Cordoba,2022,8,2022-08-01,40.0,1.0,19.6,19.9,18.7,0.8
Cundinamarca,2022,8,2022-08-01,28.2,9.9,47.4,11.3,1.6,1.6
Guainia,2022,8,2022-08-01,16.9,0.6,18.2,6.7,6.4,51.2
Guaviare,2022,8,2022-08-01,36.0,3.0,32.3,21.9,5.1,1.7
Huila,2022,8,2022-08-01,39.8,3.5,32.6,19.2,3.0,1.8
La_Guajira,2022,8,2022-08-01,21.6,0.5,24.6,18.1,13.9,21.3
Magdalena,2022,8,2022-08-01,39.7,0.8,26.1,20.0,11.9,1.5
Meta,2022,8,2022-08-01,32.2,3.0,46.4,12.4,4.1,1.9
Narino,2022,8,2022-08-01,39.7,1.4,23.3,24.7,10.5,0.4
Norte_de_Santander,2022,8,2022-08-01,32.9,2.5,41.4,18.7,3.3,1.1
Putumayo,2022,8,2022-08-01,31.7,0.9,35.4,23.1,6.4,2.4
Quindio,2022,8,2022-08-01,32.7,3.6,46.1,12.9,2.3,2.4
Risaralda,2022,8,2022-08-01,32.1,3.3,48.5,12.9,1.5,1.7
Santander,2022,8,2022-08-01,32.3,3.4,46.0,11.7,5.2,1.3
Sucre,2022,8,2022-08-01,42.7,1.3,20.6,24.2,10.3,1.0
Tolima,2022,8,2022-08-01,40.9,3.8,38.8,14.1,2.0,0.4
Valle,2022,8,2022-08-01,31.4,4.2,47.0,13.6,2.0,1.7
Vaupes,2022,8,2022-08-01,19.8,0.0,7.6,4.4,1.2,67.0
Vichada,2022,8,2022-08-01,29.1,0.3,16.0,8.5,11.7,34.4
Amazonas,2022,9,2022-09-01,20.1,0.3,20.3,7.6,7.9,43.7
Antioquia,2022,9,2022-09-01,37.7,3.4,45.3,10.0,1.4,2.2
Arauca,2022,9,2022-09-01,34.3,0.8,32.2,20.4,11.5,0.8
Atlantico,2022,9,2022-09-01,45.7,2.3,31.4,16.4,3.9,0.3
Bogota_DC,2022,9,2022-09-01,31.2,7.5,52.7,6.7,1.0,1.0
Bolivar,2022,9,2022-09-01,35.6,1.2,25.7,16.3,15.0,6.3
Boyaca,2022,9,2022-09-01,36.8,4.1,38.4,15.6,2.6,2.5
Caldas,2022,9,2022-09-01,34.9,6.5,40.7,15.3,1.6,1.0
Caqueta,2022,9,2022-09-01,28.5,1.9,37.2,24.7,7.2,0.4
Casanare,2022,9,2022-09-01,37.9,2.1,42.1,14.3,3.1,0.7
Cauca,2022,9,2022-09-01,37.4,1.8,19.9,23.3,9.3,8.4
Cesar,2022,9,2022-09-01,31.7,1.8,38.0,18.4,5.9,4.1
Choco,2022,9,2022-09-01,61.0,0.6,19.3,16.7,1.4,1.0
Cordoba,2022,9,2022-09-01,40.0,1.0,19.6,19.9,18.7,0.8
Cundinamarca,2022,9,2022-09-01,28.2,9.9,47.4,11.3,1.6,1.6
Guainia,2022,9,2022-09-01,16.9,0.6,18.2,6.7,6.4,51.2
Guaviare,2022,9,2022-09-01,36.0,3.0,32.3,21.9,5.1,1.7
Huila,2022,9,2022-09-01,39.8,3.5,32.6,19.2,3.0,1.8
La_Guajira,2022,9,2022-09-01,21.6,0.5,24.6,18.1,13.9,21.3
Magdalena,2022,9,2022-09-01,39.7,0.8,26.1,20.0,11.9,1.5
Meta,2022,9,2022-09-01,32.2,3.0,46.4,12.4,4.1,1.9
Narino,2022,9,2022-09-01,39.7,1.4,23.3,24.7,10.5,0.4
Norte_de_Santander,2022,9,2022-09-01,32.9,2.5,41.4,18.7,3.3,1.1
Putumayo,2022,9,2022-09-01,31.7,0.9,35.4,23.1,6.4,2.4
Quindio,2022,9,2022-09-01,32.7,3.6,46.1,12.9,2.3,2.4
Risaralda,2022,9,2022-09-01,32.1,3.3,48.5,12.9,1.5,1.7
Santander,2022,9,2022-09-01,32.3,3.4,46.0,11.7,5.2,1.3
Sucre,2022,9,2022-09-01,42.7,1.3,20.6,24.2,10.3,1.0
Tolima,2022,9,2022-09-01,40.9,3.8,38.8,14.1,2.0,0.4
Valle,2022,9,2022-09-01,31.4,4.2,47.0,13.6,2.0,1.7
Vaupes,2022,9,2022-09-01,19.8,0.0,7.6,4.4,1.2,67.0
Vichada,2022,9,2022-09-01,29.1,0.3,16.0,8.5,11.7,34.4
Amazonas,2022,10,2022-10-01,20.1,0.3,20.3,7.6,7.9,43.7
Antioquia,2022,10,2022-10-01,37.7,3.4,45.3,10.0,1.4,2.2
Arauca,2022,10,2022-10-01,34.3,0.8,32.2,20.4,11.5,0.8
Atlantico,2022,10,2022-10-01,45.7,2.3,31.4,16.4,3.9,0.3
Bogota_DC,2022,10,2022-10-01,31.2,7.5,52.7,6.7,1.0,1.0
Bolivar,2022,10,2022-10-01,35.6,1.2,25.7,16.3,15.0,6.3
Boyaca,2022,10,2022-10-01,36.8,4.1,38.4,15.6,2.6,2.5
Caldas,2022,10,2022-10-01,34.9,6.5,40.7,15.3,1.6,1.0
Caqueta,2022,10,2022-10-01,28.5,1.9,37.2,24.7,7.2,0.4
Casanare,2022,10,2022-10-01,37.9,2.1,42.1,14.3,3.1,0.7
Cauca,2022,10,2022-10-01,37.4,1.8,19.9,23.3,9.3,8.4
Cesar,2022,10,2022-10-01,31.7,1.8,38.0,18.4,5.9,4.1
Choco,2022,10,2022-10-01,61.0,0.6,19.3,16.7,1.4,1.0
Cordoba,2022,10,2022-10-01,40.0,1.0,19.6,19.9,18.7,0.8
Cundinamarca,2022,10,2022-10-01,28.2,9.9,47.4,11.3,1.6,1.6
Guainia,2022,10,2022-10-01,16.9,0.6,18.2,6.7,6.4,51.2
Guaviare,2022,10,2022-10-01,36.0,3.0,32.3,21.9,5.1,1.7
Huila,2022,10,2022-10-01,39.8,3.5,32.6,19.2,3.0,1.8
La_Guajira,2022,10,2022-10-01,21.6,0.5,24.6,18.1,13.9,21.3
Magdalena,2022,10,2022-10-01,39.7,0.8,26.1,20.0,11.9,1.5
Meta,2022,10,2022-10-01,32.2,3.0,46.4,12.4,4.1,1.9
Narino,2022,10,2022-10-01,39.7,1.4,23.3,24.7,10.5,0.4
Norte_de_Santander,2022,10,2022-10-01,32.9,2.5,41.4,18.7,3.3,1.1
Putumayo,2022,10,2022-10-01,31.7,0.9,35.4,23.1,6.4,2.4
Quindio,2022,10,2022-10-01,32.7,3.6,46.1,12.9,2.3,2.4
Risaralda,2022,10,2022-10-01,32.1,3.3,48.5,12.9,1.5,1.7
Santander,2022,10,2022-10-01,32.3,3.4,46.0,11.7,5.2,1.3
Sucre,2022,10,2022-10-01,42.7,1.3,20.6,24.2,10.3,1.0
Tolima,2022,10,2022-10-01,40.9,3.8,38.8,14.1,2.0,0.4
Valle,2022,10,2022-10-01,31.4,4.2,47.0,13.6,2.0,1.7
Vaupes,2022,10,2022-10-01,19.8,0.0,7.6,4.4,1.2,67.0
Vichada,2022,10,2022-10-01,29.1,0.3,16.0,8.5,11.7,34.4
Amazonas,2022,11,2022-11-01,20.1,0.3,20.3,7.6,7.9,43.7
Antioquia,2022,11,2022-11-01,37.7,3.4,45.3,10.0,1.4,2.2
Arauca,2022,11,2022-11-01,34.3,0.8,32.2,20.4,11.5,0.8
Atlantico,2022,11,2022-11-01,45.7,2.3,31.4,16.4,3.9,0.3
Bogota_DC,2022,11,2022-11-01,31.2,7.5,52.7,6.7,1.0,1.0
Bolivar,2022,11,2022-11-01,35.6,1.2,25.7,16.3,15.0,6.3
Boyaca,2022,11,2022-11-01,36.8,4.1,38.4,15.6,2.6,2.5
Caldas,2022,11,2022-11-01,34.9,6.5,40.7,15.3,1.6,1.0
Caqueta,2022,11,2022-11-01,28.5,1.9,37.2,24.7,7.2,0.4
Casanare,2022,11,2022-11-01,37.9,2.1,42.1,14.3,3.1,0.7
Cauca,2022,11,2022-11-01,37.4,1.8,19.9,23.3,9.3,8.4
Cesar,2022,11,2022-11-01,31.7,1.8,38.0,18.4,5.9,4.1
Choco,2022,11,2022-11-01,61.0,0.6,19.3,16.7,1.4,1.0
Cordoba,2022,11,2022-11-01,40.0,1.0,19.6,19.9,18.7,0.8
Cundinamarca,2022,11,2022-11-01,28.2,9.9,47.4,11.3,1.6,1.6
Guainia,2022,11,2022-11-01,16.9,0.6,18.2,6.7,6.4,51.2
Guaviare,2022,11,2022-11-01,36.0,3.0,32.3,21.9,5.1,1.7
Huila,2022,11,2022-11-01,39.8,3.5,32.6,19.2,3.0,1.8
La_Guajira,2022,11,2022-11-01,21.6,0.5,24.6,18.1,13.9,21.3
Magdalena,2022,11,2022-11-01,39.7,0.8,26.1,20.0,11.9,1.5
Meta,2022,11,2022-11-01,32.2,3.0,46.4,12.4,4.1,1.9
Narino,2022,11,2022-11-01,39.7,1.4,23.3,24.7,10.5,0.4
Norte_de_Santander,2022,11,2022-11-01,32.9,2.5,41.4,18.7,3.3,1.1
Putumayo,2022,11,2022-11-01,31.7,0.9,35.4,23.1,6.4,2.4
Quindio,2022,11,2022-11-01,32.7,3.6,46.1,12.9,2.3,2.4
Risaralda,2022,11,2022-11-01,32.1,3.3,48.5,12.9,1.5,1.7
Santander,2022,11,2022-11-01,32.3,3.4,46.0,11.7,5.2,1.3
Sucre,2022,11,2022-11-01,42.7,1.3,20.6,24.2,10.3,1.0
Tolima,2022,11,2022-11-01,40.9,3.8,38.8,14.1,2.0,0.4
Valle,2022,11,2022-11-01,31.4,4.2,47.0,13.6,2.0,1.7
Vaupes,2022,11,2022-11-01,19.8,0.0,7.6,4.4,1.2,67.0
Vichada,2022,11,2022-11-01,29.1,0.3,16.0,8.5,11.7,34.4
Amazonas,2022,12,2022-12-01,20.1,0.3,20.3,7.6,7.9,43.7
Antioquia,2022,12,2022-12-01,37.7,3.4,45.3,10.0,1.4,2.2
Arauca,2022,12,2022-12-01,34.3,0.8,32.2,20.4,11.5,0.8
Atlantico,2022,12,2022-12-01,45.7,2.3,31.4,16.4,3.9,0.3
Bogota_DC,2022,12,2022-12-01,31.2,7.5,52.7,6.7,1.0,1.0
Bolivar,2022,12,2022-12-01,35.6,1.2,25.7,16.3,15.0,6.3
Boyaca,2022,12,2022-12-01,36.8,4.1,38.4,15.6,2.6,2.5
Caldas,2022,12,2022-12-01,34.9,6.5,40.7,15.3,1.6,1.0
Caqueta,2022,12,2022-12-01,28.5,1.9,37.2,24.7,7.2,0.4
Casanare,2022,12,2022-12-01,37.9,2.1,42.1,14.3,3.1,0.7
Cauca,2022,12,2022-12-01,37.4,1.8,19.9,23.3,9.3,8.4
Cesar,2022,12,2022-12-01,31.7,1.8,38.0,18.4,5.9,4.1
Choco,2022,12,2022-12-01,61.0,0.6,19.3,16.7,1.4,1.0
Cordoba,2022,12,2022-12-01,40.0,1.0,19.6,19.9,18.7,0.8
Cundinamarca,2022,12,2022-12-01,28.2,9.9,47.4,11.3,1.6,1.6
Guainia,2022,12,2022-12-01,16.9,0.6,18.2,6.7,6.4,51.2
Guaviare,2022,12,2022-12-01,36.0,3.0,32.3,21.9,5.1,1.7
Huila,2022,12,2022-12-01,39.8,3.5,32.6,19.2,3.0,1.8
La_Guajira,2022,12,2022-12-01,21.6,0.5,24.6,18.1,13.9,21.3
Magdalena,2022,12,2022-12-01,39.7,0.8,26.1,20.0,11.9,1.5
Meta,2022,12,2022-12-01,32.2,3.0,46.4,12.4,4.1,1.9
Narino,2022,12,2022-12-01,39.7,1.4,23.3,24.7,10.5,0.4
Norte_de_Santander,2022,12,2022-12-01,32.9,2.5,41.4,18.7,3.3,1.1
Putumayo,2022,12,2022-12-01,31.7,0.9,35.4,23.1,6.4,2.4
Quindio,2022,12,2022-12-01,32.7,3.6,46.1,12.9,2.3,2.4
Risaralda,2022,12,2022-12-01,32.1,3.3,48.5,12.9,1.5,1.7
Santander,2022,12,2022-12-01,32.3,3.4,46.0,11.7,5.2,1.3
Sucre,2022,12,2022-12-01,42.7,1.3,20.6,24.2,10.3,1.0
Tolima,2022,12,2022-12-01,40.9,3.8,38.8,14.1,2.0,0.4
Valle,2022,12,2022-12-01,31.4,4.2,47.0,13.6,2.0,1.7
Vaupes,2022,12,2022-12-01,19.8,0.0,7.6,4.4,1.2,67.0
Vichada,2022,12,2022-12-01,29.1,0.3,16.0,8.5,11.7,34.4
Amazonas,2023,1,2023-01-01,34.1,0.4,28.4,6.7,3.8,26.6
Antioquia,2023,1,2023-01-01,37.5,3.4,44.9,9.8,1.8,2.6
Arauca,2023,1,2023-01-01,33.3,1.1,34.6,20.8,9.4,0.7
Atlantico,2023,1,2023-01-01,39.9,2.9,35.1,18.2,2.6,1.2
Bogota_DC,2023,1,2023-01-01,30.7,8.0,51.6,8.5,0.7,0.4
Bolivar,2023,1,2023-01-01,37.2,1.1,28.8,24.6,5.9,2.3
Boyaca,2023,1,2023-01-01,36.6,3.7,40.7,15.5,2.8,0.6
Caldas,2023,1,2023-01-01,34.8,5.2,45.0,11.9,0.9,2.2
Caqueta,2023,1,2023-01-01,28.0,1.2,39.2,25.1,5.8,0.7
Casanare,2023,1,2023-01-01,35.8,1.2,43.6,11.5,6.5,1.4
Cauca,2023,1,2023-01-01,40.8,1.8,18.6,24.5,10.3,4.0
Cesar,2023,1,2023-01-01,37.5,2.2,35.3,19.1,4.7,1.2
Choco,2023,1,2023-01-01,67.0,0.2,18.0,13.4,0.3,1.1
Cordoba,2023,1,2023-01-01,42.1,0.7,19.8,28.8,8.6,0.1
Cundinamarca,2023,1,2023-01-01,27.7,8.8,48.9,9.7,2.4,2.6
Guainia,2023,1,2023-01-01,14.3,0.3,16.1,6.7,6.6,55.9
Guaviare,2023,1,2023-01-01,33.5,2.6,37.9,17.0,5.1,3.8
Huila,2023,1,2023-01-01,39.2,2.8,31.0,17.4,7.5,2.2
La_Guajira,2023,1,2023-01-01,28.7,0.4,25.3,12.4,12.3,20.9
Magdalena,2023,1,2023-01-01,42.5,1.4,28.4,20.2,4.9,2.5
Meta,2023,1,2023-01-01,31.1,6.0,45.3,13.3,2.9,1.3
Narino,2023,1,2023-01-01,42.0,1.8,23.0,27.2,3.1,2.8
Norte_de_Santander,2023,1,2023-01-01,35.2,3.4,38.6,17.2,4.8,0.8
Putumayo,2023,1,2023-01-01,26.5,0.4,38.8,27.3,5.8,1.3
Quindio,2023,1,2023-01-01,33.0,4.6,47.3,11.5,2.2,1.4
Risaralda,2023,1,2023-01-01,33.7,3.6,49.2,10.9,1.6,1.0
Santander,2023,1,2023-01-01,35.5,3.9,44.4,12.1,1.9,2.1
Sucre,2023,1,2023-01-01,45.6,1.4,19.3,19.3,11.1,3.3
Tolima,2023,1,2023-01-01,36.7,4.9,39.2,14.7,1.8,2.8
Valle,2023,1,2023-01-01,33.0,3.0,46.3,12.5,1.5,3.7
Vaupes,2023,1,2023-01-01,16.9,0.1,7.6,4.9,4.0,66.5
Vichada,2023,1,2023-01-01,12.2,0.2,12.3,13.4,34.0,27.9
Amazonas,2023,2,2023-02-01,34.1,0.4,28.4,6.7,3.8,26.6
Antioquia,2023,2,2023-02-01,37.5,3.4,44.9,9.8,1.8,2.6
Arauca,2023,2,2023-02-01,33.3,1.1,34.6,20.8,9.4,0.7
Atlantico,2023,2,2023-02-01,39.9,2.9,35.1,18.2,2.6,1.2
Bogota_DC,2023,2,2023-02-01,30.7,8.0,51.6,8.5,0.7,0.4
Bolivar,2023,2,2023-02-01,37.2,1.1,28.8,24.6,5.9,2.3
Boyaca,2023,2,2023-02-01,36.6,3.7,40.7,15.5,2.8,0.6
Caldas,2023,2,2023-02-01,34.8,5.2,45.0,11.9,0.9,2.2
Caqueta,2023,2,2023-02-01,28.0,1.2,39.2,25.1,5.8,0.7
Casanare,2023,2,2023-02-01,35.8,1.2,43.6,11.5,6.5,1.4
Cauca,2023,2,2023-02-01,40.8,1.8,18.6,24.5,10.3,4.0
Cesar,2023,2,2023-02-01,37.5,2.2,35.3,19.1,4.7,1.2
Choco,2023,2,2023-02-01,67.0,0.2,18.0,13.4,0.3,1.1
Cordoba,2023,2,2023-02-01,42.1,0.7,19.8,28.8,8.6,0.1
Cundinamarca,2023,2,2023-02-01,27.7,8.8,48.9,9.7,2.4,2.6
Guainia,2023,2,2023-02-01,14.3,0.3,16.1,6.7,6.6,55.9
Guaviare,2023,2,2023-02-01,33.5,2.6,37.9,17.0,5.1,3.8
Huila,2023,2,2023-02-01,39.2,2.8,31.0,17.4,7.5,2.2
La_Guajira,2023,2,2023-02-01,28.7,0.4,25.3,12.4,12.3,20.9
Magdalena,2023,2,2023-02-01,42.5,1.4,28.4,20.2,4.9,2.5
Meta,2023,2,2023-02-01,31.1,6.0,45.3,13.3,2.9,1.3
Narino,2023,2,2023-02-01,42.0,1.8,23.0,27.2,3.1,2.8
Norte_de_Santander,2023,2,2023-02-01,35.2,3.4,38.6,17.2,4.8,0.8
Putumayo,2023,2,2023-02-01,26.5,0.4,38.8,27.3,5.8,1.3
Quindio,2023,2,2023-02-01,33.0,4.6,47.3,11.5,2.2,1.4
Risaralda,2023,2,2023-02-01,33.7,3.6,49.2,10.9,1.6,1.0
Santander,2023,2,2023-02-01,35.5,3.9,44.4,12.1,1.9,2.1
Sucre,2023,2,2023-02-01,45.6,1.4,19.3,19.3,11.1,3.3
Tolima,2023,2,2023-02-01,36.7,4.9,39.2,14.7,1.8,2.8
Valle,2023,2,2023-02-01,33.0,3.0,46.3,12.5,1.5,3.7
Vaupes,2023,2,2023-02-01,16.9,0.1,7.6,4.9,4.0,66.5
Vichada,2023,2,2023-02-01,12.2,0.2,12.3,13.4,34.0,27.9
Amazonas,2023,3,2023-03-01,34.1,0.4,28.4,6.7,3.8,26.6
Antioquia,2023,3,2023-03-01,37.5,3.4,44.9,9.8,1.8,2.6
Arauca,2023,3,2023-03-01,33.3,1.1,34.6,20.8,9.4,0.7
Atlantico,2023,3,2023-03-01,39.9,2.9,35.1,18.2,2.6,1.2
Bogota_DC,2023,3,2023-03-01,30.7,8.0,51.6,8.5,0.7,0.4
Bolivar,2023,3,2023-03-01,37.2,1.1,28.8,24.6,5.9,2.3
Boyaca,2023,3,2023-03-01,36.6,3.7,40.7,15.5,2.8,0.6
Caldas,2023,3,2023-03-01,34.8,5.2,45.0,11.9,0.9,2.2
Caqueta,2023,3,2023-03-01,28.0,1.2,39.2,25.1,5.8,0.7
Casanare,2023,3,2023-03-01,35.8,1.2,43.6,11.5,6.5,1.4
Cauca,2023,3,2023-03-01,40.8,1.8,18.6,24.5,10.3,4.0
Cesar,2023,3,2023-03-01,37.5,2.2,35.3,19.1,4.7,1.2
Choco,2023,3,2023-03-01,67.0,0.2,18.0,13.4,0.3,1.1
Cordoba,2023,3,2023-03-01,42.1,0.7,19.8,28.8,8.6,0.1
Cundinamarca,2023,3,2023-03-01,27.7,8.8,48.9,9.7,2.4,2.6
Guainia,2023,3,2023-03-01,14.3,0.3,16.1,6.7,6.6,55.9
Guaviare,2023,3,2023-03-01,33.5,2.6,37.9,17.0,5.1,3.8
Huila,2023,3,2023-03-01,39.2,2.8,31.0,17.4,7.5,2.2
La_Guajira,2023,3,2023-03-01,28.7,0.4,25.3,12.4,12.3,20.9
Magdalena,2023,3,2023-03-01,42.5,1.4,28.4,20.2,4.9,2.5
Meta,2023,3,2023-03-01,31.1,6.0,45.3,13.3,2.9,1.3
Narino,2023,3,2023-03-01,42.0,1.8,23.0,27.2,3.1,2.8
Norte_de_Santander,2023,3,2023-03-01,35.2,3.4,38.6,17.2,4.8,0.8
Putumayo,2023,3,2023-03-01,26.5,0.4,38.8,27.3,5.8,1.3
Quindio,2023,3,2023-03-01,33.0,4.6,47.3,11.5,2.2,1.4
Risaralda,2023,3,2023-03-01,33.7,3.6,49.2,10.9,1.6,1.0
Santander,2023,3,2023-03-01,35.5,3.9,44.4,12.1,1.9,2.1
Sucre,2023,3,2023-03-01,45.6,1.4,19.3,19.3,11.1,3.3
Tolima,2023,3,2023-03-01,36.7,4.9,39.2,14.7,1.8,2.8
Valle,2023,3,2023-03-01,33.0,3.0,46.3,12.5,1.5,3.7
Vaupes,2023,3,2023-03-01,16.9,0.1,7.6,4.9,4.0,66.5
Vichada,2023,3,2023-03-01,12.2,0.2,12.3,13.4,34.0,27.9
Amazonas,2023,4,2023-04-01,34.1,0.4,28.4,6.7,3.8,26.6
Antioquia,2023,4,2023-04-01,37.5,3.4,44.9,9.8,1.8,2.6
Arauca,2023,4,2023-04-01,33.3,1.1,34.6,20.8,9.4,0.7
Atlantico,2023,4,2023-04-01,39.9,2.9,35.1,18.2,2.6,1.2
Bogota_DC,2023,4,2023-04-01,30.7,8.0,51.6,8.5,0.7,0.4
Bolivar,2023,4,2023-04-01,37.2,1.1,28.8,24.6,5.9,2.3
Boyaca,2023,4,2023-04-01,36.6,3.7,40.7,15.5,2.8,0.6
Caldas,2023,4,2023-04-01,34.8,5.2,45.0,11.9,0.9,2.2
Caqueta,2023,4,2023-04-01,28.0,1.2,39.2,25.1,5.8,0.7
Casanare,2023,4,2023-04-01,35.8,1.2,43.6,11.5,6.5,1.4
Cauca,2023,4,2023-04-01,40.8,1.8,18.6,24.5,10.3,4.0
Cesar,2023,4,2023-04-01,37.5,2.2,35.3,19.1,4.7,1.2
Choco,2023,4,2023-04-01,67.0,0.2,18.0,13.4,0.3,1.1
Cordoba,2023,4,2023-04-01,42.1,0.7,19.8,28.8,8.6,0.1
Cundinamarca,2023,4,2023-04-01,27.7,8.8,48.9,9.7,2.4,2.6
Guainia,2023,4,2023-04-01,14.3,0.3,16.1,6.7,6.6,55.9
Guaviare,2023,4,2023-04-01,33.5,2.6,37.9,17.0,5.1,3.8
Huila,2023,4,2023-04-01,39.2,2.8,31.0,17.4,7.5,2.2
La_Guajira,2023,4,2023-04-01,28.7,0.4,25.3,12.4,12.3,20.9
Magdalena,2023,4,2023-04-01,42.5,1.4,28.4,20.2,4.9,2.5
Meta,2023,4,2023-04-01,31.1,6.0,45.3,13.3,2.9,1.3
Narino,2023,4,2023-04-01,42.0,1.8,23.0,27.2,3.1,2.8
Norte_de_Santander,2023,4,2023-04-01,35.2,3.4,38.6,17.2,4.8,0.8
Putumayo,2023,4,2023-04-01,26.5,0.4,38.8,27.3,5.8,1.3
Quindio,2023,4,2023-04-01,33.0,4.6,47.3,11.5,2.2,1.4
Risaralda,2023,4,2023-04-01,33.7,3.6,49.2,10.9,1.6,1.0
Santander,2023,4,2023-04-01,35.5,3.9,44.4,12.1,1.9,2.1
Sucre,2023,4,2023-04-01,45.6,1.4,19.3,19.3,11.1,3.3
Tolima,2023,4,2023-04-01,36.7,4.9,39.2,14.7,1.8,2.8
Valle,2023,4,2023-04-01,33.0,3.0,46.3,12.5,1.5,3.7
Vaupes,2023,4,2023-04-01,16.9,0.1,7.6,4.9,4.0,66.5
Vichada,2023,4,2023-04-01,12.2,0.2,12.3,13.4,34.0,27.9
Amazonas,2023,5,2023-05-01,34.1,0.4,28.4,6.7,3.8,26.6
Antioquia,2023,5,2023-05-01,37.5,3.4,44.9,9.8,1.8,2.6
Arauca,2023,5,2023-05-01,33.3,1.1,34.6,20.8,9.4,0.7
Atlantico,2023,5,2023-05-01,39.9,2.9,35.1,18.2,2.6,1.2
Bogota_DC,2023,5,2023-05-01,30.7,8.0,51.6,8.5,0.7,0.4
Bolivar,2023,5,2023-05-01,37.2,1.1,28.8,24.6,5.9,2.3
Boyaca,2023,5,2023-05-01,36.6,3.7,40.7,15.5,2.8,0.6
Caldas,2023,5,2023-05-01,34.8,5.2,45.0,11.9,0.9,2.2
Caqueta,2023,5,2023-05-01,28.0,1.2,39.2,25.1,5.8,0.7
Casanare,2023,5,2023-05-01,35.8,1.2,43.6,11.5,6.5,1.4
Cauca,2023,5,2023-05-01,40.8,1.8,18.6,24.5,10.3,4.0
Cesar,2023,5,2023-05-01,37.5,2.2,35.3,19.1,4.7,1.2
Choco,2023,5,2023-05-01,67.0,0.2,18.0,13.4,0.3,1.1
Cordoba,2023,5,2023-05-01,42.1,0.7,19.8,28.8,8.6,0.1
Cundinamarca,2023,5,2023-05-01,27.7,8.8,48.9,9.7,2.4,2.6
Guainia,2023,5,2023-05-01,14.3,0.3,16.1,6.7,6.6,55.9
Guaviare,2023,5,2023-05-01,33.5,2.6,37.9,17.0,5.1,3.8
Huila,2023,5,2023-05-01,39.2,2.8,31.0,17.4,7.5,2.2
La_Guajira,2023,5,2023-05-01,28.7,0.4,25.3,12.4,12.3,20.9
Magdalena,2023,5,2023-05-01,42.5,1.4,28.4,20.2,4.9,2.5
Meta,2023,5,2023-05-01,31.1,6.0,45.3,13.3,2.9,1.3
Narino,2023,5,2023-05-01,42.0,1.8,23.0,27.2,3.1,2.8
Norte_de_Santander,2023,5,2023-05-01,35.2,3.4,38.6,17.2,4.8,0.8
Putumayo,2023,5,2023-05-01,26.5,0.4,38.8,27.3,5.8,1.3
Quindio,2023,5,2023-05-01,33.0,4.6,47.3,11.5,2.2,1.4
Risaralda,2023,5,2023-05-01,33.7,3.6,49.2,10.9,1.6,1.0
Santander,2023,5,2023-05-01,35.5,3.9,44.4,12.1,1.9,2.1
Sucre,2023,5,2023-05-01,45.6,1.4,19.3,19.3,11.1,3.3
Tolima,2023,5,2023-05-01,36.7,4.9,39.2,14.7,1.8,2.8
Valle,2023,5,2023-05-01,33.0,3.0,46.3,12.5,1.5,3.7
Vaupes,2023,5,2023-05-01,16.9,0.1,7.6,4.9,4.0,66.5
Vichada,2023,5,2023-05-01,12.2,0.2,12.3,13.4,34.0,27.9
Amazonas,2023,6,2023-06-01,34.1,0.4,28.4,6.7,3.8,26.6
Antioquia,2023,6,2023-06-01,37.5,3.4,44.9,9.8,1.8,2.6
Arauca,2023,6,2023-06-01,33.3,1.1,34.6,20.8,9.4,0.7
Atlantico,2023,6,2023-06-01,39.9,2.9,35.1,18.2,2.6,1.2
Bogota_DC,2023,6,2023-06-01,30.7,8.0,51.6,8.5,0.7,0.4
Bolivar,2023,6,2023-06-01,37.2,1.1,28.8,24.6,5.9,2.3
Boyaca,2023,6,2023-06-01,36.6,3.7,40.7,15.5,2.8,0.6
Caldas,2023,6,2023-06-01,34.8,5.2,45.0,11.9,0.9,2.2
Caqueta,2023,6,2023-06-01,28.0,1.2,39.2,25.1,5.8,0.7
Casanare,2023,6,2023-06-01,35.8,1.2,43.6,11.5,6.5,1.4
Cauca,2023,6,2023-06-01,40.8,1.8,18.6,24.5,10.3,4.0
Cesar,2023,6,2023-06-01,37.5,2.2,35.3,19.1,4.7,1.2
Choco,2023,6,2023-06-01,67.0,0.2,18.0,13.4,0.3,1.1
Cordoba,2023,6,2023-06-01,42.1,0.7,19.8,28.8,8.6,0.1
Cundinamarca,2023,6,2023-06-01,27.7,8.8,48.9,9.7,2.4,2.6
Guainia,2023,6,2023-06-01,14.3,0.3,16.1,6.7,6.6,55.9
Guaviare,2023,6,2023-06-01,33.5,2.6,37.9,17.0,5.1,3.8
Huila,2023,6,2023-06-01,39.2,2.8,31.0,17.4,7.5,2.2
La_Guajira,2023,6,2023-06-01,28.7,0.4,25.3,12.4,12.3,20.9
Magdalena,2023,6,2023-06-01,42.5,1.4,28.4,20.2,4.9,2.5
Meta,2023,6,2023-06-01,31.1,6.0,45.3,13.3,2.9,1.3
Narino,2023,6,2023-06-01,42.0,1.8,23.0,27.2,3.1,2.8
Norte_de_Santander,2023,6,2023-06-01,35.2,3.4,38.6,17.2,4.8,0.8
Putumayo,2023,6,2023-06-01,26.5,0.4,38.8,27.3,5.8,1.3
Quindio,2023,6,2023-06-01,33.0,4.6,47.3,11.5,2.2,1.4
Risaralda,2023,6,2023-06-01,33.7,3.6,49.2,10.9,1.6,1.0
Santander,2023,6,2023-06-01,35.5,3.9,44.4,12.1,1.9,2.1
Sucre,2023,6,2023-06-01,45.6,1.4,19.3,19.3,11.1,3.3
Tolima,2023,6,2023-06-01,36.7,4.9,39.2,14.7,1.8,2.8
Valle,2023,6,2023-06-01,33.0,3.0,46.3,12.5,1.5,3.7
Vaupes,2023,6,2023-06-01,16.9,0.1,7.6,4.9,4.0,66.5
Vichada,2023,6,2023-06-01,12.2,0.2,12.3,13.4,34.0,27.9
Amazonas,2023,7,2023-07-01,34.1,0.4,28.4,6.7,3.8,26.6
Antioquia,2023,7,2023-07-01,37.5,3.4,44.9,9.8,1.8,2.6
Arauca,2023,7,2023-07-01,33.3,1.1,34.6,20.8,9.4,0.7
Atlantico,2023,7,2023-07-01,39.9,2.9,35.1,18.2,2.6,1.2
Bogota_DC,2023,7,2023-07-01,30.7,8.0,51.6,8.5,0.7,0.4
Bolivar,2023,7,2023-07-01,37.2,1.1,28.8,24.6,5.9,2.3
Boyaca,2023,7,2023-07-01,36.6,3.7,40.7,15.5,2.8,0.6
Caldas,2023,7,2023-07-01,34.8,5.2,45.0,11.9,0.9,2.2
Caqueta,2023,7,2023-07-01,28.0,1.2,39.2,25.1,5.8,0.7
Casanare,2023,7,2023-07-01,35.8,1.2,43.6,11.5,6.5,1.4
Cauca,2023,7,2023-07-01,40.8,1.8,18.6,24.5,10.3,4.0
Cesar,2023,7,2023-07-01,37.5,2.2,35.3,19.1,4.7,1.2
Choco,2023,7,2023-07-01,67.0,0.2,18.0,13.4,0.3,1.1
Cordoba,2023,7,2023-07-01,42.1,0.7,19.8,28.8,8.6,0.1
Cundinamarca,2023,7,2023-07-01,27.7,8.8,48.9,9.7,2.4,2.6
Guainia,2023,7,2023-07-01,14.3,0.3,16.1,6.7,6.6,55.9
Guaviare,2023,7,2023-07-01,33.5,2.6,37.9,17.0,5.1,3.8
Huila,2023,7,2023-07-01,39.2,2.8,31.0,17.4,7.5,2.2
La_Guajira,2023,7,2023-07-01,28.7,0.4,25.3,12.4,12.3,20.9
Magdalena,2023,7,2023-07-01,42.5,1.4,28.4,20.2,4.9,2.5
Meta,2023,7,2023-07-01,31.1,6.0,45.3,13.3,2.9,1.3
Narino,2023,7,2023-07-01,42.0,1.8,23.0,27.2,3.1,2.8
Norte_de_Santander,2023,7,2023-07-01,35.2,3.4,38.6,17.2,4.8,0.8
Putumayo,2023,7,2023-07-01,26.5,0.4,38.8,27.3,5.8,1.3
Quindio,2023,7,2023-07-01,33.0,4.6,47.3,11.5,2.2,1.4
Risaralda,2023,7,2023-07-01,33.7,3.6,49.2,10.9,1.6,1.0
Santander,2023,7,2023-07-01,35.5,3.9,44.4,12.1,1.9,2.1
Sucre,2023,7,2023-07-01,45.6,1.4,19.3,19.3,11.1,3.3
Tolima,2023,7,2023-07-01,36.7,4.9,39.2,14.7,1.8,2.8
Valle,2023,7,2023-07-01,33.0,3.0,46.3,12.5,1.5,3.7
Vaupes,2023,7,2023-07-01,16.9,0.1,7.6,4.9,4.0,66.5
Vichada,2023,7,2023-07-01,12.2,0.2,12.3,13.4,34.0,27.9
Amazonas,2023,8,2023-08-01,34.1,0.4,28.4,6.7,3.8,26.6
Antioquia,2023,8,2023-08-01,37.5,3.4,44.9,9.8,1.8,2.6
Arauca,2023,8,2023-08-01,33.3,1.1,34.6,20.8,9.4,0.7
Atlantico,2023,8,2023-08-01,39.9,2.9,35.1,18.2,2.6,1.2
Bogota_DC,2023,8,2023-08-01,30.7,8.0,51.6,8.5,0.7,0.4
Bolivar,2023,8,2023-08-01,37.2,1.1,28.8,24.6,5.9,2.3
Boyaca,2023,8,2023-08-01,36.6,3.7,40.7,15.5,2.8,0.6
Caldas,2023,8,2023-08-01,34.8,5.2,45.0,11.9,0.9,2.2
Caqueta,2023,8,2023-08-01,28.0,1.2,39.2,25.1,5.8,0.7
Casanare,2023,8,2023-08-01,35.8,1.2,43.6,11.5,6.5,1.4
Cauca,2023,8,2023-08-01,40.8,1.8,18.6,24.5,10.3,4.0
Cesar,2023,8,2023-08-01,37.5,2.2,35.3,19.1,4.7,1.2
Choco,2023,8,2023-08-01,67.0,0.2,18.0,13.4,0.3,1.1
Cordoba,2023,8,2023-08-01,42.1,0.7,19.8,28.8,8.6,0.1
Cundinamarca,2023,8,2023-08-01,27.7,8.8,48.9,9.7,2.4,2.6
Guainia,2023,8,2023-08-01,14.3,0.3,16.1,6.7,6.6,55.9
Guaviare,2023,8,2023-08-01,33.5,2.6,37.9,17.0,5.1,3.8
Huila,2023,8,2023-08-01,39.2,2.8,31.0,17.4,7.5,2.2
La_Guajira,2023,8,2023-08-01,28.7,0.4,25.3,12.4,12.3,20.9
Magdalena,2023,8,2023-08-01,42.5,1.4,28.4,20.2,4.9,2.5
Meta,2023,8,2023-08-01,31.1,6.0,45.3,13.3,2.9,1.3
Narino,2023,8,2023-08-01,42.0,1.8,23.0,27.2,3.1,2.8
Norte_de_Santander,2023,8,2023-08-01,35.2,3.4,38.6,17.2,4.8,0.8
Putumayo,2023,8,2023-08-01,26.5,0.4,38.8,27.3,5.8,1.3
Quindio,2023,8,2023-08-01,33.0,4.6,47.3,11.5,2.2,1.4
Risaralda,2023,8,2023-08-01,33.7,3.6,49.2,10.9,1.6,1.0
Santander,2023,8,2023-08-01,35.5,3.9,44.4,12.1,1.9,2.1
Sucre,2023,8,2023-08-01,45.6,1.4,19.3,19.3,11.1,3.3
Tolima,2023,8,2023-08-01,36.7,4.9,39.2,14.7,1.8,2.8
Valle,2023,8,2023-08-01,33.0,3.0,46.3,12.5,1.5,3.7
Vaupes,2023,8,2023-08-01,16.9,0.1,7.6,4.9,4.0,66.5
Vichada,2023,8,2023-08-01,12.2,0.2,12.3,13.4,34.0,27.9
Amazonas,2023,9,2023-09-01,34.1,0.4,28.4,6.7,3.8,26.6
Antioquia,2023,9,2023-09-01,37.5,3.4,44.9,9.8,1.8,2.6
Arauca,2023,9,2023-09-01,33.3,1.1,34.6,20.8,9.4,0.7
Atlantico,2023,9,2023-09-01,39.9,2.9,35.1,18.2,2.6,1.2
Bogota_DC,2023,9,2023-09-01,30.7,8.0,51.6,8.5,0.7,0.4
Bolivar,2023,9,2023-09-01,37.2,1.1,28.8,24.6,5.9,2.3
Boyaca,2023,9,2023-09-01,36.6,3.7,40.7,15.5,2.8,0.6
Caldas,2023,9,2023-09-01,34.8,5.2,45.0,11.9,0.9,2.2
Caqueta,2023,9,2023-09-01,28.0,1.2,39.2,25.1,5.8,0.7
Casanare,2023,9,2023-09-01,35.8,1.2,43.6,11.5,6.5,1.4
Cauca,2023,9,2023-09-01,40.8,1.8,18.6,24.5,10.3,4.0
Cesar,2023,9,2023-09-01,37.5,2.2,35.3,19.1,4.7,1.2
Choco,2023,9,2023-09-01,67.0,0.2,18.0,13.4,0.3,1.1
Cordoba,2023,9,2023-09-01,42.1,0.7,19.8,28.8,8.6,0.1
Cundinamarca,2023,9,2023-09-01,27.7,8.8,48.9,9.7,2.4,2.6
Guainia,2023,9,2023-09-01,14.3,0.3,16.1,6.7,6.6,55.9
Guaviare,2023,9,2023-09-01,33.5,2.6,37.9,17.0,5.1,3.8
Huila,2023,9,2023-09-01,39.2,2.8,31.0,17.4,7.5,2.2
La_Guajira,2023,9,2023-09-01,28.7,0.4,25.3,12.4,12.3,20.9
Magdalena,2023,9,2023-09-01,42.5,1.4,28.4,20.2,4.9,2.5
Meta,2023,9,2023-09-01,31.1,6.0,45.3,13.3,2.9,1.3
Narino,2023,9,2023-09-01,42.0,1.8,23.0,27.2,3.1,2.8
Norte_de_Santander,2023,9,2023-09-01,35.2,3.4,38.6,17.2,4.8,0.8
Putumayo,2023,9,2023-09-01,26.5,0.4,38.8,27.3,5.8,1.3
Quindio,2023,9,2023-09-01,33.0,4.6,47.3,11.5,2.2,1.4
Risaralda,2023,9,2023-09-01,33.7,3.6,49.2,10.9,1.6,1.0
Santander,2023,9,2023-09-01,35.5,3.9,44.4,12.1,1.9,2.1
Sucre,2023,9,2023-09-01,45.6,1.4,19.3,19.3,11.1,3.3
Tolima,2023,9,2023-09-01,36.7,4.9,39.2,14.7,1.8,2.8
Valle,2023,9,2023-09-01,33.0,3.0,46.3,12.5,1.5,3.7
Vaupes,2023,9,2023-09-01,16.9,0.1,7.6,4.9,4.0,66.5
Vichada,2023,9,2023-09-01,12.2,0.2,12.3,13.4,34.0,27.9
Amazonas,2023,10,2023-10-01,34.1,0.4,28.4,6.7,3.8,26.6
Antioquia,2023,10,2023-10-01,37.5,3.4,44.9,9.8,1.8,2.6
Arauca,2023,10,2023-10-01,33.3,1.1,34.6,20.8,9.4,0.7
Atlantico,2023,10,2023-10-01,39.9,2.9,35.1,18.2,2.6,1.2
Bogota_DC,2023,10,2023-10-01,30.7,8.0,51.6,8.5,0.7,0.4
Bolivar,2023,10,2023-10-01,37.2,1.1,28.8,24.6,5.9,2.3
Boyaca,2023,10,2023-10-01,36.6,3.7,40.7,15.5,2.8,0.6
Caldas,2023,10,2023-10-01,34.8,5.2,45.0,11.9,0.9,2.2
Caqueta,2023,10,2023-10-01,28.0,1.2,39.2,25.1,5.8,0.7
Casanare,2023,10,2023-10-01,35.8,1.2,43.6,11.5,6.5,1.4
Cauca,2023,10,2023-10-01,40.8,1.8,18.6,24.5,10.3,4.0
Cesar,2023,10,2023-10-01,37.5,2.2,35.3,19.1,4.7,1.2
Choco,2023,10,2023-10-01,67.0,0.2,18.0,13.4,0.3,1.1
Cordoba,2023,10,2023-10-01,42.1,0.7,19.8,28.8,8.6,0.1
Cundinamarca,2023,10,2023-10-01,27.7,8.8,48.9,9.7,2.4,2.6
Guainia,2023,10,2023-10-01,14.3,0.3,16.1,6.7,6.6,55.9
Guaviare,2023,10,2023-10-01,33.5,2.6,37.9,17.0,5.1,3.8
Huila,2023,10,2023-10-01,39.2,2.8,31.0,17.4,7.5,2.2
La_Guajira,2023,10,2023-10-01,28.7,0.4,25.3,12.4,12.3,20.9
Magdalena,2023,10,2023-10-01,42.5,1.4,28.4,20.2,4.9,2.5
Meta,2023,10,2023-10-01,31.1,6.0,45.3,13.3,2.9,1.3
Narino,2023,10,2023-10-01,42.0,1.8,23.0,27.2,3.1,2.8
Norte_de_Santander,2023,10,2023-10-01,35.2,3.4,38.6,17.2,4.8,0.8
Putumayo,2023,10,2023-10-01,26.5,0.4,38.8,27.3,5.8,1.3
Quindio,2023,10,2023-10-01,33.0,4.6,47.3,11.5,2.2,1.4
Risaralda,2023,10,2023-10-01,33.7,3.6,49.2,10.9,1.6,1.0
Santander,2023,10,2023-10-01,35.5,3.9,44.4,12.1,1.9,2.1
Sucre,2023,10,2023-10-01,45.6,1.4,19.3,19.3,11.1,3.3
Tolima,2023,10,2023-10-01,36.7,4.9,39.2,14.7,1.8,2.8
Valle,2023,10,2023-10-01,33.0,3.0,46.3,12.5,1.5,3.7
Vaupes,2023,10,2023-10-01,16.9,0.1,7.6,4.9,4.0,66.5
Vichada,2023,10,2023-10-01,12.2,0.2,12.3,13.4,34.0,27.9
Amazonas,2023,11,2023-11-01,34.1,0.4,28.4,6.7,3.8,26.6
Antioquia,2023,11,2023-11-01,37.5,3.4,44.9,9.8,1.8,2.6
Arauca,2023,11,2023-11-01,33.3,1.1,34.6,20.8,9.4,0.7
Atlantico,2023,11,2023-11-01,39.9,2.9,35.1,18.2,2.6,1.2
Bogota_DC,2023,11,2023-11-01,30.7,8.0,51.6,8.5,0.7,0.4
Bolivar,2023,11,2023-11-01,37.2,1.1,28.8,24.6,5.9,2.3
Boyaca,2023,11,2023-11-01,36.6,3.7,40.7,15.5,2.8,0.6
Caldas,2023,11,2023-11-01,34.8,5.2,45.0,11.9,0.9,2.2
Caqueta,2023,11,2023-11-01,28.0,1.2,39.2,25.1,5.8,0.7
Casanare,2023,11,2023-11-01,35.8,1.2,43.6,11.5,6.5,1.4
Cauca,2023,11,2023-11-01,40.8,1.8,18.6,24.5,10.3,4.0
Cesar,2023,11,2023-11-01,37.5,2.2,35.3,19.1,4.7,1.2
Choco,2023,11,2023-11-01,67.0,0.2,18.0,13.4,0.3,1.1
Cordoba,2023,11,2023-11-01,42.1,0.7,19.8,28.8,8.6,0.1
Cundinamarca,2023,11,2023-11-01,27.7,8.8,48.9,9.7,2.4,2.6
Guainia,2023,11,2023-11-01,14.3,0.3,16.1,6.7,6.6,55.9
Guaviare,2023,11,2023-11-01,33.5,2.6,37.9,17.0,5.1,3.8
Huila,2023,11,2023-11-01,39.2,2.8,31.0,17.4,7.5,2.2
La_Guajira,2023,11,2023-11-01,28.7,0.4,25.3,12.4,12.3,20.9
Magdalena,2023,11,2023-11-01,42.5,1.4,28.4,20.2,4.9,2.5
Meta,2023,11,2023-11-01,31.1,6.0,45.3,13.3,2.9,1.3
Narino,2023,11,2023-11-01,42.0,1.8,23.0,27.2,3.1,2.8
Norte_de_Santander,2023,11,2023-11-01,35.2,3.4,38.6,17.2,4.8,0.8
Putumayo,2023,11,2023-11-01,26.5,0.4,38.8,27.3,5.8,1.3
Quindio,2023,11,2023-11-01,33.0,4.6,47.3,11.5,2.2,1.4
Risaralda,2023,11,2023-11-01,33.7,3.6,49.2,10.9,1.6,1.0
Santander,2023,11,2023-11-01,35.5,3.9,44.4,12.1,1.9,2.1
Sucre,2023,11,2023-11-01,45.6,1.4,19.3,19.3,11.1,3.3
Tolima,2023,11,2023-11-01,36.7,4.9,39.2,14.7,1.8,2.8
Valle,2023,11,2023-11-01,33.0,3.0,46.3,12.5,1.5,3.7
Vaupes,2023,11,2023-11-01,16.9,0.1,7.6,4.9,4.0,66.5
Vichada,2023,11,2023-11-01,12.2,0.2,12.3,13.4,34.0,27.9
Amazonas,2023,12,2023-12-01,34.1,0.4,28.4,6.7,3.8,26.6
Antioquia,2023,12,2023-12-01,37.5,3.4,44.9,9.8,1.8,2.6
Arauca,2023,12,2023-12-01,33.3,1.1,34.6,20.8,9.4,0.7
Atlantico,2023,12,2023-12-01,39.9,2.9,35.1,18.2,2.6,1.2
Bogota_DC,2023,12,2023-12-01,30.7,8.0,51.6,8.5,0.7,0.4
Bolivar,2023,12,2023-12-01,37.2,1.1,28.8,24.6,5.9,2.3
Boyaca,2023,12,2023-12-01,36.6,3.7,40.7,15.5,2.8,0.6
Caldas,2023,12,2023-12-01,34.8,5.2,45.0,11.9,0.9,2.2
Caqueta,2023,12,2023-12-01,28.0,1.2,39.2,25.1,5.8,0.7
Casanare,2023,12,2023-12-01,35.8,1.2,43.6,11.5,6.5,1.4
Cauca,2023,12,2023-12-01,40.8,1.8,18.6,24.5,10.3,4.0
Cesar,2023,12,2023-12-01,37.5,2.2,35.3,19.1,4.7,1.2
Choco,2023,12,2023-12-01,67.0,0.2,18.0,13.4,0.3,1.1
Cordoba,2023,12,2023-12-01,42.1,0.7,19.8,28.8,8.6,0.1
Cundinamarca,2023,12,2023-12-01,27.7,8.8,48.9,9.7,2.4,2.6
Guainia,2023,12,2023-12-01,14.3,0.3,16.1,6.7,6.6,55.9
Guaviare,2023,12,2023-12-01,33.5,2.6,37.9,17.0,5.1,3.8
Huila,2023,12,2023-12-01,39.2,2.8,31.0,17.4,7.5,2.2
La_Guajira,2023,12,2023-12-01,28.7,0.4,25.3,12.4,12.3,20.9
Magdalena,2023,12,2023-12-01,42.5,1.4,28.4,20.2,4.9,2.5
Meta,2023,12,2023-12-01,31.1,6.0,45.3,13.3,2.9,1.3
Narino,2023,12,2023-12-01,42.0,1.8,23.0,27.2,3.1,2.8
Norte_de_Santander,2023,12,2023-12-01,35.2,3.4,38.6,17.2,4.8,0.8
Putumayo,2023,12,2023-12-01,26.5,0.4,38.8,27.3,5.8,1.3
Quindio,2023,12,2023-12-01,33.0,4.6,47.3,11.5,2.2,1.4
Risaralda,2023,12,2023-12-01,33.7,3.6,49.2,10.9,1.6,1.0
Santander,2023,12,2023-12-01,35.5,3.9,44.4,12.1,1.9,2.1
Sucre,2023,12,2023-12-01,45.6,1.4,19.3,19.3,11.1,3.3
Tolima,2023,12,2023-12-01,36.7,4.9,39.2,14.7,1.8,2.8
Valle,2023,12,2023-12-01,33.0,3.0,46.3,12.5,1.5,3.7
Vaupes,2023,12,2023-12-01,16.9,0.1,7.6,4.9,4.0,66.5
Vichada,2023,12,2023-12-01,12.2,0.2,12.3,13.4,34.0,27.9
Amazonas,2024,1,2024-01-01,37.6,0.2,16.4,8.5,13.5,23.8
Antioquia,2024,1,2024-01-01,36.4,3.5,44.9,12.3,1.9,1.0
Arauca,2024,1,2024-01-01,29.6,1.3,38.5,17.8,11.4,1.5
Atlantico,2024,1,2024-01-01,42.9,3.0,30.9,18.7,3.6,0.8
Bogota_DC,2024,1,2024-01-01,34.5,6.7,50.5,6.5,0.6,1.2
Bolivar,2024,1,2024-01-01,41.8,0.9,28.4,20.3,7.7,1.0
Boyaca,2024,1,2024-01-01,43.8,2.6,37.4,13.6,1.5,1.0
Caldas,2024,1,2024-01-01,38.6,4.2,43.8,9.2,0.7,3.5
Caqueta,2024,1,2024-01-01,26.4,0.8,41.5,23.5,6.4,1.4
Casanare,2024,1,2024-01-01,35.2,2.0,44.5,12.2,5.1,0.9
Cauca,2024,1,2024-01-01,43.6,1.6,19.6,19.9,5.8,9.6
Cesar,2024,1,2024-01-01,35.4,1.6,35.9,19.5,5.2,2.4
Choco,2024,1,2024-01-01,64.5,0.2,14.4,11.1,7.6,2.1
Cordoba,2024,1,2024-01-01,43.9,0.8,20.6,25.1,8.0,1.5
Cundinamarca,2024,1,2024-01-01,28.3,7.2,52.9,8.9,1.0,1.7
Guainia,2024,1,2024-01-01,10.5,0.4,14.1,5.2,8.5,61.2
Guaviare,2024,1,2024-01-01,41.3,4.0,31.5,19.6,2.6,0.9
Huila,2024,1,2024-01-01,39.5,2.9,34.3,18.4,3.8,1.2
La_Guajira,2024,1,2024-01-01,20.5,0.2,24.1,13.5,20.7,21.0
Magdalena,2024,1,2024-01-01,38.4,0.9,28.2,21.7,5.7,5.1
Meta,2024,1,2024-01-01,35.0,2.9,46.5,11.3,2.7,1.6
Narino,2024,1,2024-01-01,37.4,1.9,23.0,28.6,8.9,0.2
Norte_de_Santander,2024,1,2024-01-01,40.0,4.0,36.3,13.9,5.0,0.8
Putumayo,2024,1,2024-01-01,24.6,0.4,43.2,18.9,11.1,1.8
Quindio,2024,1,2024-01-01,33.3,3.8,47.0,12.3,2.1,1.5
Risaralda,2024,1,2024-01-01,30.0,4.4,47.6,12.1,4.0,2.0
Santander,2024,1,2024-01-01,31.9,3.7,45.5,12.6,4.1,2.2
Sucre,2024,1,2024-01-01,42.7,0.9,20.1,22.8,9.6,4.0
Tolima,2024,1,2024-01-01,38.3,4.4,35.2,18.9,2.2,1.0
Valle,2024,1,2024-01-01,32.4,2.1,49.0,13.0,2.1,1.4
Vaupes,2024,1,2024-01-01,18.8,0.2,7.0,3.7,28.4,41.9
Vichada,2024,1,2024-01-01,11.9,0.4,11.1,5.8,53.2,17.5
Amazonas,2024,2,2024-02-01,37.6,0.2,16.4,8.5,13.5,23.8
Antioquia,2024,2,2024-02-01,36.4,3.5,44.9,12.3,1.9,1.0
Arauca,2024,2,2024-02-01,29.6,1.3,38.5,17.8,11.4,1.5
Atlantico,2024,2,2024-02-01,42.9,3.0,30.9,18.7,3.6,0.8
Bogota_DC,2024,2,2024-02-01,34.5,6.7,50.5,6.5,0.6,1.2
Bolivar,2024,2,2024-02-01,41.8,0.9,28.4,20.3,7.7,1.0
Boyaca,2024,2,2024-02-01,43.8,2.6,37.4,13.6,1.5,1.0
Caldas,2024,2,2024-02-01,38.6,4.2,43.8,9.2,0.7,3.5
Caqueta,2024,2,2024-02-01,26.4,0.8,41.5,23.5,6.4,1.4
Casanare,2024,2,2024-02-01,35.2,2.0,44.5,12.2,5.1,0.9
Cauca,2024,2,2024-02-01,43.6,1.6,19.6,19.9,5.8,9.6
Cesar,2024,2,2024-02-01,35.4,1.6,35.9,19.5,5.2,2.4
Choco,2024,2,2024-02-01,64.5,0.2,14.4,11.1,7.6,2.1
Cordoba,2024,2,2024-02-01,43.9,0.8,20.6,25.1,8.0,1.5
Cundinamarca,2024,2,2024-02-01,28.3,7.2,52.9,8.9,1.0,1.7
Guainia,2024,2,2024-02-01,10.5,0.4,14.1,5.2,8.5,61.2
Guaviare,2024,2,2024-02-01,41.3,4.0,31.5,19.6,2.6,0.9
Huila,2024,2,2024-02-01,39.5,2.9,34.3,18.4,3.8,1.2
La_Guajira,2024,2,2024-02-01,20.5,0.2,24.1,13.5,20.7,21.0
Magdalena,2024,2,2024-02-01,38.4,0.9,28.2,21.7,5.7,5.1
Meta,2024,2,2024-02-01,35.0,2.9,46.5,11.3,2.7,1.6
Narino,2024,2,2024-02-01,37.4,1.9,23.0,28.6,8.9,0.2
Norte_de_Santander,2024,2,2024-02-01,40.0,4.0,36.3,13.9,5.0,0.8
Putumayo,2024,2,2024-02-01,24.6,0.4,43.2,18.9,11.1,1.8
Quindio,2024,2,2024-02-01,33.3,3.8,47.0,12.3,2.1,1.5
Risaralda,2024,2,2024-02-01,30.0,4.4,47.6,12.1,4.0,2.0
Santander,2024,2,2024-02-01,31.9,3.7,45.5,12.6,4.1,2.2
Sucre,2024,2,2024-02-01,42.7,0.9,20.1,22.8,9.6,4.0
Tolima,2024,2,2024-02-01,38.3,4.4,35.2,18.9,2.2,1.0
Valle,2024,2,2024-02-01,32.4,2.1,49.0,13.0,2.1,1.4
Vaupes,2024,2,2024-02-01,18.8,0.2,7.0,3.7,28.4,41.9
Vichada,2024,2,2024-02-01,11.9,0.4,11.1,5.8,53.2,17.5
Amazonas,2024,3,2024-03-01,37.6,0.2,16.4,8.5,13.5,23.8
Antioquia,2024,3,2024-03-01,36.4,3.5,44.9,12.3,1.9,1.0
Arauca,2024,3,2024-03-01,29.6,1.3,38.5,17.8,11.4,1.5
Atlantico,2024,3,2024-03-01,42.9,3.0,30.9,18.7,3.6,0.8
Bogota_DC,2024,3,2024-03-01,34.5,6.7,50.5,6.5,0.6,1.2
Bolivar,2024,3,2024-03-01,41.8,0.9,28.4,20.3,7.7,1.0
Boyaca,2024,3,2024-03-01,43.8,2.6,37.4,13.6,1.5,1.0
Caldas,2024,3,2024-03-01,38.6,4.2,43.8,9.2,0.7,3.5
Caqueta,2024,3,2024-03-01,26.4,0.8,41.5,23.5,6.4,1.4
Casanare,2024,3,2024-03-01,35.2,2.0,44.5,12.2,5.1,0.9
Cauca,2024,3,2024-03-01,43.6,1.6,19.6,19.9,5.8,9.6
Cesar,2024,3,2024-03-01,35.4,1.6,35.9,19.5,5.2,2.4
Choco,2024,3,2024-03-01,64.5,0.2,14.4,11.1,7.6,2.1
Cordoba,2024,3,2024-03-01,43.9,0.8,20.6,25.1,8.0,1.5
Cundinamarca,2024,3,2024-03-01,28.3,7.2,52.9,8.9,1.0,1.7
Guainia,2024,3,2024-03-01,10.5,0.4,14.1,5.2,8.5,61.2
Guaviare,2024,3,2024-03-01,41.3,4.0,31.5,19.6,2.6,0.9
Huila,2024,3,2024-03-01,39.5,2.9,34.3,18.4,3.8,1.2
La_Guajira,2024,3,2024-03-01,20.5,0.2,24.1,13.5,20.7,21.0
Magdalena,2024,3,2024-03-01,38.4,0.9,28.2,21.7,5.7,5.1
Meta,2024,3,2024-03-01,35.0,2.9,46.5,11.3,2.7,1.6
Narino,2024,3,2024-03-01,37.4,1.9,23.0,28.6,8.9,0.2
Norte_de_Santander,2024,3,2024-03-01,40.0,4.0,36.3,13.9,5.0,0.8
Putumayo,2024,3,2024-03-01,24.6,0.4,43.2,18.9,11.1,1.8
Quindio,2024,3,2024-03-01,33.3,3.8,47.0,12.3,2.1,1.5
Risaralda,2024,3,2024-03-01,30.0,4.4,47.6,12.1,4.0,2.0
Santander,2024,3,2024-03-01,31.9,3.7,45.5,12.6,4.1,2.2
Sucre,2024,3,2024-03-01,42.7,0.9,20.1,22.8,9.6,4.0
Tolima,2024,3,2024-03-01,38.3,4.4,35.2,18.9,2.2,1.0
Valle,2024,3,2024-03-01,32.4,2.1,49.0,13.0,2.1,1.4
Vaupes,2024,3,2024-03-01,18.8,0.2,7.0,3.7,28.4,41.9
Vichada,2024,3,2024-03-01,11.9,0.4,11.1,5.8,53.2,17.5
Amazonas,2024,4,2024-04-01,37.6,0.2,16.4,8.5,13.5,23.8
Antioquia,2024,4,2024-04-01,36.4,3.5,44.9,12.3,1.9,1.0
Arauca,2024,4,2024-04-01,29.6,1.3,38.5,17.8,11.4,1.5
Atlantico,2024,4,2024-04-01,42.9,3.0,30.9,18.7,3.6,0.8
Bogota_DC,2024,4,2024-04-01,34.5,6.7,50.5,6.5,0.6,1.2
Bolivar,2024,4,2024-04-01,41.8,0.9,28.4,20.3,7.7,1.0
Boyaca,2024,4,2024-04-01,43.8,2.6,37.4,13.6,1.5,1.0
Caldas,2024,4,2024-04-01,38.6,4.2,43.8,9.2,0.7,3.5
Caqueta,2024,4,2024-04-01,26.4,0.8,41.5,23.5,6.4,1.4
Casanare,2024,4,2024-04-01,35.2,2.0,44.5,12.2,5.1,0.9
Cauca,2024,4,2024-04-01,43.6,1.6,19.6,19.9,5.8,9.6
Cesar,2024,4,2024-04-01,35.4,1.6,35.9,19.5,5.2,2.4
Choco,2024,4,2024-04-01,64.5,0.2,14.4,11.1,7.6,2.1
Cordoba,2024,4,2024-04-01,43.9,0.8,20.6,25.1,8.0,1.5
Cundinamarca,2024,4,2024-04-01,28.3,7.2,52.9,8.9,1.0,1.7
Guainia,2024,4,2024-04-01,10.5,0.4,14.1,5.2,8.5,61.2
Guaviare,2024,4,2024-04-01,41.3,4.0,31.5,19.6,2.6,0.9
Huila,2024,4,2024-04-01,39.5,2.9,34.3,18.4,3.8,1.2
La_Guajira,2024,4,2024-04-01,20.5,0.2,24.1,13.5,20.7,21.0
Magdalena,2024,4,2024-04-01,38.4,0.9,28.2,21.7,5.7,5.1
Meta,2024,4,2024-04-01,35.0,2.9,46.5,11.3,2.7,1.6
Narino,2024,4,2024-04-01,37.4,1.9,23.0,28.6,8.9,0.2
Norte_de_Santander,2024,4,2024-04-01,40.0,4.0,36.3,13.9,5.0,0.8
Putumayo,2024,4,2024-04-01,24.6,0.4,43.2,18.9,11.1,1.8
Quindio,2024,4,2024-04-01,33.3,3.8,47.0,12.3,2.1,1.5
Risaralda,2024,4,2024-04-01,30.0,4.4,47.6,12.1,4.0,2.0
Santander,2024,4,2024-04-01,31.9,3.7,45.5,12.6,4.1,2.2
Sucre,2024,4,2024-04-01,42.7,0.9,20.1,22.8,9.6,4.0
Tolima,2024,4,2024-04-01,38.3,4.4,35.2,18.9,2.2,1.0
Valle,2024,4,2024-04-01,32.4,2.1,49.0,13.0,2.1,1.4
Vaupes,2024,4,2024-04-01,18.8,0.2,7.0,3.7,28.4,41.9
Vichada,2024,4,2024-04-01,11.9,0.4,11.1,5.8,53.2,17.5
Amazonas,2024,5,2024-05-01,37.6,0.2,16.4,8.5,13.5,23.8
Antioquia,2024,5,2024-05-01,36.4,3.5,44.9,12.3,1.9,1.0
Arauca,2024,5,2024-05-01,29.6,1.3,38.5,17.8,11.4,1.5
Atlantico,2024,5,2024-05-01,42.9,3.0,30.9,18.7,3.6,0.8
Bogota_DC,2024,5,2024-05-01,34.5,6.7,50.5,6.5,0.6,1.2
Bolivar,2024,5,2024-05-01,41.8,0.9,28.4,20.3,7.7,1.0
Boyaca,2024,5,2024-05-01,43.8,2.6,37.4,13.6,1.5,1.0
Caldas,2024,5,2024-05-01,38.6,4.2,43.8,9.2,0.7,3.5
Caqueta,2024,5,2024-05-01,26.4,0.8,41.5,23.5,6.4,1.4
Casanare,2024,5,2024-05-01,35.2,2.0,44.5,12.2,5.1,0.9
Cauca,2024,5,2024-05-01,43.6,1.6,19.6,19.9,5.8,9.6
Cesar,2024,5,2024-05-01,35.4,1.6,35.9,19.5,5.2,2.4
Choco,2024,5,2024-05-01,64.5,0.2,14.4,11.1,7.6,2.1
Cordoba,2024,5,2024-05-01,43.9,0.8,20.6,25.1,8.0,1.5
Cundinamarca,2024,5,2024-05-01,28.3,7.2,52.9,8.9,1.0,1.7
Guainia,2024,5,2024-05-01,10.5,0.4,14.1,5.2,8.5,61.2
Guaviare,2024,5,2024-05-01,41.3,4.0,31.5,19.6,2.6,0.9
Huila,2024,5,2024-05-01,39.5,2.9,34.3,18.4,3.8,1.2
La_Guajira,2024,5,2024-05-01,20.5,0.2,24.1,13.5,20.7,21.0
Magdalena,2024,5,2024-05-01,38.4,0.9,28.2,21.7,5.7,5.1
Meta,2024,5,2024-05-01,35.0,2.9,46.5,11.3,2.7,1.6
Narino,2024,5,2024-05-01,37.4,1.9,23.0,28.6,8.9,0.2
Norte_de_Santander,2024,5,2024-05-01,40.0,4.0,36.3,13.9,5.0,0.8
Putumayo,2024,5,2024-05-01,24.6,0.4,43.2,18.9,11.1,1.8
Quindio,2024,5,2024-05-01,33.3,3.8,47.0,12.3,2.1,1.5
Risaralda,2024,5,2024-05-01,30.0,4.4,47.6,12.1,4.0,2.0
Santander,2024,5,2024-05-01,31.9,3.7,45.5,12.6,4.1,2.2
Sucre,2024,5,2024-05-01,42.7,0.9,20.1,22.8,9.6,4.0
Tolima,2024,5,2024-05-01,38.3,4.4,35.2,18.9,2.2,1.0
Valle,2024,5,2024-05-01,32.4,2.1,49.0,13.0,2.1,1.4
Vaupes,2024,5,2024-05-01,18.8,0.2,7.0,3.7,28.4,41.9
Vichada,2024,5,2024-05-01,11.9,0.4,11.1,5.8,53.2,17.5
Amazonas,2024,6,2024-06-01,37.6,0.2,16.4,8.5,13.5,23.8
Antioquia,2024,6,2024-06-01,36.4,3.5,44.9,12.3,1.9,1.0
Arauca,2024,6,2024-06-01,29.6,1.3,38.5,17.8,11.4,1.5
Atlantico,2024,6,2024-06-01,42.9,3.0,30.9,18.7,3.6,0.8
Bogota_DC,2024,6,2024-06-01,34.5,6.7,50.5,6.5,0.6,1.2
Bolivar,2024,6,2024-06-01,41.8,0.9,28.4,20.3,7.7,1.0
Boyaca,2024,6,2024-06-01,43.8,2.6,37.4,13.6,1.5,1.0
Caldas,2024,6,2024-06-01,38.6,4.2,43.8,9.2,0.7,3.5
Caqueta,2024,6,2024-06-01,26.4,0.8,41.5,23.5,6.4,1.4
Casanare,2024,6,2024-06-01,35.2,2.0,44.5,12.2,5.1,0.9
Cauca,2024,6,2024-06-01,43.6,1.6,19.6,19.9,5.8,9.6
Cesar,2024,6,2024-06-01,35.4,1.6,35.9,19.5,5.2,2.4
Choco,2024,6,2024-06-01,64.5,0.2,14.4,11.1,7.6,2.1
Cordoba,2024,6,2024-06-01,43.9,0.8,20.6,25.1,8.0,1.5
Cundinamarca,2024,6,2024-06-01,28.3,7.2,52.9,8.9,1.0,1.7
Guainia,2024,6,2024-06-01,10.5,0.4,14.1,5.2,8.5,61.2
Guaviare,2024,6,2024-06-01,41.3,4.0,31.5,19.6,2.6,0.9
Huila,2024,6,2024-06-01,39.5,2.9,34.3,18.4,3.8,1.2
La_Guajira,2024,6,2024-06-01,20.5,0.2,24.1,13.5,20.7,21.0
Magdalena,2024,6,2024-06-01,38.4,0.9,28.2,21.7,5.7,5.1
Meta,2024,6,2024-06-01,35.0,2.9,46.5,11.3,2.7,1.6
Narino,2024,6,2024-06-01,37.4,1.9,23.0,28.6,8.9,0.2
Norte_de_Santander,2024,6,2024-06-01,40.0,4.0,36.3,13.9,5.0,0.8
Putumayo,2024,6,2024-06-01,24.6,0.4,43.2,18.9,11.1,1.8
Quindio,2024,6,2024-06-01,33.3,3.8,47.0,12.3,2.1,1.5
Risaralda,2024,6,2024-06-01,30.0,4.4,47.6,12.1,4.0,2.0
Santander,2024,6,2024-06-01,31.9,3.7,45.5,12.6,4.1,2.2
Sucre,2024,6,2024-06-01,42.7,0.9,20.1,22.8,9.6,4.0
Tolima,2024,6,2024-06-01,38.3,4.4,35.2,18.9,2.2,1.0
Valle,2024,6,2024-06-01,32.4,2.1,49.0,13.0,2.1,1.4
Vaupes,2024,6,2024-06-01,18.8,0.2,7.0,3.7,28.4,41.9
Vichada,2024,6,2024-06-01,11.9,0.4,11.1,5.8,53.2,17.5
Amazonas,2024,7,2024-07-01,37.6,0.2,16.4,8.5,13.5,23.8
Antioquia,2024,7,2024-07-01,36.4,3.5,44.9,12.3,1.9,1.0
Arauca,2024,7,2024-07-01,29.6,1.3,38.5,17.8,11.4,1.5
Atlantico,2024,7,2024-07-01,42.9,3.0,30.9,18.7,3.6,0.8
Bogota_DC,2024,7,2024-07-01,34.5,6.7,50.5,6.5,0.6,1.2
Bolivar,2024,7,2024-07-01,41.8,0.9,28.4,20.3,7.7,1.0
Boyaca,2024,7,2024-07-01,43.8,2.6,37.4,13.6,1.5,1.0
Caldas,2024,7,2024-07-01,38.6,4.2,43.8,9.2,0.7,3.5
Caqueta,2024,7,2024-07-01,26.4,0.8,41.5,23.5,6.4,1.4
Casanare,2024,7,2024-07-01,35.2,2.0,44.5,12.2,5.1,0.9
Cauca,2024,7,2024-07-01,43.6,1.6,19.6,19.9,5.8,9.6
Cesar,2024,7,2024-07-01,35.4,1.6,35.9,19.5,5.2,2.4
Choco,2024,7,2024-07-01,64.5,0.2,14.4,11.1,7.6,2.1
Cordoba,2024,7,2024-07-01,43.9,0.8,20.6,25.1,8.0,1.5
Cundinamarca,2024,7,2024-07-01,28.3,7.2,52.9,8.9,1.0,1.7
Guainia,2024,7,2024-07-01,10.5,0.4,14.1,5.2,8.5,61.2
Guaviare,2024,7,2024-07-01,41.3,4.0,31.5,19.6,2.6,0.9
Huila,2024,7,2024-07-01,39.5,2.9,34.3,18.4,3.8,1.2
La_Guajira,2024,7,2024-07-01,20.5,0.2,24.1,13.5,20.7,21.0
Magdalena,2024,7,2024-07-01,38.4,0.9,28.2,21.7,5.7,5.1
Meta,2024,7,2024-07-01,35.0,2.9,46.5,11.3,2.7,1.6
Narino,2024,7,2024-07-01,37.4,1.9,23.0,28.6,8.9,0.2
Norte_de_Santander,2024,7,2024-07-01,40.0,4.0,36.3,13.9,5.0,0.8
Putumayo,2024,7,2024-07-01,24.6,0.4,43.2,18.9,11.1,1.8
Quindio,2024,7,2024-07-01,33.3,3.8,47.0,12.3,2.1,1.5
Risaralda,2024,7,2024-07-01,30.0,4.4,47.6,12.1,4.0,2.0
Santander,2024,7,2024-07-01,31.9,3.7,45.5,12.6,4.1,2.2
Sucre,2024,7,2024-07-01,42.7,0.9,20.1,22.8,9.6,4.0
Tolima,2024,7,2024-07-01,38.3,4.4,35.2,18.9,2.2,1.0
Valle,2024,7,2024-07-01,32.4,2.1,49.0,13.0,2.1,1.4
Vaupes,2024,7,2024-07-01,18.8,0.2,7.0,3.7,28.4,41.9
Vichada,2024,7,2024-07-01,11.9,0.4,11.1,5.8,53.2,17.5
Amazonas,2024,8,2024-08-01,37.6,0.2,16.4,8.5,13.5,23.8
Antioquia,2024,8,2024-08-01,36.4,3.5,44.9,12.3,1.9,1.0
Arauca,2024,8,2024-08-01,29.6,1.3,38.5,17.8,11.4,1.5
Atlantico,2024,8,2024-08-01,42.9,3.0,30.9,18.7,3.6,0.8
Bogota_DC,2024,8,2024-08-01,34.5,6.7,50.5,6.5,0.6,1.2
Bolivar,2024,8,2024-08-01,41.8,0.9,28.4,20.3,7.7,1.0
Boyaca,2024,8,2024-08-01,43.8,2.6,37.4,13.6,1.5,1.0
Caldas,2024,8,2024-08-01,38.6,4.2,43.8,9.2,0.7,3.5
Caqueta,2024,8,2024-08-01,26.4,0.8,41.5,23.5,6.4,1.4
Casanare,2024,8,2024-08-01,35.2,2.0,44.5,12.2,5.1,0.9
Cauca,2024,8,2024-08-01,43.6,1.6,19.6,19.9,5.8,9.6
Cesar,2024,8,2024-08-01,35.4,1.6,35.9,19.5,5.2,2.4
Choco,2024,8,2024-08-01,64.5,0.2,14.4,11.1,7.6,2.1
Cordoba,2024,8,2024-08-01,43.9,0.8,20.6,25.1,8.0,1.5
Cundinamarca,2024,8,2024-08-01,28.3,7.2,52.9,8.9,1.0,1.7
Guainia,2024,8,2024-08-01,10.5,0.4,14.1,5.2,8.5,61.2
Guaviare,2024,8,2024-08-01,41.3,4.0,31.5,19.6,2.6,0.9
Huila,2024,8,2024-08-01,39.5,2.9,34.3,18.4,3.8,1.2
La_Guajira,2024,8,2024-08-01,20.5,0.2,24.1,13.5,20.7,21.0
Magdalena,2024,8,2024-08-01,38.4,0.9,28.2,21.7,5.7,5.1
Meta,2024,8,2024-08-01,35.0,2.9,46.5,11.3,2.7,1.6
Narino,2024,8,2024-08-01,37.4,1.9,23.0,28.6,8.9,0.2
Norte_de_Santander,2024,8,2024-08-01,40.0,4.0,36.3,13.9,5.0,0.8
Putumayo,2024,8,2024-08-01,24.6,0.4,43.2,18.9,11.1,1.8
Quindio,2024,8,2024-08-01,33.3,3.8,47.0,12.3,2.1,1.5
Risaralda,2024,8,2024-08-01,30.0,4.4,47.6,12.1,4.0,2.0
Santander,2024,8,2024-08-01,31.9,3.7,45.5,12.6,4.1,2.2
Sucre,2024,8,2024-08-01,42.7,0.9,20.1,22.8,9.6,4.0
Tolima,2024,8,2024-08-01,38.3,4.4,35.2,18.9,2.2,1.0
Valle,2024,8,2024-08-01,32.4,2.1,49.0,13.0,2.1,1.4
Vaupes,2024,8,2024-08-01,18.8,0.2,7.0,3.7,28.4,41.9
Vichada,2024,8,2024-08-01,11.9,0.4,11.1,5.8,53.2,17.5
