departamento,a√±o,mes,fecha,Deficit_cuantitativo,Deficit_cualitativo,Deficit_habitacional
Amazonas,2022,1,2022-01-01,61.3,23.3,84.5
Antioquia,2022,1,2022-01-01,4.8,19.8,24.7
Arauca,2022,1,2022-01-01,30.3,22.6,52.9
Atlantico,2022,1,2022-01-01,3.5,28.0,31.5
Bogota_DC,2022,1,2022-01-01,1.4,9.8,11.2
Bolivar,2022,1,2022-01-01,14.3,44.8,59.1
Boyaca,2022,1,2022-01-01,2.8,21.2,24.0
Caldas,2022,1,2022-01-01,2.9,18.6,21.4
Caqueta,2022,1,2022-01-01,24.3,22.9,47.2
Casanare,2022,1,2022-01-01,7.2,24.2,31.4
Cauca,2022,1,2022-01-01,12.4,37.8,50.2
Cesar,2022,1,2022-01-01,7.9,38.6,46.5
Choco,2022,1,2022-01-01,43.5,40.8,84.3
Cordoba,2022,1,2022-01-01,21.3,39.3,60.6
Cundinamarca,2022,1,2022-01-01,2.3,16.0,18.3
Guainia,2022,1,2022-01-01,56.2,30.8,87.0
Guaviare,2022,1,2022-01-01,47.9,19.2,67.0
Huila,2022,1,2022-01-01,4.3,27.4,31.8
La_Guajira,2022,1,2022-01-01,8.7,48.9,57.6
Magdalena,2022,1,2022-01-01,10.3,51.6,61.9
Meta,2022,1,2022-01-01,9.2,19.0,28.2
Narino,2022,1,2022-01-01,20.4,27.6,48.0
Norte_de_Santander,2022,1,2022-01-01,6.8,27.1,33.9
Putumayo,2022,1,2022-01-01,41.4,25.3,66.7
Quindio,2022,1,2022-01-01,3.2,9.3,12.4
Risaralda,2022,1,2022-01-01,2.9,14.4,17.3
Santander,2022,1,2022-01-01,5.9,22.6,28.4
Sucre,2022,1,2022-01-01,8.2,53.1,61.3
Tolima,2022,1,2022-01-01,4.0,24.1,28.1
Valle,2022,1,2022-01-01,4.5,14.1,18.6
Vaupes,2022,1,2022-01-01,83.0,8.3,91.3
Vichada,2022,1,2022-01-01,26.6,67.6,94.2
Amazonas,2022,2,2022-02-01,61.3,23.3,84.5
Antioquia,2022,2,2022-02-01,4.8,19.8,24.7
Arauca,2022,2,2022-02-01,30.3,22.6,52.9
Atlantico,2022,2,2022-02-01,3.5,28.0,31.5
Bogota_DC,2022,2,2022-02-01,1.4,9.8,11.2
Bolivar,2022,2,2022-02-01,14.3,44.8,59.1
Boyaca,2022,2,2022-02-01,2.8,21.2,24.0
Caldas,2022,2,2022-02-01,2.9,18.6,21.4
Caqueta,2022,2,2022-02-01,24.3,22.9,47.2
Casanare,2022,2,2022-02-01,7.2,24.2,31.4
Cauca,2022,2,2022-02-01,12.4,37.8,50.2
Cesar,2022,2,2022-02-01,7.9,38.6,46.5
Choco,2022,2,2022-02-01,43.5,40.8,84.3
Cordoba,2022,2,2022-02-01,21.3,39.3,60.6
Cundinamarca,2022,2,2022-02-01,2.3,16.0,18.3
Guainia,2022,2,2022-02-01,56.2,30.8,87.0
Guaviare,2022,2,2022-02-01,47.9,19.2,67.0
Huila,2022,2,2022-02-01,4.3,27.4,31.8
La_Guajira,2022,2,2022-02-01,8.7,48.9,57.6
Magdalena,2022,2,2022-02-01,10.3,51.6,61.9
Meta,2022,2,2022-02-01,9.2,19.0,28.2
Narino,2022,2,2022-02-01,20.4,27.6,48.0
Norte_de_Santander,2022,2,2022-02-01,6.8,27.1,33.9
Putumayo,2022,2,2022-02-01,41.4,25.3,66.7
Quindio,2022,2,2022-02-01,3.2,9.3,12.4
Risaralda,2022,2,2022-02-01,2.9,14.4,17.3
Santander,2022,2,2022-02-01,5.9,22.6,28.4
Sucre,2022,2,2022-02-01,8.2,53.1,61.3
Tolima,2022,2,2022-02-01,4.0,24.1,28.1
Valle,2022,2,2022-02-01,4.5,14.1,18.6
Vaupes,2022,2,2022-02-01,83.0,8.3,91.3
Vichada,2022,2,2022-02-01,26.6,67.6,94.2
Amazonas,2022,3,2022-03-01,61.3,23.3,84.5
Antioquia,2022,3,2022-03-01,4.8,19.8,24.7
Arauca,2022,3,2022-03-01,30.3,22.6,52.9
Atlantico,2022,3,2022-03-01,3.5,28.0,31.5
Bogota_DC,2022,3,2022-03-01,1.4,9.8,11.2
Bolivar,2022,3,2022-03-01,14.3,44.8,59.1
Boyaca,2022,3,2022-03-01,2.8,21.2,24.0
Caldas,2022,3,2022-03-01,2.9,18.6,21.4
Caqueta,2022,3,2022-03-01,24.3,22.9,47.2
Casanare,2022,3,2022-03-01,7.2,24.2,31.4
Cauca,2022,3,2022-03-01,12.4,37.8,50.2
Cesar,2022,3,2022-03-01,7.9,38.6,46.5
Choco,2022,3,2022-03-01,43.5,40.8,84.3
Cordoba,2022,3,2022-03-01,21.3,39.3,60.6
Cundinamarca,2022,3,2022-03-01,2.3,16.0,18.3
Guainia,2022,3,2022-03-01,56.2,30.8,87.0
Guaviare,2022,3,2022-03-01,47.9,19.2,67.0
Huila,2022,3,2022-03-01,4.3,27.4,31.8
La_Guajira,2022,3,2022-03-01,8.7,48.9,57.6
Magdalena,2022,3,2022-03-01,10.3,51.6,61.9
Meta,2022,3,2022-03-01,9.2,19.0,28.2
Narino,2022,3,2022-03-01,20.4,27.6,48.0
Norte_de_Santander,2022,3,2022-03-01,6.8,27.1,33.9
Putumayo,2022,3,2022-03-01,41.4,25.3,66.7
Quindio,2022,3,2022-03-01,3.2,9.3,12.4
Risaralda,2022,3,2022-03-01,2.9,14.4,17.3
Santander,2022,3,2022-03-01,5.9,22.6,28.4
Sucre,2022,3,2022-03-01,8.2,53.1,61.3
Tolima,2022,3,2022-03-01,4.0,24.1,28.1
Valle,2022,3,2022-03-01,4.5,14.1,18.6
Vaupes,2022,3,2022-03-01,83.0,8.3,91.3
Vichada,2022,3,2022-03-01,26.6,67.6,94.2
Amazonas,2022,4,2022-04-01,61.3,23.3,84.5
Antioquia,2022,4,2022-04-01,4.8,19.8,24.7
Arauca,2022,4,2022-04-01,30.3,22.6,52.9
Atlantico,2022,4,2022-04-01,3.5,28.0,31.5
Bogota_DC,2022,4,2022-04-01,1.4,9.8,11.2
Bolivar,2022,4,2022-04-01,14.3,44.8,59.1
Boyaca,2022,4,2022-04-01,2.8,21.2,24.0
Caldas,2022,4,2022-04-01,2.9,18.6,21.4
Caqueta,2022,4,2022-04-01,24.3,22.9,47.2
Casanare,2022,4,2022-04-01,7.2,24.2,31.4
Cauca,2022,4,2022-04-01,12.4,37.8,50.2
Cesar,2022,4,2022-04-01,7.9,38.6,46.5
Choco,2022,4,2022-04-01,43.5,40.8,84.3
Cordoba,2022,4,2022-04-01,21.3,39.3,60.6
Cundinamarca,2022,4,2022-04-01,2.3,16.0,18.3
Guainia,2022,4,2022-04-01,56.2,30.8,87.0
Guaviare,2022,4,2022-04-01,47.9,19.2,67.0
Huila,2022,4,2022-04-01,4.3,27.4,31.8
La_Guajira,2022,4,2022-04-01,8.7,48.9,57.6
Magdalena,2022,4,2022-04-01,10.3,51.6,61.9
Meta,2022,4,2022-04-01,9.2,19.0,28.2
Narino,2022,4,2022-04-01,20.4,27.6,48.0
Norte_de_Santander,2022,4,2022-04-01,6.8,27.1,33.9
Putumayo,2022,4,2022-04-01,41.4,25.3,66.7
Quindio,2022,4,2022-04-01,3.2,9.3,12.4
Risaralda,2022,4,2022-04-01,2.9,14.4,17.3
Santander,2022,4,2022-04-01,5.9,22.6,28.4
Sucre,2022,4,2022-04-01,8.2,53.1,61.3
Tolima,2022,4,2022-04-01,4.0,24.1,28.1
Valle,2022,4,2022-04-01,4.5,14.1,18.6
Vaupes,2022,4,2022-04-01,83.0,8.3,91.3
Vichada,2022,4,2022-04-01,26.6,67.6,94.2
Amazonas,2022,5,2022-05-01,61.3,23.3,84.5
Antioquia,2022,5,2022-05-01,4.8,19.8,24.7
Arauca,2022,5,2022-05-01,30.3,22.6,52.9
Atlantico,2022,5,2022-05-01,3.5,28.0,31.5
Bogota_DC,2022,5,2022-05-01,1.4,9.8,11.2
Bolivar,2022,5,2022-05-01,14.3,44.8,59.1
Boyaca,2022,5,2022-05-01,2.8,21.2,24.0
Caldas,2022,5,2022-05-01,2.9,18.6,21.4
Caqueta,2022,5,2022-05-01,24.3,22.9,47.2
Casanare,2022,5,2022-05-01,7.2,24.2,31.4
Cauca,2022,5,2022-05-01,12.4,37.8,50.2
Cesar,2022,5,2022-05-01,7.9,38.6,46.5
Choco,2022,5,2022-05-01,43.5,40.8,84.3
Cordoba,2022,5,2022-05-01,21.3,39.3,60.6
Cundinamarca,2022,5,2022-05-01,2.3,16.0,18.3
Guainia,2022,5,2022-05-01,56.2,30.8,87.0
Guaviare,2022,5,2022-05-01,47.9,19.2,67.0
Huila,2022,5,2022-05-01,4.3,27.4,31.8
La_Guajira,2022,5,2022-05-01,8.7,48.9,57.6
Magdalena,2022,5,2022-05-01,10.3,51.6,61.9
Meta,2022,5,2022-05-01,9.2,19.0,28.2
Narino,2022,5,2022-05-01,20.4,27.6,48.0
Norte_de_Santander,2022,5,2022-05-01,6.8,27.1,33.9
Putumayo,2022,5,2022-05-01,41.4,25.3,66.7
Quindio,2022,5,2022-05-01,3.2,9.3,12.4
Risaralda,2022,5,2022-05-01,2.9,14.4,17.3
Santander,2022,5,2022-05-01,5.9,22.6,28.4
Sucre,2022,5,2022-05-01,8.2,53.1,61.3
Tolima,2022,5,2022-05-01,4.0,24.1,28.1
Valle,2022,5,2022-05-01,4.5,14.1,18.6
Vaupes,2022,5,2022-05-01,83.0,8.3,91.3
Vichada,2022,5,2022-05-01,26.6,67.6,94.2
Amazonas,2022,6,2022-06-01,61.3,23.3,84.5
Antioquia,2022,6,2022-06-01,4.8,19.8,24.7
Arauca,2022,6,2022-06-01,30.3,22.6,52.9
Atlantico,2022,6,2022-06-01,3.5,28.0,31.5
Bogota_DC,2022,6,2022-06-01,1.4,9.8,11.2
Bolivar,2022,6,2022-06-01,14.3,44.8,59.1
Boyaca,2022,6,2022-06-01,2.8,21.2,24.0
Caldas,2022,6,2022-06-01,2.9,18.6,21.4
Caqueta,2022,6,2022-06-01,24.3,22.9,47.2
Casanare,2022,6,2022-06-01,7.2,24.2,31.4
Cauca,2022,6,2022-06-01,12.4,37.8,50.2
Cesar,2022,6,2022-06-01,7.9,38.6,46.5
Choco,2022,6,2022-06-01,43.5,40.8,84.3
Cordoba,2022,6,2022-06-01,21.3,39.3,60.6
Cundinamarca,2022,6,2022-06-01,2.3,16.0,18.3
Guainia,2022,6,2022-06-01,56.2,30.8,87.0
Guaviare,2022,6,2022-06-01,47.9,19.2,67.0
Huila,2022,6,2022-06-01,4.3,27.4,31.8
La_Guajira,2022,6,2022-06-01,8.7,48.9,57.6
Magdalena,2022,6,2022-06-01,10.3,51.6,61.9
Meta,2022,6,2022-06-01,9.2,19.0,28.2
Narino,2022,6,2022-06-01,20.4,27.6,48.0
Norte_de_Santander,2022,6,2022-06-01,6.8,27.1,33.9
Putumayo,2022,6,2022-06-01,41.4,25.3,66.7
Quindio,2022,6,2022-06-01,3.2,9.3,12.4
Risaralda,2022,6,2022-06-01,2.9,14.4,17.3
Santander,2022,6,2022-06-01,5.9,22.6,28.4
Sucre,2022,6,2022-06-01,8.2,53.1,61.3
Tolima,2022,6,2022-06-01,4.0,24.1,28.1
Valle,2022,6,2022-06-01,4.5,14.1,18.6
Vaupes,2022,6,2022-06-01,83.0,8.3,91.3
Vichada,2022,6,2022-06-01,26.6,67.6,94.2
Amazonas,2022,7,2022-07-01,61.3,23.3,84.5
Antioquia,2022,7,2022-07-01,4.8,19.8,24.7
Arauca,2022,7,2022-07-01,30.3,22.6,52.9
Atlantico,2022,7,2022-07-01,3.5,28.0,31.5
Bogota_DC,2022,7,2022-07-01,1.4,9.8,11.2
Bolivar,2022,7,2022-07-01,14.3,44.8,59.1
Boyaca,2022,7,2022-07-01,2.8,21.2,24.0
Caldas,2022,7,2022-07-01,2.9,18.6,21.4
Caqueta,2022,7,2022-07-01,24.3,22.9,47.2
Casanare,2022,7,2022-07-01,7.2,24.2,31.4
Cauca,2022,7,2022-07-01,12.4,37.8,50.2
Cesar,2022,7,2022-07-01,7.9,38.6,46.5
Choco,2022,7,2022-07-01,43.5,40.8,84.3
Cordoba,2022,7,2022-07-01,21.3,39.3,60.6
Cundinamarca,2022,7,2022-07-01,2.3,16.0,18.3
Guainia,2022,7,2022-07-01,56.2,30.8,87.0
Guaviare,2022,7,2022-07-01,47.9,19.2,67.0
Huila,2022,7,2022-07-01,4.3,27.4,31.8
La_Guajira,2022,7,2022-07-01,8.7,48.9,57.6
Magdalena,2022,7,2022-07-01,10.3,51.6,61.9
Meta,2022,7,2022-07-01,9.2,19.0,28.2
Narino,2022,7,2022-07-01,20.4,27.6,48.0
Norte_de_Santander,2022,7,2022-07-01,6.8,27.1,33.9
Putumayo,2022,7,2022-07-01,41.4,25.3,66.7
Quindio,2022,7,2022-07-01,3.2,9.3,12.4
Risaralda,2022,7,2022-07-01,2.9,14.4,17.3
Santander,2022,7,2022-07-01,5.9,22.6,28.4
Sucre,2022,7,2022-07-01,8.2,53.1,61.3
Tolima,2022,7,2022-07-01,4.0,24.1,28.1
Valle,2022,7,2022-07-01,4.5,14.1,18.6
Vaupes,2022,7,2022-07-01,83.0,8.3,91.3
Vichada,2022,7,2022-07-01,26.6,67.6,94.2
Amazonas,2022,8,2022-08-01,61.3,23.3,84.5
Antioquia,2022,8,2022-08-01,4.8,19.8,24.7
Arauca,2022,8,2022-08-01,30.3,22.6,52.9
Atlantico,2022,8,2022-08-01,3.5,28.0,31.5
Bogota_DC,2022,8,2022-08-01,1.4,9.8,11.2
Bolivar,2022,8,2022-08-01,14.3,44.8,59.1
Boyaca,2022,8,2022-08-01,2.8,21.2,24.0
Caldas,2022,8,2022-08-01,2.9,18.6,21.4
Caqueta,2022,8,2022-08-01,24.3,22.9,47.2
Casanare,2022,8,2022-08-01,7.2,24.2,31.4
Cauca,2022,8,2022-08-01,12.4,37.8,50.2
Cesar,2022,8,2022-08-01,7.9,38.6,46.5
Choco,2022,8,2022-08-01,43.5,40.8,84.3
Cordoba,2022,8,2022-08-01,21.3,39.3,60.6
Cundinamarca,2022,8,2022-08-01,2.3,16.0,18.3
Guainia,2022,8,2022-08-01,56.2,30.8,87.0
Guaviare,2022,8,2022-08-01,47.9,19.2,67.0
Huila,2022,8,2022-08-01,4.3,27.4,31.8
La_Guajira,2022,8,2022-08-01,8.7,48.9,57.6
Magdalena,2022,8,2022-08-01,10.3,51.6,61.9
Meta,2022,8,2022-08-01,9.2,19.0,28.2
Narino,2022,8,2022-08-01,20.4,27.6,48.0
Norte_de_Santander,2022,8,2022-08-01,6.8,27.1,33.9
Putumayo,2022,8,2022-08-01,41.4,25.3,66.7
Quindio,2022,8,2022-08-01,3.2,9.3,12.4
Risaralda,2022,8,2022-08-01,2.9,14.4,17.3
Santander,2022,8,2022-08-01,5.9,22.6,28.4
Sucre,2022,8,2022-08-01,8.2,53.1,61.3
Tolima,2022,8,2022-08-01,4.0,24.1,28.1
Valle,2022,8,2022-08-01,4.5,14.1,18.6
Vaupes,2022,8,2022-08-01,83.0,8.3,91.3
Vichada,2022,8,2022-08-01,26.6,67.6,94.2
Amazonas,2022,9,2022-09-01,61.3,23.3,84.5
Antioquia,2022,9,2022-09-01,4.8,19.8,24.7
Arauca,2022,9,2022-09-01,30.3,22.6,52.9
Atlantico,2022,9,2022-09-01,3.5,28.0,31.5
Bogota_DC,2022,9,2022-09-01,1.4,9.8,11.2
Bolivar,2022,9,2022-09-01,14.3,44.8,59.1
Boyaca,2022,9,2022-09-01,2.8,21.2,24.0
Caldas,2022,9,2022-09-01,2.9,18.6,21.4
Caqueta,2022,9,2022-09-01,24.3,22.9,47.2
Casanare,2022,9,2022-09-01,7.2,24.2,31.4
Cauca,2022,9,2022-09-01,12.4,37.8,50.2
Cesar,2022,9,2022-09-01,7.9,38.6,46.5
Choco,2022,9,2022-09-01,43.5,40.8,84.3
Cordoba,2022,9,2022-09-01,21.3,39.3,60.6
Cundinamarca,2022,9,2022-09-01,2.3,16.0,18.3
Guainia,2022,9,2022-09-01,56.2,30.8,87.0
Guaviare,2022,9,2022-09-01,47.9,19.2,67.0
Huila,2022,9,2022-09-01,4.3,27.4,31.8
La_Guajira,2022,9,2022-09-01,8.7,48.9,57.6
Magdalena,2022,9,2022-09-01,10.3,51.6,61.9
Meta,2022,9,2022-09-01,9.2,19.0,28.2
Narino,2022,9,2022-09-01,20.4,27.6,48.0
Norte_de_Santander,2022,9,2022-09-01,6.8,27.1,33.9
Putumayo,2022,9,2022-09-01,41.4,25.3,66.7
Quindio,2022,9,2022-09-01,3.2,9.3,12.4
Risaralda,2022,9,2022-09-01,2.9,14.4,17.3
Santander,2022,9,2022-09-01,5.9,22.6,28.4
Sucre,2022,9,2022-09-01,8.2,53.1,61.3
Tolima,2022,9,2022-09-01,4.0,24.1,28.1
Valle,2022,9,2022-09-01,4.5,14.1,18.6
Vaupes,2022,9,2022-09-01,83.0,8.3,91.3
Vichada,2022,9,2022-09-01,26.6,67.6,94.2
Amazonas,2022,10,2022-10-01,61.3,23.3,84.5
Antioquia,2022,10,2022-10-01,4.8,19.8,24.7
Arauca,2022,10,2022-10-01,30.3,22.6,52.9
Atlantico,2022,10,2022-10-01,3.5,28.0,31.5
Bogota_DC,2022,10,2022-10-01,1.4,9.8,11.2
Bolivar,2022,10,2022-10-01,14.3,44.8,59.1
Boyaca,2022,10,2022-10-01,2.8,21.2,24.0
Caldas,2022,10,2022-10-01,2.9,18.6,21.4
Caqueta,2022,10,2022-10-01,24.3,22.9,47.2
Casanare,2022,10,2022-10-01,7.2,24.2,31.4
Cauca,2022,10,2022-10-01,12.4,37.8,50.2
Cesar,2022,10,2022-10-01,7.9,38.6,46.5
Choco,2022,10,2022-10-01,43.5,40.8,84.3
Cordoba,2022,10,2022-10-01,21.3,39.3,60.6
Cundinamarca,2022,10,2022-10-01,2.3,16.0,18.3
Guainia,2022,10,2022-10-01,56.2,30.8,87.0
Guaviare,2022,10,2022-10-01,47.9,19.2,67.0
Huila,2022,10,2022-10-01,4.3,27.4,31.8
La_Guajira,2022,10,2022-10-01,8.7,48.9,57.6
Magdalena,2022,10,2022-10-01,10.3,51.6,61.9
Meta,2022,10,2022-10-01,9.2,19.0,28.2
Narino,2022,10,2022-10-01,20.4,27.6,48.0
Norte_de_Santander,2022,10,2022-10-01,6.8,27.1,33.9
Putumayo,2022,10,2022-10-01,41.4,25.3,66.7
Quindio,2022,10,2022-10-01,3.2,9.3,12.4
Risaralda,2022,10,2022-10-01,2.9,14.4,17.3
Santander,2022,10,2022-10-01,5.9,22.6,28.4
Sucre,2022,10,2022-10-01,8.2,53.1,61.3
Tolima,2022,10,2022-10-01,4.0,24.1,28.1
Valle,2022,10,2022-10-01,4.5,14.1,18.6
Vaupes,2022,10,2022-10-01,83.0,8.3,91.3
Vichada,2022,10,2022-10-01,26.6,67.6,94.2
Amazonas,2022,11,2022-11-01,61.3,23.3,84.5
Antioquia,2022,11,2022-11-01,4.8,19.8,24.7
Arauca,2022,11,2022-11-01,30.3,22.6,52.9
Atlantico,2022,11,2022-11-01,3.5,28.0,31.5
Bogota_DC,2022,11,2022-11-01,1.4,9.8,11.2
Bolivar,2022,11,2022-11-01,14.3,44.8,59.1
Boyaca,2022,11,2022-11-01,2.8,21.2,24.0
Caldas,2022,11,2022-11-01,2.9,18.6,21.4
Caqueta,2022,11,2022-11-01,24.3,22.9,47.2
Casanare,2022,11,2022-11-01,7.2,24.2,31.4
Cauca,2022,11,2022-11-01,12.4,37.8,50.2
Cesar,2022,11,2022-11-01,7.9,38.6,46.5
Choco,2022,11,2022-11-01,43.5,40.8,84.3
Cordoba,2022,11,2022-11-01,21.3,39.3,60.6
Cundinamarca,2022,11,2022-11-01,2.3,16.0,18.3
Guainia,2022,11,2022-11-01,56.2,30.8,87.0
Guaviare,2022,11,2022-11-01,47.9,19.2,67.0
Huila,2022,11,2022-11-01,4.3,27.4,31.8
La_Guajira,2022,11,2022-11-01,8.7,48.9,57.6
Magdalena,2022,11,2022-11-01,10.3,51.6,61.9
Meta,2022,11,2022-11-01,9.2,19.0,28.2
Narino,2022,11,2022-11-01,20.4,27.6,48.0
Norte_de_Santander,2022,11,2022-11-01,6.8,27.1,33.9
Putumayo,2022,11,2022-11-01,41.4,25.3,66.7
Quindio,2022,11,2022-11-01,3.2,9.3,12.4
Risaralda,2022,11,2022-11-01,2.9,14.4,17.3
Santander,2022,11,2022-11-01,5.9,22.6,28.4
Sucre,2022,11,2022-11-01,8.2,53.1,61.3
Tolima,2022,11,2022-11-01,4.0,24.1,28.1
Valle,2022,11,2022-11-01,4.5,14.1,18.6
Vaupes,2022,11,2022-11-01,83.0,8.3,91.3
Vichada,2022,11,2022-11-01,26.6,67.6,94.2
Amazonas,2022,12,2022-12-01,61.3,23.3,84.5
Antioquia,2022,12,2022-12-01,4.8,19.8,24.7
Arauca,2022,12,2022-12-01,30.3,22.6,52.9
Atlantico,2022,12,2022-12-01,3.5,28.0,31.5
Bogota_DC,2022,12,2022-12-01,1.4,9.8,11.2
Bolivar,2022,12,2022-12-01,14.3,44.8,59.1
Boyaca,2022,12,2022-12-01,2.8,21.2,24.0
Caldas,2022,12,2022-12-01,2.9,18.6,21.4
Caqueta,2022,12,2022-12-01,24.3,22.9,47.2
Casanare,2022,12,2022-12-01,7.2,24.2,31.4
Cauca,2022,12,2022-12-01,12.4,37.8,50.2
Cesar,2022,12,2022-12-01,7.9,38.6,46.5
Choco,2022,12,2022-12-01,43.5,40.8,84.3
Cordoba,2022,12,2022-12-01,21.3,39.3,60.6
Cundinamarca,2022,12,2022-12-01,2.3,16.0,18.3
Guainia,2022,12,2022-12-01,56.2,30.8,87.0
Guaviare,2022,12,2022-12-01,47.9,19.2,67.0
Huila,2022,12,2022-12-01,4.3,27.4,31.8
La_Guajira,2022,12,2022-12-01,8.7,48.9,57.6
Magdalena,2022,12,2022-12-01,10.3,51.6,61.9
Meta,2022,12,2022-12-01,9.2,19.0,28.2
Narino,2022,12,2022-12-01,20.4,27.6,48.0
Norte_de_Santander,2022,12,2022-12-01,6.8,27.1,33.9
Putumayo,2022,12,2022-12-01,41.4,25.3,66.7
Quindio,2022,12,2022-12-01,3.2,9.3,12.4
Risaralda,2022,12,2022-12-01,2.9,14.4,17.3
Santander,2022,12,2022-12-01,5.9,22.6,28.4
Sucre,2022,12,2022-12-01,8.2,53.1,61.3
Tolima,2022,12,2022-12-01,4.0,24.1,28.1
Valle,2022,12,2022-12-01,4.5,14.1,18.6
Vaupes,2022,12,2022-12-01,83.0,8.3,91.3
Vichada,2022,12,2022-12-01,26.6,67.6,94.2
Amazonas,2023,1,2023-01-01,50.7,31.5,82.2
Antioquia,2023,1,2023-01-01,3.9,19.4,23.3
Arauca,2023,1,2023-01-01,30.1,20.8,50.9
Atlantico,2023,1,2023-01-01,3.1,26.0,29.0
Bogota_DC,2023,1,2023-01-01,0.7,10.4,11.1
Bolivar,2023,1,2023-01-01,13.1,47.6,60.7
Boyaca,2023,1,2023-01-01,1.8,18.3,20.1
Caldas,2023,1,2023-01-01,2.9,16.7,19.7
Caqueta,2023,1,2023-01-01,22.3,18.3,40.6
Casanare,2023,1,2023-01-01,6.1,23.9,30.0
Cauca,2023,1,2023-01-01,9.0,35.1,44.2
Cesar,2023,1,2023-01-01,9.1,35.9,45.0
Choco,2023,1,2023-01-01,46.9,41.5,88.4
Cordoba,2023,1,2023-01-01,19.6,36.5,56.1
Cundinamarca,2023,1,2023-01-01,0.9,16.0,17.0
Guainia,2023,1,2023-01-01,52.1,32.5,84.6
Guaviare,2023,1,2023-01-01,43.2,19.2,62.4
Huila,2023,1,2023-01-01,4.1,24.3,28.5
La_Guajira,2023,1,2023-01-01,6.7,46.2,52.9
Magdalena,2023,1,2023-01-01,10.8,48.0,58.8
Meta,2023,1,2023-01-01,8.3,18.4,26.7
Narino,2023,1,2023-01-01,20.3,25.5,45.8
Norte_de_Santander,2023,1,2023-01-01,11.0,29.4,40.4
Putumayo,2023,1,2023-01-01,38.0,24.8,62.8
Quindio,2023,1,2023-01-01,3.8,10.6,14.4
Risaralda,2023,1,2023-01-01,3.3,19.3,22.6
Santander,2023,1,2023-01-01,4.8,18.3,23.1
Sucre,2023,1,2023-01-01,9.9,48.7,58.6
Tolima,2023,1,2023-01-01,5.2,21.5,26.8
Valle,2023,1,2023-01-01,3.9,11.5,15.4
Vaupes,2023,1,2023-01-01,84.3,6.3,90.6
Vichada,2023,1,2023-01-01,43.1,49.1,92.2
Amazonas,2023,2,2023-02-01,50.7,31.5,82.2
Antioquia,2023,2,2023-02-01,3.9,19.4,23.3
Arauca,2023,2,2023-02-01,30.1,20.8,50.9
Atlantico,2023,2,2023-02-01,3.1,26.0,29.0
Bogota_DC,2023,2,2023-02-01,0.7,10.4,11.1
Bolivar,2023,2,2023-02-01,13.1,47.6,60.7
Boyaca,2023,2,2023-02-01,1.8,18.3,20.1
Caldas,2023,2,2023-02-01,2.9,16.7,19.7
Caqueta,2023,2,2023-02-01,22.3,18.3,40.6
Casanare,2023,2,2023-02-01,6.1,23.9,30.0
Cauca,2023,2,2023-02-01,9.0,35.1,44.2
Cesar,2023,2,2023-02-01,9.1,35.9,45.0
Choco,2023,2,2023-02-01,46.9,41.5,88.4
Cordoba,2023,2,2023-02-01,19.6,36.5,56.1
Cundinamarca,2023,2,2023-02-01,0.9,16.0,17.0
Guainia,2023,2,2023-02-01,52.1,32.5,84.6
Guaviare,2023,2,2023-02-01,43.2,19.2,62.4
Huila,2023,2,2023-02-01,4.1,24.3,28.5
La_Guajira,2023,2,2023-02-01,6.7,46.2,52.9
Magdalena,2023,2,2023-02-01,10.8,48.0,58.8
Meta,2023,2,2023-02-01,8.3,18.4,26.7
Narino,2023,2,2023-02-01,20.3,25.5,45.8
Norte_de_Santander,2023,2,2023-02-01,11.0,29.4,40.4
Putumayo,2023,2,2023-02-01,38.0,24.8,62.8
Quindio,2023,2,2023-02-01,3.8,10.6,14.4
Risaralda,2023,2,2023-02-01,3.3,19.3,22.6
Santander,2023,2,2023-02-01,4.8,18.3,23.1
Sucre,2023,2,2023-02-01,9.9,48.7,58.6
Tolima,2023,2,2023-02-01,5.2,21.5,26.8
Valle,2023,2,2023-02-01,3.9,11.5,15.4
Vaupes,2023,2,2023-02-01,84.3,6.3,90.6
Vichada,2023,2,2023-02-01,43.1,49.1,92.2
Amazonas,2023,3,2023-03-01,50.7,31.5,82.2
Antioquia,2023,3,2023-03-01,3.9,19.4,23.3
Arauca,2023,3,2023-03-01,30.1,20.8,50.9
Atlantico,2023,3,2023-03-01,3.1,26.0,29.0
Bogota_DC,2023,3,2023-03-01,0.7,10.4,11.1
Bolivar,2023,3,2023-03-01,13.1,47.6,60.7
Boyaca,2023,3,2023-03-01,1.8,18.3,20.1
Caldas,2023,3,2023-03-01,2.9,16.7,19.7
Caqueta,2023,3,2023-03-01,22.3,18.3,40.6
Casanare,2023,3,2023-03-01,6.1,23.9,30.0
Cauca,2023,3,2023-03-01,9.0,35.1,44.2
Cesar,2023,3,2023-03-01,9.1,35.9,45.0
Choco,2023,3,2023-03-01,46.9,41.5,88.4
Cordoba,2023,3,2023-03-01,19.6,36.5,56.1
Cundinamarca,2023,3,2023-03-01,0.9,16.0,17.0
Guainia,2023,3,2023-03-01,52.1,32.5,84.6
Guaviare,2023,3,2023-03-01,43.2,19.2,62.4
Huila,2023,3,2023-03-01,4.1,24.3,28.5
La_Guajira,2023,3,2023-03-01,6.7,46.2,52.9
Magdalena,2023,3,2023-03-01,10.8,48.0,58.8
Meta,2023,3,2023-03-01,8.3,18.4,26.7
Narino,2023,3,2023-03-01,20.3,25.5,45.8
Norte_de_Santander,2023,3,2023-03-01,11.0,29.4,40.4
Putumayo,2023,3,2023-03-01,38.0,24.8,62.8
Quindio,2023,3,2023-03-01,3.8,10.6,14.4
Risaralda,2023,3,2023-03-01,3.3,19.3,22.6
Santander,2023,3,2023-03-01,4.8,18.3,23.1
Sucre,2023,3,2023-03-01,9.9,48.7,58.6
Tolima,2023,3,2023-03-01,5.2,21.5,26.8
Valle,2023,3,2023-03-01,3.9,11.5,15.4
Vaupes,2023,3,2023-03-01,84.3,6.3,90.6
Vichada,2023,3,2023-03-01,43.1,49.1,92.2
Amazonas,2023,4,2023-04-01,50.7,31.5,82.2
Antioquia,2023,4,2023-04-01,3.9,19.4,23.3
Arauca,2023,4,2023-04-01,30.1,20.8,50.9
Atlantico,2023,4,2023-04-01,3.1,26.0,29.0
Bogota_DC,2023,4,2023-04-01,0.7,10.4,11.1
Bolivar,2023,4,2023-04-01,13.1,47.6,60.7
Boyaca,2023,4,2023-04-01,1.8,18.3,20.1
Caldas,2023,4,2023-04-01,2.9,16.7,19.7
Caqueta,2023,4,2023-04-01,22.3,18.3,40.6
Casanare,2023,4,2023-04-01,6.1,23.9,30.0
Cauca,2023,4,2023-04-01,9.0,35.1,44.2
Cesar,2023,4,2023-04-01,9.1,35.9,45.0
Choco,2023,4,2023-04-01,46.9,41.5,88.4
Cordoba,2023,4,2023-04-01,19.6,36.5,56.1
Cundinamarca,2023,4,2023-04-01,0.9,16.0,17.0
Guainia,2023,4,2023-04-01,52.1,32.5,84.6
Guaviare,2023,4,2023-04-01,43.2,19.2,62.4
Huila,2023,4,2023-04-01,4.1,24.3,28.5
La_Guajira,2023,4,2023-04-01,6.7,46.2,52.9
Magdalena,2023,4,2023-04-01,10.8,48.0,58.8
Meta,2023,4,2023-04-01,8.3,18.4,26.7
Narino,2023,4,2023-04-01,20.3,25.5,45.8
Norte_de_Santander,2023,4,2023-04-01,11.0,29.4,40.4
Putumayo,2023,4,2023-04-01,38.0,24.8,62.8
Quindio,2023,4,2023-04-01,3.8,10.6,14.4
Risaralda,2023,4,2023-04-01,3.3,19.3,22.6
Santander,2023,4,2023-04-01,4.8,18.3,23.1
Sucre,2023,4,2023-04-01,9.9,48.7,58.6
Tolima,2023,4,2023-04-01,5.2,21.5,26.8
Valle,2023,4,2023-04-01,3.9,11.5,15.4
Vaupes,2023,4,2023-04-01,84.3,6.3,90.6
Vichada,2023,4,2023-04-01,43.1,49.1,92.2
Amazonas,2023,5,2023-05-01,50.7,31.5,82.2
Antioquia,2023,5,2023-05-01,3.9,19.4,23.3
Arauca,2023,5,2023-05-01,30.1,20.8,50.9
Atlantico,2023,5,2023-05-01,3.1,26.0,29.0
Bogota_DC,2023,5,2023-05-01,0.7,10.4,11.1
Bolivar,2023,5,2023-05-01,13.1,47.6,60.7
Boyaca,2023,5,2023-05-01,1.8,18.3,20.1
Caldas,2023,5,2023-05-01,2.9,16.7,19.7
Caqueta,2023,5,2023-05-01,22.3,18.3,40.6
Casanare,2023,5,2023-05-01,6.1,23.9,30.0
Cauca,2023,5,2023-05-01,9.0,35.1,44.2
Cesar,2023,5,2023-05-01,9.1,35.9,45.0
Choco,2023,5,2023-05-01,46.9,41.5,88.4
Cordoba,2023,5,2023-05-01,19.6,36.5,56.1
Cundinamarca,2023,5,2023-05-01,0.9,16.0,17.0
Guainia,2023,5,2023-05-01,52.1,32.5,84.6
Guaviare,2023,5,2023-05-01,43.2,19.2,62.4
Huila,2023,5,2023-05-01,4.1,24.3,28.5
La_Guajira,2023,5,2023-05-01,6.7,46.2,52.9
Magdalena,2023,5,2023-05-01,10.8,48.0,58.8
Meta,2023,5,2023-05-01,8.3,18.4,26.7
Narino,2023,5,2023-05-01,20.3,25.5,45.8
Norte_de_Santander,2023,5,2023-05-01,11.0,29.4,40.4
Putumayo,2023,5,2023-05-01,38.0,24.8,62.8
Quindio,2023,5,2023-05-01,3.8,10.6,14.4
Risaralda,2023,5,2023-05-01,3.3,19.3,22.6
Santander,2023,5,2023-05-01,4.8,18.3,23.1
Sucre,2023,5,2023-05-01,9.9,48.7,58.6
Tolima,2023,5,2023-05-01,5.2,21.5,26.8
Valle,2023,5,2023-05-01,3.9,11.5,15.4
Vaupes,2023,5,2023-05-01,84.3,6.3,90.6
Vichada,2023,5,2023-05-01,43.1,49.1,92.2
Amazonas,2023,6,2023-06-01,50.7,31.5,82.2
Antioquia,2023,6,2023-06-01,3.9,19.4,23.3
Arauca,2023,6,2023-06-01,30.1,20.8,50.9
Atlantico,2023,6,2023-06-01,3.1,26.0,29.0
Bogota_DC,2023,6,2023-06-01,0.7,10.4,11.1
Bolivar,2023,6,2023-06-01,13.1,47.6,60.7
Boyaca,2023,6,2023-06-01,1.8,18.3,20.1
Caldas,2023,6,2023-06-01,2.9,16.7,19.7
Caqueta,2023,6,2023-06-01,22.3,18.3,40.6
Casanare,2023,6,2023-06-01,6.1,23.9,30.0
Cauca,2023,6,2023-06-01,9.0,35.1,44.2
Cesar,2023,6,2023-06-01,9.1,35.9,45.0
Choco,2023,6,2023-06-01,46.9,41.5,88.4
Cordoba,2023,6,2023-06-01,19.6,36.5,56.1
Cundinamarca,2023,6,2023-06-01,0.9,16.0,17.0
Guainia,2023,6,2023-06-01,52.1,32.5,84.6
Guaviare,2023,6,2023-06-01,43.2,19.2,62.4
Huila,2023,6,2023-06-01,4.1,24.3,28.5
La_Guajira,2023,6,2023-06-01,6.7,46.2,52.9
Magdalena,2023,6,2023-06-01,10.8,48.0,58.8
Meta,2023,6,2023-06-01,8.3,18.4,26.7
Narino,2023,6,2023-06-01,20.3,25.5,45.8
Norte_de_Santander,2023,6,2023-06-01,11.0,29.4,40.4
Putumayo,2023,6,2023-06-01,38.0,24.8,62.8
Quindio,2023,6,2023-06-01,3.8,10.6,14.4
Risaralda,2023,6,2023-06-01,3.3,19.3,22.6
Santander,2023,6,2023-06-01,4.8,18.3,23.1
Sucre,2023,6,2023-06-01,9.9,48.7,58.6
Tolima,2023,6,2023-06-01,5.2,21.5,26.8
Valle,2023,6,2023-06-01,3.9,11.5,15.4
Vaupes,2023,6,2023-06-01,84.3,6.3,90.6
Vichada,2023,6,2023-06-01,43.1,49.1,92.2
Amazonas,2023,7,2023-07-01,50.7,31.5,82.2
Antioquia,2023,7,2023-07-01,3.9,19.4,23.3
Arauca,2023,7,2023-07-01,30.1,20.8,50.9
Atlantico,2023,7,2023-07-01,3.1,26.0,29.0
Bogota_DC,2023,7,2023-07-01,0.7,10.4,11.1
Bolivar,2023,7,2023-07-01,13.1,47.6,60.7
Boyaca,2023,7,2023-07-01,1.8,18.3,20.1
Caldas,2023,7,2023-07-01,2.9,16.7,19.7
Caqueta,2023,7,2023-07-01,22.3,18.3,40.6
Casanare,2023,7,2023-07-01,6.1,23.9,30.0
Cauca,2023,7,2023-07-01,9.0,35.1,44.2
Cesar,2023,7,2023-07-01,9.1,35.9,45.0
Choco,2023,7,2023-07-01,46.9,41.5,88.4
Cordoba,2023,7,2023-07-01,19.6,36.5,56.1
Cundinamarca,2023,7,2023-07-01,0.9,16.0,17.0
Guainia,2023,7,2023-07-01,52.1,32.5,84.6
Guaviare,2023,7,2023-07-01,43.2,19.2,62.4
Huila,2023,7,2023-07-01,4.1,24.3,28.5
La_Guajira,2023,7,2023-07-01,6.7,46.2,52.9
Magdalena,2023,7,2023-07-01,10.8,48.0,58.8
Meta,2023,7,2023-07-01,8.3,18.4,26.7
Narino,2023,7,2023-07-01,20.3,25.5,45.8
Norte_de_Santander,2023,7,2023-07-01,11.0,29.4,40.4
Putumayo,2023,7,2023-07-01,38.0,24.8,62.8
Quindio,2023,7,2023-07-01,3.8,10.6,14.4
Risaralda,2023,7,2023-07-01,3.3,19.3,22.6
Santander,2023,7,2023-07-01,4.8,18.3,23.1
Sucre,2023,7,2023-07-01,9.9,48.7,58.6
Tolima,2023,7,2023-07-01,5.2,21.5,26.8
Valle,2023,7,2023-07-01,3.9,11.5,15.4
Vaupes,2023,7,2023-07-01,84.3,6.3,90.6
Vichada,2023,7,2023-07-01,43.1,49.1,92.2
Amazonas,2023,8,2023-08-01,50.7,31.5,82.2
Antioquia,2023,8,2023-08-01,3.9,19.4,23.3
Arauca,2023,8,2023-08-01,30.1,20.8,50.9
Atlantico,2023,8,2023-08-01,3.1,26.0,29.0
Bogota_DC,2023,8,2023-08-01,0.7,10.4,11.1
Bolivar,2023,8,2023-08-01,13.1,47.6,60.7
Boyaca,2023,8,2023-08-01,1.8,18.3,20.1
Caldas,2023,8,2023-08-01,2.9,16.7,19.7
Caqueta,2023,8,2023-08-01,22.3,18.3,40.6
Casanare,2023,8,2023-08-01,6.1,23.9,30.0
Cauca,2023,8,2023-08-01,9.0,35.1,44.2
Cesar,2023,8,2023-08-01,9.1,35.9,45.0
Choco,2023,8,2023-08-01,46.9,41.5,88.4
Cordoba,2023,8,2023-08-01,19.6,36.5,56.1
Cundinamarca,2023,8,2023-08-01,0.9,16.0,17.0
Guainia,2023,8,2023-08-01,52.1,32.5,84.6
Guaviare,2023,8,2023-08-01,43.2,19.2,62.4
Huila,2023,8,2023-08-01,4.1,24.3,28.5
La_Guajira,2023,8,2023-08-01,6.7,46.2,52.9
Magdalena,2023,8,2023-08-01,10.8,48.0,58.8
Meta,2023,8,2023-08-01,8.3,18.4,26.7
Narino,2023,8,2023-08-01,20.3,25.5,45.8
Norte_de_Santander,2023,8,2023-08-01,11.0,29.4,40.4
Putumayo,2023,8,2023-08-01,38.0,24.8,62.8
Quindio,2023,8,2023-08-01,3.8,10.6,14.4
Risaralda,2023,8,2023-08-01,3.3,19.3,22.6
Santander,2023,8,2023-08-01,4.8,18.3,23.1
Sucre,2023,8,2023-08-01,9.9,48.7,58.6
Tolima,2023,8,2023-08-01,5.2,21.5,26.8
Valle,2023,8,2023-08-01,3.9,11.5,15.4
Vaupes,2023,8,2023-08-01,84.3,6.3,90.6
Vichada,2023,8,2023-08-01,43.1,49.1,92.2
Amazonas,2023,9,2023-09-01,50.7,31.5,82.2
Antioquia,2023,9,2023-09-01,3.9,19.4,23.3
Arauca,2023,9,2023-09-01,30.1,20.8,50.9
Atlantico,2023,9,2023-09-01,3.1,26.0,29.0
Bogota_DC,2023,9,2023-09-01,0.7,10.4,11.1
Bolivar,2023,9,2023-09-01,13.1,47.6,60.7
Boyaca,2023,9,2023-09-01,1.8,18.3,20.1
Caldas,2023,9,2023-09-01,2.9,16.7,19.7
Caqueta,2023,9,2023-09-01,22.3,18.3,40.6
Casanare,2023,9,2023-09-01,6.1,23.9,30.0
Cauca,2023,9,2023-09-01,9.0,35.1,44.2
Cesar,2023,9,2023-09-01,9.1,35.9,45.0
Choco,2023,9,2023-09-01,46.9,41.5,88.4
Cordoba,2023,9,2023-09-01,19.6,36.5,56.1
Cundinamarca,2023,9,2023-09-01,0.9,16.0,17.0
Guainia,2023,9,2023-09-01,52.1,32.5,84.6
Guaviare,2023,9,2023-09-01,43.2,19.2,62.4
Huila,2023,9,2023-09-01,4.1,24.3,28.5
La_Guajira,2023,9,2023-09-01,6.7,46.2,52.9
Magdalena,2023,9,2023-09-01,10.8,48.0,58.8
Meta,2023,9,2023-09-01,8.3,18.4,26.7
Narino,2023,9,2023-09-01,20.3,25.5,45.8
Norte_de_Santander,2023,9,2023-09-01,11.0,29.4,40.4
Putumayo,2023,9,2023-09-01,38.0,24.8,62.8
Quindio,2023,9,2023-09-01,3.8,10.6,14.4
Risaralda,2023,9,2023-09-01,3.3,19.3,22.6
Santander,2023,9,2023-09-01,4.8,18.3,23.1
Sucre,2023,9,2023-09-01,9.9,48.7,58.6
Tolima,2023,9,2023-09-01,5.2,21.5,26.8
Valle,2023,9,2023-09-01,3.9,11.5,15.4
Vaupes,2023,9,2023-09-01,84.3,6.3,90.6
Vichada,2023,9,2023-09-01,43.1,49.1,92.2
Amazonas,2023,10,2023-10-01,50.7,31.5,82.2
Antioquia,2023,10,2023-10-01,3.9,19.4,23.3
Arauca,2023,10,2023-10-01,30.1,20.8,50.9
Atlantico,2023,10,2023-10-01,3.1,26.0,29.0
Bogota_DC,2023,10,2023-10-01,0.7,10.4,11.1
Bolivar,2023,10,2023-10-01,13.1,47.6,60.7
Boyaca,2023,10,2023-10-01,1.8,18.3,20.1
Caldas,2023,10,2023-10-01,2.9,16.7,19.7
Caqueta,2023,10,2023-10-01,22.3,18.3,40.6
Casanare,2023,10,2023-10-01,6.1,23.9,30.0
Cauca,2023,10,2023-10-01,9.0,35.1,44.2
Cesar,2023,10,2023-10-01,9.1,35.9,45.0
Choco,2023,10,2023-10-01,46.9,41.5,88.4
Cordoba,2023,10,2023-10-01,19.6,36.5,56.1
Cundinamarca,2023,10,2023-10-01,0.9,16.0,17.0
Guainia,2023,10,2023-10-01,52.1,32.5,84.6
Guaviare,2023,10,2023-10-01,43.2,19.2,62.4
Huila,2023,10,2023-10-01,4.1,24.3,28.5
La_Guajira,2023,10,2023-10-01,6.7,46.2,52.9
Magdalena,2023,10,2023-10-01,10.8,48.0,58.8
Meta,2023,10,2023-10-01,8.3,18.4,26.7
Narino,2023,10,2023-10-01,20.3,25.5,45.8
Norte_de_Santander,2023,10,2023-10-01,11.0,29.4,40.4
Putumayo,2023,10,2023-10-01,38.0,24.8,62.8
Quindio,2023,10,2023-10-01,3.8,10.6,14.4
Risaralda,2023,10,2023-10-01,3.3,19.3,22.6
Santander,2023,10,2023-10-01,4.8,18.3,23.1
Sucre,2023,10,2023-10-01,9.9,48.7,58.6
Tolima,2023,10,2023-10-01,5.2,21.5,26.8
Valle,2023,10,2023-10-01,3.9,11.5,15.4
Vaupes,2023,10,2023-10-01,84.3,6.3,90.6
Vichada,2023,10,2023-10-01,43.1,49.1,92.2
Amazonas,2023,11,2023-11-01,50.7,31.5,82.2
Antioquia,2023,11,2023-11-01,3.9,19.4,23.3
Arauca,2023,11,2023-11-01,30.1,20.8,50.9
Atlantico,2023,11,2023-11-01,3.1,26.0,29.0
Bogota_DC,2023,11,2023-11-01,0.7,10.4,11.1
Bolivar,2023,11,2023-11-01,13.1,47.6,60.7
Boyaca,2023,11,2023-11-01,1.8,18.3,20.1
Caldas,2023,11,2023-11-01,2.9,16.7,19.7
Caqueta,2023,11,2023-11-01,22.3,18.3,40.6
Casanare,2023,11,2023-11-01,6.1,23.9,30.0
Cauca,2023,11,2023-11-01,9.0,35.1,44.2
Cesar,2023,11,2023-11-01,9.1,35.9,45.0
Choco,2023,11,2023-11-01,46.9,41.5,88.4
Cordoba,2023,11,2023-11-01,19.6,36.5,56.1
Cundinamarca,2023,11,2023-11-01,0.9,16.0,17.0
Guainia,2023,11,2023-11-01,52.1,32.5,84.6
Guaviare,2023,11,2023-11-01,43.2,19.2,62.4
Huila,2023,11,2023-11-01,4.1,24.3,28.5
La_Guajira,2023,11,2023-11-01,6.7,46.2,52.9
Magdalena,2023,11,2023-11-01,10.8,48.0,58.8
Meta,2023,11,2023-11-01,8.3,18.4,26.7
Narino,2023,11,2023-11-01,20.3,25.5,45.8
Norte_de_Santander,2023,11,2023-11-01,11.0,29.4,40.4
Putumayo,2023,11,2023-11-01,38.0,24.8,62.8
Quindio,2023,11,2023-11-01,3.8,10.6,14.4
Risaralda,2023,11,2023-11-01,3.3,19.3,22.6
Santander,2023,11,2023-11-01,4.8,18.3,23.1
Sucre,2023,11,2023-11-01,9.9,48.7,58.6
Tolima,2023,11,2023-11-01,5.2,21.5,26.8
Valle,2023,11,2023-11-01,3.9,11.5,15.4
Vaupes,2023,11,2023-11-01,84.3,6.3,90.6
Vichada,2023,11,2023-11-01,43.1,49.1,92.2
Amazonas,2023,12,2023-12-01,50.7,31.5,82.2
Antioquia,2023,12,2023-12-01,3.9,19.4,23.3
Arauca,2023,12,2023-12-01,30.1,20.8,50.9
Atlantico,2023,12,2023-12-01,3.1,26.0,29.0
Bogota_DC,2023,12,2023-12-01,0.7,10.4,11.1
Bolivar,2023,12,2023-12-01,13.1,47.6,60.7
Boyaca,2023,12,2023-12-01,1.8,18.3,20.1
Caldas,2023,12,2023-12-01,2.9,16.7,19.7
Caqueta,2023,12,2023-12-01,22.3,18.3,40.6
Casanare,2023,12,2023-12-01,6.1,23.9,30.0
Cauca,2023,12,2023-12-01,9.0,35.1,44.2
Cesar,2023,12,2023-12-01,9.1,35.9,45.0
Choco,2023,12,2023-12-01,46.9,41.5,88.4
Cordoba,2023,12,2023-12-01,19.6,36.5,56.1
Cundinamarca,2023,12,2023-12-01,0.9,16.0,17.0
Guainia,2023,12,2023-12-01,52.1,32.5,84.6
Guaviare,2023,12,2023-12-01,43.2,19.2,62.4
Huila,2023,12,2023-12-01,4.1,24.3,28.5
La_Guajira,2023,12,2023-12-01,6.7,46.2,52.9
Magdalena,2023,12,2023-12-01,10.8,48.0,58.8
Meta,2023,12,2023-12-01,8.3,18.4,26.7
Narino,2023,12,2023-12-01,20.3,25.5,45.8
Norte_de_Santander,2023,12,2023-12-01,11.0,29.4,40.4
Putumayo,2023,12,2023-12-01,38.0,24.8,62.8
Quindio,2023,12,2023-12-01,3.8,10.6,14.4
Risaralda,2023,12,2023-12-01,3.3,19.3,22.6
Santander,2023,12,2023-12-01,4.8,18.3,23.1
Sucre,2023,12,2023-12-01,9.9,48.7,58.6
Tolima,2023,12,2023-12-01,5.2,21.5,26.8
Valle,2023,12,2023-12-01,3.9,11.5,15.4
Vaupes,2023,12,2023-12-01,84.3,6.3,90.6
Vichada,2023,12,2023-12-01,43.1,49.1,92.2
Amazonas,2024,1,2024-01-01,62.4,23.1,85.5
Amazonas,2024,2,2024-01-01,62.4,23.1,85.5
Amazonas,2024,3,2024-01-01,62.4,23.1,85.5
Amazonas,2024,4,2024-01-01,62.4,23.1,85.5
Amazonas,2024,5,2024-01-01,62.4,23.1,85.5
Amazonas,2024,6,2024-01-01,62.4,23.1,85.5
Amazonas,2024,7,2024-01-01,62.4,23.1,85.5
Amazonas,2024,8,2024-01-01,62.4,23.1,85.5
Amazonas,2024,9,2024-01-01,62.4,23.1,85.5
Amazonas,2024,10,2024-01-01,62.4,23.1,85.5
Amazonas,2024,11,2024-01-01,62.4,23.1,85.5
Amazonas,2024,12,2024-01-01,62.4,23.1,85.5
Antioquia,2024,1,2024-01-01,4.8,18.1,22.9
Antioquia,2024,2,2024-01-01,4.8,18.1,22.9
Antioquia,2024,3,2024-01-01,4.8,18.1,22.9
Antioquia,2024,4,2024-01-01,4.8,18.1,22.9
Antioquia,2024,5,2024-01-01,4.8,18.1,22.9
Antioquia,2024,6,2024-01-01,4.8,18.1,22.9
Antioquia,2024,7,2024-01-01,4.8,18.1,22.9
Antioquia,2024,8,2024-01-01,4.8,18.1,22.9
Antioquia,2024,9,2024-01-01,4.8,18.1,22.9
Antioquia,2024,10,2024-01-01,4.8,18.1,22.9
Antioquia,2024,11,2024-01-01,4.8,18.1,22.9
Antioquia,2024,12,2024-01-01,4.8,18.1,22.9
Arauca,2024,1,2024-01-01,27.0,21.8,48.9
Arauca,2024,2,2024-01-01,27.0,21.8,48.9
Arauca,2024,3,2024-01-01,27.0,21.8,48.9
Arauca,2024,4,2024-01-01,27.0,21.8,48.9
Arauca,2024,5,2024-01-01,27.0,21.8,48.9
Arauca,2024,6,2024-01-01,27.0,21.8,48.9
Arauca,2024,7,2024-01-01,27.0,21.8,48.9
Arauca,2024,8,2024-01-01,27.0,21.8,48.9
Arauca,2024,9,2024-01-01,27.0,21.8,48.9
Arauca,2024,10,2024-01-01,27.0,21.8,48.9
Arauca,2024,11,2024-01-01,27.0,21.8,48.9
Arauca,2024,12,2024-01-01,27.0,21.8,48.9
Atlantico,2024,1,2024-01-01,3.2,25.7,28.9
Atlantico,2024,2,2024-01-01,3.2,25.7,28.9
Atlantico,2024,3,2024-01-01,3.2,25.7,28.9
Atlantico,2024,4,2024-01-01,3.2,25.7,28.9
Atlantico,2024,5,2024-01-01,3.2,25.7,28.9
Atlantico,2024,6,2024-01-01,3.2,25.7,28.9
Atlantico,2024,7,2024-01-01,3.2,25.7,28.9
Atlantico,2024,8,2024-01-01,3.2,25.7,28.9
Atlantico,2024,9,2024-01-01,3.2,25.7,28.9
Atlantico,2024,10,2024-01-01,3.2,25.7,28.9
Atlantico,2024,11,2024-01-01,3.2,25.7,28.9
Atlantico,2024,12,2024-01-01,3.2,25.7,28.9
Bogota_DC,2024,1,2024-01-01,0.6,6.6,7.2
Bogota_DC,2024,2,2024-01-01,0.6,6.6,7.2
Bogota_DC,2024,3,2024-01-01,0.6,6.6,7.2
Bogota_DC,2024,4,2024-01-01,0.6,6.6,7.2
Bogota_DC,2024,5,2024-01-01,0.6,6.6,7.2
Bogota_DC,2024,6,2024-01-01,0.6,6.6,7.2
Bogota_DC,2024,7,2024-01-01,0.6,6.6,7.2
Bogota_DC,2024,8,2024-01-01,0.6,6.6,7.2
Bogota_DC,2024,9,2024-01-01,0.6,6.6,7.2
Bogota_DC,2024,10,2024-01-01,0.6,6.6,7.2
Bogota_DC,2024,11,2024-01-01,0.6,6.6,7.2
Bogota_DC,2024,12,2024-01-01,0.6,6.6,7.2
Bolivar,2024,1,2024-01-01,9.7,45.1,54.8
Bolivar,2024,2,2024-01-01,9.7,45.1,54.8
Bolivar,2024,3,2024-01-01,9.7,45.1,54.8
Bolivar,2024,4,2024-01-01,9.7,45.1,54.8
Bolivar,2024,5,2024-01-01,9.7,45.1,54.8
Bolivar,2024,6,2024-01-01,9.7,45.1,54.8
Bolivar,2024,7,2024-01-01,9.7,45.1,54.8
Bolivar,2024,8,2024-01-01,9.7,45.1,54.8
Bolivar,2024,9,2024-01-01,9.7,45.1,54.8
Bolivar,2024,10,2024-01-01,9.7,45.1,54.8
Bolivar,2024,11,2024-01-01,9.7,45.1,54.8
Bolivar,2024,12,2024-01-01,9.7,45.1,54.8
Boyaca,2024,1,2024-01-01,2.4,19.2,21.6
Boyaca,2024,2,2024-01-01,2.4,19.2,21.6
Boyaca,2024,3,2024-01-01,2.4,19.2,21.6
Boyaca,2024,4,2024-01-01,2.4,19.2,21.6
Boyaca,2024,5,2024-01-01,2.4,19.2,21.6
Boyaca,2024,6,2024-01-01,2.4,19.2,21.6
Boyaca,2024,7,2024-01-01,2.4,19.2,21.6
Boyaca,2024,8,2024-01-01,2.4,19.2,21.6
Boyaca,2024,9,2024-01-01,2.4,19.2,21.6
Boyaca,2024,10,2024-01-01,2.4,19.2,21.6
Boyaca,2024,11,2024-01-01,2.4,19.2,21.6
Boyaca,2024,12,2024-01-01,2.4,19.2,21.6
Caldas,2024,1,2024-01-01,2.5,17.2,19.6
Caldas,2024,2,2024-01-01,2.5,17.2,19.6
Caldas,2024,3,2024-01-01,2.5,17.2,19.6
Caldas,2024,4,2024-01-01,2.5,17.2,19.6
Caldas,2024,5,2024-01-01,2.5,17.2,19.6
Caldas,2024,6,2024-01-01,2.5,17.2,19.6
Caldas,2024,7,2024-01-01,2.5,17.2,19.6
Caldas,2024,8,2024-01-01,2.5,17.2,19.6
Caldas,2024,9,2024-01-01,2.5,17.2,19.6
Caldas,2024,10,2024-01-01,2.5,17.2,19.6
Caldas,2024,11,2024-01-01,2.5,17.2,19.6
Caldas,2024,12,2024-01-01,2.5,17.2,19.6
Caqueta,2024,1,2024-01-01,28.8,14.5,43.3
Caqueta,2024,2,2024-01-01,28.8,14.5,43.3
Caqueta,2024,3,2024-01-01,28.8,14.5,43.3
Caqueta,2024,4,2024-01-01,28.8,14.5,43.3
Caqueta,2024,5,2024-01-01,28.8,14.5,43.3
Caqueta,2024,6,2024-01-01,28.8,14.5,43.3
Caqueta,2024,7,2024-01-01,28.8,14.5,43.3
Caqueta,2024,8,2024-01-01,28.8,14.5,43.3
Caqueta,2024,9,2024-01-01,28.8,14.5,43.3
Caqueta,2024,10,2024-01-01,28.8,14.5,43.3
Caqueta,2024,11,2024-01-01,28.8,14.5,43.3
Caqueta,2024,12,2024-01-01,28.8,14.5,43.3
Casanare,2024,1,2024-01-01,6.9,25.0,31.9
Casanare,2024,2,2024-01-01,6.9,25.0,31.9
Casanare,2024,3,2024-01-01,6.9,25.0,31.9
Casanare,2024,4,2024-01-01,6.9,25.0,31.9
Casanare,2024,5,2024-01-01,6.9,25.0,31.9
Casanare,2024,6,2024-01-01,6.9,25.0,31.9
Casanare,2024,7,2024-01-01,6.9,25.0,31.9
Casanare,2024,8,2024-01-01,6.9,25.0,31.9
Casanare,2024,9,2024-01-01,6.9,25.0,31.9
Casanare,2024,10,2024-01-01,6.9,25.0,31.9
Casanare,2024,11,2024-01-01,6.9,25.0,31.9
Casanare,2024,12,2024-01-01,6.9,25.0,31.9
Cauca,2024,1,2024-01-01,11.7,28.0,39.7
Cauca,2024,2,2024-01-01,11.7,28.0,39.7
Cauca,2024,3,2024-01-01,11.7,28.0,39.7
Cauca,2024,4,2024-01-01,11.7,28.0,39.7
Cauca,2024,5,2024-01-01,11.7,28.0,39.7
Cauca,2024,6,2024-01-01,11.7,28.0,39.7
Cauca,2024,7,2024-01-01,11.7,28.0,39.7
Cauca,2024,8,2024-01-01,11.7,28.0,39.7
Cauca,2024,9,2024-01-01,11.7,28.0,39.7
Cauca,2024,10,2024-01-01,11.7,28.0,39.7
Cauca,2024,11,2024-01-01,11.7,28.0,39.7
Cauca,2024,12,2024-01-01,11.7,28.0,39.7
Cesar,2024,1,2024-01-01,6.9,35.7,42.5
Cesar,2024,2,2024-01-01,6.9,35.7,42.5
Cesar,2024,3,2024-01-01,6.9,35.7,42.5
Cesar,2024,4,2024-01-01,6.9,35.7,42.5
Cesar,2024,5,2024-01-01,6.9,35.7,42.5
Cesar,2024,6,2024-01-01,6.9,35.7,42.5
Cesar,2024,7,2024-01-01,6.9,35.7,42.5
Cesar,2024,8,2024-01-01,6.9,35.7,42.5
Cesar,2024,9,2024-01-01,6.9,35.7,42.5
Cesar,2024,10,2024-01-01,6.9,35.7,42.5
Cesar,2024,11,2024-01-01,6.9,35.7,42.5
Cesar,2024,12,2024-01-01,6.9,35.7,42.5
Choco,2024,1,2024-01-01,44.4,42.8,87.2
Choco,2024,2,2024-01-01,44.4,42.8,87.2
Choco,2024,3,2024-01-01,44.4,42.8,87.2
Choco,2024,4,2024-01-01,44.4,42.8,87.2
Choco,2024,5,2024-01-01,44.4,42.8,87.2
Choco,2024,6,2024-01-01,44.4,42.8,87.2
Choco,2024,7,2024-01-01,44.4,42.8,87.2
Choco,2024,8,2024-01-01,44.4,42.8,87.2
Choco,2024,9,2024-01-01,44.4,42.8,87.2
Choco,2024,10,2024-01-01,44.4,42.8,87.2
Choco,2024,11,2024-01-01,44.4,42.8,87.2
Choco,2024,12,2024-01-01,44.4,42.8,87.2
Cordoba,2024,1,2024-01-01,23.0,36.5,59.5
Cordoba,2024,2,2024-01-01,23.0,36.5,59.5
Cordoba,2024,3,2024-01-01,23.0,36.5,59.5
Cordoba,2024,4,2024-01-01,23.0,36.5,59.5
Cordoba,2024,5,2024-01-01,23.0,36.5,59.5
Cordoba,2024,6,2024-01-01,23.0,36.5,59.5
Cordoba,2024,7,2024-01-01,23.0,36.5,59.5
Cordoba,2024,8,2024-01-01,23.0,36.5,59.5
Cordoba,2024,9,2024-01-01,23.0,36.5,59.5
Cordoba,2024,10,2024-01-01,23.0,36.5,59.5
Cordoba,2024,11,2024-01-01,23.0,36.5,59.5
Cordoba,2024,12,2024-01-01,23.0,36.5,59.5
Cundinamarca,2024,1,2024-01-01,1.6,13.8,15.5
Cundinamarca,2024,2,2024-01-01,1.6,13.8,15.5
Cundinamarca,2024,3,2024-01-01,1.6,13.8,15.5
Cundinamarca,2024,4,2024-01-01,1.6,13.8,15.5
Cundinamarca,2024,5,2024-01-01,1.6,13.8,15.5
Cundinamarca,2024,6,2024-01-01,1.6,13.8,15.5
Cundinamarca,2024,7,2024-01-01,1.6,13.8,15.5
Cundinamarca,2024,8,2024-01-01,1.6,13.8,15.5
Cundinamarca,2024,9,2024-01-01,1.6,13.8,15.5
Cundinamarca,2024,10,2024-01-01,1.6,13.8,15.5
Cundinamarca,2024,11,2024-01-01,1.6,13.8,15.5
Cundinamarca,2024,12,2024-01-01,1.6,13.8,15.5
Guainia,2024,1,2024-01-01,53.7,30.2,83.9
Guainia,2024,2,2024-01-01,53.7,30.2,83.9
Guainia,2024,3,2024-01-01,53.7,30.2,83.9
Guainia,2024,4,2024-01-01,53.7,30.2,83.9
Guainia,2024,5,2024-01-01,53.7,30.2,83.9
Guainia,2024,6,2024-01-01,53.7,30.2,83.9
Guainia,2024,7,2024-01-01,53.7,30.2,83.9
Guainia,2024,8,2024-01-01,53.7,30.2,83.9
Guainia,2024,9,2024-01-01,53.7,30.2,83.9
Guainia,2024,10,2024-01-01,53.7,30.2,83.9
Guainia,2024,11,2024-01-01,53.7,30.2,83.9
Guainia,2024,12,2024-01-01,53.7,30.2,83.9
Guaviare,2024,1,2024-01-01,44.8,17.5,62.4
Guaviare,2024,2,2024-01-01,44.8,17.5,62.4
Guaviare,2024,3,2024-01-01,44.8,17.5,62.4
Guaviare,2024,4,2024-01-01,44.8,17.5,62.4
Guaviare,2024,5,2024-01-01,44.8,17.5,62.4
Guaviare,2024,6,2024-01-01,44.8,17.5,62.4
Guaviare,2024,7,2024-01-01,44.8,17.5,62.4
Guaviare,2024,8,2024-01-01,44.8,17.5,62.4
Guaviare,2024,9,2024-01-01,44.8,17.5,62.4
Guaviare,2024,10,2024-01-01,44.8,17.5,62.4
Guaviare,2024,11,2024-01-01,44.8,17.5,62.4
Guaviare,2024,12,2024-01-01,44.8,17.5,62.4
Huila,2024,1,2024-01-01,3.6,23.1,26.7
Huila,2024,2,2024-01-01,3.6,23.1,26.7
Huila,2024,3,2024-01-01,3.6,23.1,26.7
Huila,2024,4,2024-01-01,3.6,23.1,26.7
Huila,2024,5,2024-01-01,3.6,23.1,26.7
Huila,2024,6,2024-01-01,3.6,23.1,26.7
Huila,2024,7,2024-01-01,3.6,23.1,26.7
Huila,2024,8,2024-01-01,3.6,23.1,26.7
Huila,2024,9,2024-01-01,3.6,23.1,26.7
Huila,2024,10,2024-01-01,3.6,23.1,26.7
Huila,2024,11,2024-01-01,3.6,23.1,26.7
Huila,2024,12,2024-01-01,3.6,23.1,26.7
La_Guajira,2024,1,2024-01-01,6.2,44.1,50.2
La_Guajira,2024,2,2024-01-01,6.2,44.1,50.2
La_Guajira,2024,3,2024-01-01,6.2,44.1,50.2
La_Guajira,2024,4,2024-01-01,6.2,44.1,50.2
La_Guajira,2024,5,2024-01-01,6.2,44.1,50.2
La_Guajira,2024,6,2024-01-01,6.2,44.1,50.2
La_Guajira,2024,7,2024-01-01,6.2,44.1,50.2
La_Guajira,2024,8,2024-01-01,6.2,44.1,50.2
La_Guajira,2024,9,2024-01-01,6.2,44.1,50.2
La_Guajira,2024,10,2024-01-01,6.2,44.1,50.2
La_Guajira,2024,11,2024-01-01,6.2,44.1,50.2
La_Guajira,2024,12,2024-01-01,6.2,44.1,50.2
Magdalena,2024,1,2024-01-01,7.7,48.9,56.6
Magdalena,2024,2,2024-01-01,7.7,48.9,56.6
Magdalena,2024,3,2024-01-01,7.7,48.9,56.6
Magdalena,2024,4,2024-01-01,7.7,48.9,56.6
Magdalena,2024,5,2024-01-01,7.7,48.9,56.6
Magdalena,2024,6,2024-01-01,7.7,48.9,56.6
Magdalena,2024,7,2024-01-01,7.7,48.9,56.6
Magdalena,2024,8,2024-01-01,7.7,48.9,56.6
Magdalena,2024,9,2024-01-01,7.7,48.9,56.6
Magdalena,2024,10,2024-01-01,7.7,48.9,56.6
Magdalena,2024,11,2024-01-01,7.7,48.9,56.6
Magdalena,2024,12,2024-01-01,7.7,48.9,56.6
Meta,2024,1,2024-01-01,9.3,18.9,28.2
Meta,2024,2,2024-01-01,9.3,18.9,28.2
Meta,2024,3,2024-01-01,9.3,18.9,28.2
Meta,2024,4,2024-01-01,9.3,18.9,28.2
Meta,2024,5,2024-01-01,9.3,18.9,28.2
Meta,2024,6,2024-01-01,9.3,18.9,28.2
Meta,2024,7,2024-01-01,9.3,18.9,28.2
Meta,2024,8,2024-01-01,9.3,18.9,28.2
Meta,2024,9,2024-01-01,9.3,18.9,28.2
Meta,2024,10,2024-01-01,9.3,18.9,28.2
Meta,2024,11,2024-01-01,9.3,18.9,28.2
Meta,2024,12,2024-01-01,9.3,18.9,28.2
Narino,2024,1,2024-01-01,19.5,23.5,43.0
Narino,2024,2,2024-01-01,19.5,23.5,43.0
Narino,2024,3,2024-01-01,19.5,23.5,43.0
Narino,2024,4,2024-01-01,19.5,23.5,43.0
Narino,2024,5,2024-01-01,19.5,23.5,43.0
Narino,2024,6,2024-01-01,19.5,23.5,43.0
Narino,2024,7,2024-01-01,19.5,23.5,43.0
Narino,2024,8,2024-01-01,19.5,23.5,43.0
Narino,2024,9,2024-01-01,19.5,23.5,43.0
Narino,2024,10,2024-01-01,19.5,23.5,43.0
Narino,2024,11,2024-01-01,19.5,23.5,43.0
Narino,2024,12,2024-01-01,19.5,23.5,43.0
Norte_de_Santander,2024,1,2024-01-01,9.2,21.4,30.6
Norte_de_Santander,2024,2,2024-01-01,9.2,21.4,30.6
Norte_de_Santander,2024,3,2024-01-01,9.2,21.4,30.6
Norte_de_Santander,2024,4,2024-01-01,9.2,21.4,30.6
Norte_de_Santander,2024,5,2024-01-01,9.2,21.4,30.6
Norte_de_Santander,2024,6,2024-01-01,9.2,21.4,30.6
Norte_de_Santander,2024,7,2024-01-01,9.2,21.4,30.6
Norte_de_Santander,2024,8,2024-01-01,9.2,21.4,30.6
Norte_de_Santander,2024,9,2024-01-01,9.2,21.4,30.6
Norte_de_Santander,2024,10,2024-01-01,9.2,21.4,30.6
Norte_de_Santander,2024,11,2024-01-01,9.2,21.4,30.6
Norte_de_Santander,2024,12,2024-01-01,9.2,21.4,30.6
Putumayo,2024,1,2024-01-01,39.2,22.7,62.0
Putumayo,2024,2,2024-01-01,39.2,22.7,62.0
Putumayo,2024,3,2024-01-01,39.2,22.7,62.0
Putumayo,2024,4,2024-01-01,39.2,22.7,62.0
Putumayo,2024,5,2024-01-01,39.2,22.7,62.0
Putumayo,2024,6,2024-01-01,39.2,22.7,62.0
Putumayo,2024,7,2024-01-01,39.2,22.7,62.0
Putumayo,2024,8,2024-01-01,39.2,22.7,62.0
Putumayo,2024,9,2024-01-01,39.2,22.7,62.0
Putumayo,2024,10,2024-01-01,39.2,22.7,62.0
Putumayo,2024,11,2024-01-01,39.2,22.7,62.0
Putumayo,2024,12,2024-01-01,39.2,22.7,62.0
Quindio,2024,1,2024-01-01,5.0,10.8,15.8
Quindio,2024,2,2024-01-01,5.0,10.8,15.8
Quindio,2024,3,2024-01-01,5.0,10.8,15.8
Quindio,2024,4,2024-01-01,5.0,10.8,15.8
Quindio,2024,5,2024-01-01,5.0,10.8,15.8
Quindio,2024,6,2024-01-01,5.0,10.8,15.8
Quindio,2024,7,2024-01-01,5.0,10.8,15.8
Quindio,2024,8,2024-01-01,5.0,10.8,15.8
Quindio,2024,9,2024-01-01,5.0,10.8,15.8
Quindio,2024,10,2024-01-01,5.0,10.8,15.8
Quindio,2024,11,2024-01-01,5.0,10.8,15.8
Quindio,2024,12,2024-01-01,5.0,10.8,15.8
Risaralda,2024,1,2024-01-01,3.8,14.5,18.3
Risaralda,2024,2,2024-01-01,3.8,14.5,18.3
Risaralda,2024,3,2024-01-01,3.8,14.5,18.3
Risaralda,2024,4,2024-01-01,3.8,14.5,18.3
Risaralda,2024,5,2024-01-01,3.8,14.5,18.3
Risaralda,2024,6,2024-01-01,3.8,14.5,18.3
Risaralda,2024,7,2024-01-01,3.8,14.5,18.3
Risaralda,2024,8,2024-01-01,3.8,14.5,18.3
Risaralda,2024,9,2024-01-01,3.8,14.5,18.3
Risaralda,2024,10,2024-01-01,3.8,14.5,18.3
Risaralda,2024,11,2024-01-01,3.8,14.5,18.3
Risaralda,2024,12,2024-01-01,3.8,14.5,18.3
Santander,2024,1,2024-01-01,4.4,13.7,18.1
Santander,2024,2,2024-01-01,4.4,13.7,18.1
Santander,2024,3,2024-01-01,4.4,13.7,18.1
Santander,2024,4,2024-01-01,4.4,13.7,18.1
Santander,2024,5,2024-01-01,4.4,13.7,18.1
Santander,2024,6,2024-01-01,4.4,13.7,18.1
Santander,2024,7,2024-01-01,4.4,13.7,18.1
Santander,2024,8,2024-01-01,4.4,13.7,18.1
Santander,2024,9,2024-01-01,4.4,13.7,18.1
Santander,2024,10,2024-01-01,4.4,13.7,18.1
Santander,2024,11,2024-01-01,4.4,13.7,18.1
Santander,2024,12,2024-01-01,4.4,13.7,18.1
Sucre,2024,1,2024-01-01,10.4,46.1,56.5
Sucre,2024,2,2024-01-01,10.4,46.1,56.5
Sucre,2024,3,2024-01-01,10.4,46.1,56.5
Sucre,2024,4,2024-01-01,10.4,46.1,56.5
Sucre,2024,5,2024-01-01,10.4,46.1,56.5
Sucre,2024,6,2024-01-01,10.4,46.1,56.5
Sucre,2024,7,2024-01-01,10.4,46.1,56.5
Sucre,2024,8,2024-01-01,10.4,46.1,56.5
Sucre,2024,9,2024-01-01,10.4,46.1,56.5
Sucre,2024,10,2024-01-01,10.4,46.1,56.5
Sucre,2024,11,2024-01-01,10.4,46.1,56.5
Sucre,2024,12,2024-01-01,10.4,46.1,56.5
Tolima,2024,1,2024-01-01,5.4,18.9,24.3
Tolima,2024,2,2024-01-01,5.4,18.9,24.3
Tolima,2024,3,2024-01-01,5.4,18.9,24.3
Tolima,2024,4,2024-01-01,5.4,18.9,24.3
Tolima,2024,5,2024-01-01,5.4,18.9,24.3
Tolima,2024,6,2024-01-01,5.4,18.9,24.3
Tolima,2024,7,2024-01-01,5.4,18.9,24.3
Tolima,2024,8,2024-01-01,5.4,18.9,24.3
Tolima,2024,9,2024-01-01,5.4,18.9,24.3
Tolima,2024,10,2024-01-01,5.4,18.9,24.3
Tolima,2024,11,2024-01-01,5.4,18.9,24.3
Tolima,2024,12,2024-01-01,5.4,18.9,24.3
Valle,2024,1,2024-01-01,3.3,11.3,14.7
Valle,2024,2,2024-01-01,3.3,11.3,14.7
Valle,2024,3,2024-01-01,3.3,11.3,14.7
Valle,2024,4,2024-01-01,3.3,11.3,14.7
Valle,2024,5,2024-01-01,3.3,11.3,14.7
Valle,2024,6,2024-01-01,3.3,11.3,14.7
Valle,2024,7,2024-01-01,3.3,11.3,14.7
Valle,2024,8,2024-01-01,3.3,11.3,14.7
Valle,2024,9,2024-01-01,3.3,11.3,14.7
Valle,2024,10,2024-01-01,3.3,11.3,14.7
Valle,2024,11,2024-01-01,3.3,11.3,14.7
Valle,2024,12,2024-01-01,3.3,11.3,14.7
Vaupes,2024,1,2024-01-01,84.6,6.1,90.7
Vaupes,2024,2,2024-01-01,84.6,6.1,90.7
Vaupes,2024,3,2024-01-01,84.6,6.1,90.7
Vaupes,2024,4,2024-01-01,84.6,6.1,90.7
Vaupes,2024,5,2024-01-01,84.6,6.1,90.7
Vaupes,2024,6,2024-01-01,84.6,6.1,90.7
Vaupes,2024,7,2024-01-01,84.6,6.1,90.7
Vaupes,2024,8,2024-01-01,84.6,6.1,90.7
Vaupes,2024,9,2024-01-01,84.6,6.1,90.7
Vaupes,2024,10,2024-01-01,84.6,6.1,90.7
Vaupes,2024,11,2024-01-01,84.6,6.1,90.7
Vaupes,2024,12,2024-01-01,84.6,6.1,90.7
Vichada,2024,1,2024-01-01,24.2,68.7,92.9
Vichada,2024,2,2024-01-01,24.2,68.7,92.9
Vichada,2024,3,2024-01-01,24.2,68.7,92.9
Vichada,2024,4,2024-01-01,24.2,68.7,92.9
Vichada,2024,5,2024-01-01,24.2,68.7,92.9
Vichada,2024,6,2024-01-01,24.2,68.7,92.9
Vichada,2024,7,2024-01-01,24.2,68.7,92.9
Vichada,2024,8,2024-01-01,24.2,68.7,92.9
Vichada,2024,9,2024-01-01,24.2,68.7,92.9
Vichada,2024,10,2024-01-01,24.2,68.7,92.9
Vichada,2024,11,2024-01-01,24.2,68.7,92.9
Vichada,2024,12,2024-01-01,24.2,68.7,92.9
