departamento,a√±o,mes,fecha,No_alcanzan_gastos_minimos,Alcanzan_gastos_minimos,Cubren_mas_gastos_minimos
Amazonas,2022,1,2022-01-01,43.9,52.2,3.9
Antioquia,2022,1,2022-01-01,34.4,54.6,11.0
Arauca,2022,1,2022-01-01,48.0,49.6,2.4
Atlantico,2022,1,2022-01-01,52.9,40.6,6.5
Bogota_DC,2022,1,2022-01-01,28.5,56.8,14.7
Bolivar,2022,1,2022-01-01,61.7,32.9,5.4
Boyaca,2022,1,2022-01-01,36.8,59.3,3.9
Caldas,2022,1,2022-01-01,32.2,56.2,11.6
Caqueta,2022,1,2022-01-01,39.7,57.2,3.1
Casanare,2022,1,2022-01-01,47.3,48.8,3.9
Cauca,2022,1,2022-01-01,50.6,46.4,3.0
Cesar,2022,1,2022-01-01,65.4,31.5,3.1
Choco,2022,1,2022-01-01,68.3,29.4,2.2
Cordoba,2022,1,2022-01-01,66.2,31.5,2.2
Cundinamarca,2022,1,2022-01-01,47.1,48.6,4.3
Guainia,2022,1,2022-01-01,46.0,49.6,4.4
Guaviare,2022,1,2022-01-01,58.3,39.9,1.8
Huila,2022,1,2022-01-01,52.6,44.2,3.2
La_Guajira,2022,1,2022-01-01,71.1,27.4,1.5
Magdalena,2022,1,2022-01-01,54.0,43.7,2.3
Meta,2022,1,2022-01-01,46.8,48.9,4.2
Narino,2022,1,2022-01-01,63.6,32.7,3.7
Norte_de_Santander,2022,1,2022-01-01,41.0,54.4,4.6
Putumayo,2022,1,2022-01-01,43.6,54.0,2.4
Quindio,2022,1,2022-01-01,35.6,59.3,5.1
Risaralda,2022,1,2022-01-01,33.5,56.4,10.1
Santander,2022,1,2022-01-01,43.1,51.0,6.0
Sucre,2022,1,2022-01-01,72.0,24.3,3.7
Tolima,2022,1,2022-01-01,42.4,52.4,5.2
Valle,2022,1,2022-01-01,42.7,50.0,7.3
Vaupes,2022,1,2022-01-01,63.8,34.9,1.3
Vichada,2022,1,2022-01-01,51.1,46.9,2.0
Amazonas,2022,2,2022-02-01,43.9,52.2,3.9
Antioquia,2022,2,2022-02-01,34.4,54.6,11.0
Arauca,2022,2,2022-02-01,48.0,49.6,2.4
Atlantico,2022,2,2022-02-01,52.9,40.6,6.5
Bogota_DC,2022,2,2022-02-01,28.5,56.8,14.7
Bolivar,2022,2,2022-02-01,61.7,32.9,5.4
Boyaca,2022,2,2022-02-01,36.8,59.3,3.9
Caldas,2022,2,2022-02-01,32.2,56.2,11.6
Caqueta,2022,2,2022-02-01,39.7,57.2,3.1
Casanare,2022,2,2022-02-01,47.3,48.8,3.9
Cauca,2022,2,2022-02-01,50.6,46.4,3.0
Cesar,2022,2,2022-02-01,65.4,31.5,3.1
Choco,2022,2,2022-02-01,68.3,29.4,2.2
Cordoba,2022,2,2022-02-01,66.2,31.5,2.2
Cundinamarca,2022,2,2022-02-01,47.1,48.6,4.3
Guainia,2022,2,2022-02-01,46.0,49.6,4.4
Guaviare,2022,2,2022-02-01,58.3,39.9,1.8
Huila,2022,2,2022-02-01,52.6,44.2,3.2
La_Guajira,2022,2,2022-02-01,71.1,27.4,1.5
Magdalena,2022,2,2022-02-01,54.0,43.7,2.3
Meta,2022,2,2022-02-01,46.8,48.9,4.2
Narino,2022,2,2022-02-01,63.6,32.7,3.7
Norte_de_Santander,2022,2,2022-02-01,41.0,54.4,4.6
Putumayo,2022,2,2022-02-01,43.6,54.0,2.4
Quindio,2022,2,2022-02-01,35.6,59.3,5.1
Risaralda,2022,2,2022-02-01,33.5,56.4,10.1
Santander,2022,2,2022-02-01,43.1,51.0,6.0
Sucre,2022,2,2022-02-01,72.0,24.3,3.7
Tolima,2022,2,2022-02-01,42.4,52.4,5.2
Valle,2022,2,2022-02-01,42.7,50.0,7.3
Vaupes,2022,2,2022-02-01,63.8,34.9,1.3
Vichada,2022,2,2022-02-01,51.1,46.9,2.0
Amazonas,2022,3,2022-03-01,43.9,52.2,3.9
Antioquia,2022,3,2022-03-01,34.4,54.6,11.0
Arauca,2022,3,2022-03-01,48.0,49.6,2.4
Atlantico,2022,3,2022-03-01,52.9,40.6,6.5
Bogota_DC,2022,3,2022-03-01,28.5,56.8,14.7
Bolivar,2022,3,2022-03-01,61.7,32.9,5.4
Boyaca,2022,3,2022-03-01,36.8,59.3,3.9
Caldas,2022,3,2022-03-01,32.2,56.2,11.6
Caqueta,2022,3,2022-03-01,39.7,57.2,3.1
Casanare,2022,3,2022-03-01,47.3,48.8,3.9
Cauca,2022,3,2022-03-01,50.6,46.4,3.0
Cesar,2022,3,2022-03-01,65.4,31.5,3.1
Choco,2022,3,2022-03-01,68.3,29.4,2.2
Cordoba,2022,3,2022-03-01,66.2,31.5,2.2
Cundinamarca,2022,3,2022-03-01,47.1,48.6,4.3
Guainia,2022,3,2022-03-01,46.0,49.6,4.4
Guaviare,2022,3,2022-03-01,58.3,39.9,1.8
Huila,2022,3,2022-03-01,52.6,44.2,3.2
La_Guajira,2022,3,2022-03-01,71.1,27.4,1.5
Magdalena,2022,3,2022-03-01,54.0,43.7,2.3
Meta,2022,3,2022-03-01,46.8,48.9,4.2
Narino,2022,3,2022-03-01,63.6,32.7,3.7
Norte_de_Santander,2022,3,2022-03-01,41.0,54.4,4.6
Putumayo,2022,3,2022-03-01,43.6,54.0,2.4
Quindio,2022,3,2022-03-01,35.6,59.3,5.1
Risaralda,2022,3,2022-03-01,33.5,56.4,10.1
Santander,2022,3,2022-03-01,43.1,51.0,6.0
Sucre,2022,3,2022-03-01,72.0,24.3,3.7
Tolima,2022,3,2022-03-01,42.4,52.4,5.2
Valle,2022,3,2022-03-01,42.7,50.0,7.3
Vaupes,2022,3,2022-03-01,63.8,34.9,1.3
Vichada,2022,3,2022-03-01,51.1,46.9,2.0
Amazonas,2022,4,2022-04-01,43.9,52.2,3.9
Antioquia,2022,4,2022-04-01,34.4,54.6,11.0
Arauca,2022,4,2022-04-01,48.0,49.6,2.4
Atlantico,2022,4,2022-04-01,52.9,40.6,6.5
Bogota_DC,2022,4,2022-04-01,28.5,56.8,14.7
Bolivar,2022,4,2022-04-01,61.7,32.9,5.4
Boyaca,2022,4,2022-04-01,36.8,59.3,3.9
Caldas,2022,4,2022-04-01,32.2,56.2,11.6
Caqueta,2022,4,2022-04-01,39.7,57.2,3.1
Casanare,2022,4,2022-04-01,47.3,48.8,3.9
Cauca,2022,4,2022-04-01,50.6,46.4,3.0
Cesar,2022,4,2022-04-01,65.4,31.5,3.1
Choco,2022,4,2022-04-01,68.3,29.4,2.2
Cordoba,2022,4,2022-04-01,66.2,31.5,2.2
Cundinamarca,2022,4,2022-04-01,47.1,48.6,4.3
Guainia,2022,4,2022-04-01,46.0,49.6,4.4
Guaviare,2022,4,2022-04-01,58.3,39.9,1.8
Huila,2022,4,2022-04-01,52.6,44.2,3.2
La_Guajira,2022,4,2022-04-01,71.1,27.4,1.5
Magdalena,2022,4,2022-04-01,54.0,43.7,2.3
Meta,2022,4,2022-04-01,46.8,48.9,4.2
Narino,2022,4,2022-04-01,63.6,32.7,3.7
Norte_de_Santander,2022,4,2022-04-01,41.0,54.4,4.6
Putumayo,2022,4,2022-04-01,43.6,54.0,2.4
Quindio,2022,4,2022-04-01,35.6,59.3,5.1
Risaralda,2022,4,2022-04-01,33.5,56.4,10.1
Santander,2022,4,2022-04-01,43.1,51.0,6.0
Sucre,2022,4,2022-04-01,72.0,24.3,3.7
Tolima,2022,4,2022-04-01,42.4,52.4,5.2
Valle,2022,4,2022-04-01,42.7,50.0,7.3
Vaupes,2022,4,2022-04-01,63.8,34.9,1.3
Vichada,2022,4,2022-04-01,51.1,46.9,2.0
Amazonas,2022,5,2022-05-01,43.9,52.2,3.9
Antioquia,2022,5,2022-05-01,34.4,54.6,11.0
Arauca,2022,5,2022-05-01,48.0,49.6,2.4
Atlantico,2022,5,2022-05-01,52.9,40.6,6.5
Bogota_DC,2022,5,2022-05-01,28.5,56.8,14.7
Bolivar,2022,5,2022-05-01,61.7,32.9,5.4
Boyaca,2022,5,2022-05-01,36.8,59.3,3.9
Caldas,2022,5,2022-05-01,32.2,56.2,11.6
Caqueta,2022,5,2022-05-01,39.7,57.2,3.1
Casanare,2022,5,2022-05-01,47.3,48.8,3.9
Cauca,2022,5,2022-05-01,50.6,46.4,3.0
Cesar,2022,5,2022-05-01,65.4,31.5,3.1
Choco,2022,5,2022-05-01,68.3,29.4,2.2
Cordoba,2022,5,2022-05-01,66.2,31.5,2.2
Cundinamarca,2022,5,2022-05-01,47.1,48.6,4.3
Guainia,2022,5,2022-05-01,46.0,49.6,4.4
Guaviare,2022,5,2022-05-01,58.3,39.9,1.8
Huila,2022,5,2022-05-01,52.6,44.2,3.2
La_Guajira,2022,5,2022-05-01,71.1,27.4,1.5
Magdalena,2022,5,2022-05-01,54.0,43.7,2.3
Meta,2022,5,2022-05-01,46.8,48.9,4.2
Narino,2022,5,2022-05-01,63.6,32.7,3.7
Norte_de_Santander,2022,5,2022-05-01,41.0,54.4,4.6
Putumayo,2022,5,2022-05-01,43.6,54.0,2.4
Quindio,2022,5,2022-05-01,35.6,59.3,5.1
Risaralda,2022,5,2022-05-01,33.5,56.4,10.1
Santander,2022,5,2022-05-01,43.1,51.0,6.0
Sucre,2022,5,2022-05-01,72.0,24.3,3.7
Tolima,2022,5,2022-05-01,42.4,52.4,5.2
Valle,2022,5,2022-05-01,42.7,50.0,7.3
Vaupes,2022,5,2022-05-01,63.8,34.9,1.3
Vichada,2022,5,2022-05-01,51.1,46.9,2.0
Amazonas,2022,6,2022-06-01,43.9,52.2,3.9
Antioquia,2022,6,2022-06-01,34.4,54.6,11.0
Arauca,2022,6,2022-06-01,48.0,49.6,2.4
Atlantico,2022,6,2022-06-01,52.9,40.6,6.5
Bogota_DC,2022,6,2022-06-01,28.5,56.8,14.7
Bolivar,2022,6,2022-06-01,61.7,32.9,5.4
Boyaca,2022,6,2022-06-01,36.8,59.3,3.9
Caldas,2022,6,2022-06-01,32.2,56.2,11.6
Caqueta,2022,6,2022-06-01,39.7,57.2,3.1
Casanare,2022,6,2022-06-01,47.3,48.8,3.9
Cauca,2022,6,2022-06-01,50.6,46.4,3.0
Cesar,2022,6,2022-06-01,65.4,31.5,3.1
Choco,2022,6,2022-06-01,68.3,29.4,2.2
Cordoba,2022,6,2022-06-01,66.2,31.5,2.2
Cundinamarca,2022,6,2022-06-01,47.1,48.6,4.3
Guainia,2022,6,2022-06-01,46.0,49.6,4.4
Guaviare,2022,6,2022-06-01,58.3,39.9,1.8
Huila,2022,6,2022-06-01,52.6,44.2,3.2
La_Guajira,2022,6,2022-06-01,71.1,27.4,1.5
Magdalena,2022,6,2022-06-01,54.0,43.7,2.3
Meta,2022,6,2022-06-01,46.8,48.9,4.2
Narino,2022,6,2022-06-01,63.6,32.7,3.7
Norte_de_Santander,2022,6,2022-06-01,41.0,54.4,4.6
Putumayo,2022,6,2022-06-01,43.6,54.0,2.4
Quindio,2022,6,2022-06-01,35.6,59.3,5.1
Risaralda,2022,6,2022-06-01,33.5,56.4,10.1
Santander,2022,6,2022-06-01,43.1,51.0,6.0
Sucre,2022,6,2022-06-01,72.0,24.3,3.7
Tolima,2022,6,2022-06-01,42.4,52.4,5.2
Valle,2022,6,2022-06-01,42.7,50.0,7.3
Vaupes,2022,6,2022-06-01,63.8,34.9,1.3
Vichada,2022,6,2022-06-01,51.1,46.9,2.0
Amazonas,2022,7,2022-07-01,43.9,52.2,3.9
Antioquia,2022,7,2022-07-01,34.4,54.6,11.0
Arauca,2022,7,2022-07-01,48.0,49.6,2.4
Atlantico,2022,7,2022-07-01,52.9,40.6,6.5
Bogota_DC,2022,7,2022-07-01,28.5,56.8,14.7
Bolivar,2022,7,2022-07-01,61.7,32.9,5.4
Boyaca,2022,7,2022-07-01,36.8,59.3,3.9
Caldas,2022,7,2022-07-01,32.2,56.2,11.6
Caqueta,2022,7,2022-07-01,39.7,57.2,3.1
Casanare,2022,7,2022-07-01,47.3,48.8,3.9
Cauca,2022,7,2022-07-01,50.6,46.4,3.0
Cesar,2022,7,2022-07-01,65.4,31.5,3.1
Choco,2022,7,2022-07-01,68.3,29.4,2.2
Cordoba,2022,7,2022-07-01,66.2,31.5,2.2
Cundinamarca,2022,7,2022-07-01,47.1,48.6,4.3
Guainia,2022,7,2022-07-01,46.0,49.6,4.4
Guaviare,2022,7,2022-07-01,58.3,39.9,1.8
Huila,2022,7,2022-07-01,52.6,44.2,3.2
La_Guajira,2022,7,2022-07-01,71.1,27.4,1.5
Magdalena,2022,7,2022-07-01,54.0,43.7,2.3
Meta,2022,7,2022-07-01,46.8,48.9,4.2
Narino,2022,7,2022-07-01,63.6,32.7,3.7
Norte_de_Santander,2022,7,2022-07-01,41.0,54.4,4.6
Putumayo,2022,7,2022-07-01,43.6,54.0,2.4
Quindio,2022,7,2022-07-01,35.6,59.3,5.1
Risaralda,2022,7,2022-07-01,33.5,56.4,10.1
Santander,2022,7,2022-07-01,43.1,51.0,6.0
Sucre,2022,7,2022-07-01,72.0,24.3,3.7
Tolima,2022,7,2022-07-01,42.4,52.4,5.2
Valle,2022,7,2022-07-01,42.7,50.0,7.3
Vaupes,2022,7,2022-07-01,63.8,34.9,1.3
Vichada,2022,7,2022-07-01,51.1,46.9,2.0
Amazonas,2022,8,2022-08-01,43.9,52.2,3.9
Antioquia,2022,8,2022-08-01,34.4,54.6,11.0
Arauca,2022,8,2022-08-01,48.0,49.6,2.4
Atlantico,2022,8,2022-08-01,52.9,40.6,6.5
Bogota_DC,2022,8,2022-08-01,28.5,56.8,14.7
Bolivar,2022,8,2022-08-01,61.7,32.9,5.4
Boyaca,2022,8,2022-08-01,36.8,59.3,3.9
Caldas,2022,8,2022-08-01,32.2,56.2,11.6
Caqueta,2022,8,2022-08-01,39.7,57.2,3.1
Casanare,2022,8,2022-08-01,47.3,48.8,3.9
Cauca,2022,8,2022-08-01,50.6,46.4,3.0
Cesar,2022,8,2022-08-01,65.4,31.5,3.1
Choco,2022,8,2022-08-01,68.3,29.4,2.2
Cordoba,2022,8,2022-08-01,66.2,31.5,2.2
Cundinamarca,2022,8,2022-08-01,47.1,48.6,4.3
Guainia,2022,8,2022-08-01,46.0,49.6,4.4
Guaviare,2022,8,2022-08-01,58.3,39.9,1.8
Huila,2022,8,2022-08-01,52.6,44.2,3.2
La_Guajira,2022,8,2022-08-01,71.1,27.4,1.5
Magdalena,2022,8,2022-08-01,54.0,43.7,2.3
Meta,2022,8,2022-08-01,46.8,48.9,4.2
Narino,2022,8,2022-08-01,63.6,32.7,3.7
Norte_de_Santander,2022,8,2022-08-01,41.0,54.4,4.6
Putumayo,2022,8,2022-08-01,43.6,54.0,2.4
Quindio,2022,8,2022-08-01,35.6,59.3,5.1
Risaralda,2022,8,2022-08-01,33.5,56.4,10.1
Santander,2022,8,2022-08-01,43.1,51.0,6.0
Sucre,2022,8,2022-08-01,72.0,24.3,3.7
Tolima,2022,8,2022-08-01,42.4,52.4,5.2
Valle,2022,8,2022-08-01,42.7,50.0,7.3
Vaupes,2022,8,2022-08-01,63.8,34.9,1.3
Vichada,2022,8,2022-08-01,51.1,46.9,2.0
Amazonas,2022,9,2022-09-01,43.9,52.2,3.9
Antioquia,2022,9,2022-09-01,34.4,54.6,11.0
Arauca,2022,9,2022-09-01,48.0,49.6,2.4
Atlantico,2022,9,2022-09-01,52.9,40.6,6.5
Bogota_DC,2022,9,2022-09-01,28.5,56.8,14.7
Bolivar,2022,9,2022-09-01,61.7,32.9,5.4
Boyaca,2022,9,2022-09-01,36.8,59.3,3.9
Caldas,2022,9,2022-09-01,32.2,56.2,11.6
Caqueta,2022,9,2022-09-01,39.7,57.2,3.1
Casanare,2022,9,2022-09-01,47.3,48.8,3.9
Cauca,2022,9,2022-09-01,50.6,46.4,3.0
Cesar,2022,9,2022-09-01,65.4,31.5,3.1
Choco,2022,9,2022-09-01,68.3,29.4,2.2
Cordoba,2022,9,2022-09-01,66.2,31.5,2.2
Cundinamarca,2022,9,2022-09-01,47.1,48.6,4.3
Guainia,2022,9,2022-09-01,46.0,49.6,4.4
Guaviare,2022,9,2022-09-01,58.3,39.9,1.8
Huila,2022,9,2022-09-01,52.6,44.2,3.2
La_Guajira,2022,9,2022-09-01,71.1,27.4,1.5
Magdalena,2022,9,2022-09-01,54.0,43.7,2.3
Meta,2022,9,2022-09-01,46.8,48.9,4.2
Narino,2022,9,2022-09-01,63.6,32.7,3.7
Norte_de_Santander,2022,9,2022-09-01,41.0,54.4,4.6
Putumayo,2022,9,2022-09-01,43.6,54.0,2.4
Quindio,2022,9,2022-09-01,35.6,59.3,5.1
Risaralda,2022,9,2022-09-01,33.5,56.4,10.1
Santander,2022,9,2022-09-01,43.1,51.0,6.0
Sucre,2022,9,2022-09-01,72.0,24.3,3.7
Tolima,2022,9,2022-09-01,42.4,52.4,5.2
Valle,2022,9,2022-09-01,42.7,50.0,7.3
Vaupes,2022,9,2022-09-01,63.8,34.9,1.3
Vichada,2022,9,2022-09-01,51.1,46.9,2.0
Amazonas,2022,10,2022-10-01,43.9,52.2,3.9
Antioquia,2022,10,2022-10-01,34.4,54.6,11.0
Arauca,2022,10,2022-10-01,48.0,49.6,2.4
Atlantico,2022,10,2022-10-01,52.9,40.6,6.5
Bogota_DC,2022,10,2022-10-01,28.5,56.8,14.7
Bolivar,2022,10,2022-10-01,61.7,32.9,5.4
Boyaca,2022,10,2022-10-01,36.8,59.3,3.9
Caldas,2022,10,2022-10-01,32.2,56.2,11.6
Caqueta,2022,10,2022-10-01,39.7,57.2,3.1
Casanare,2022,10,2022-10-01,47.3,48.8,3.9
Cauca,2022,10,2022-10-01,50.6,46.4,3.0
Cesar,2022,10,2022-10-01,65.4,31.5,3.1
Choco,2022,10,2022-10-01,68.3,29.4,2.2
Cordoba,2022,10,2022-10-01,66.2,31.5,2.2
Cundinamarca,2022,10,2022-10-01,47.1,48.6,4.3
Guainia,2022,10,2022-10-01,46.0,49.6,4.4
Guaviare,2022,10,2022-10-01,58.3,39.9,1.8
Huila,2022,10,2022-10-01,52.6,44.2,3.2
La_Guajira,2022,10,2022-10-01,71.1,27.4,1.5
Magdalena,2022,10,2022-10-01,54.0,43.7,2.3
Meta,2022,10,2022-10-01,46.8,48.9,4.2
Narino,2022,10,2022-10-01,63.6,32.7,3.7
Norte_de_Santander,2022,10,2022-10-01,41.0,54.4,4.6
Putumayo,2022,10,2022-10-01,43.6,54.0,2.4
Quindio,2022,10,2022-10-01,35.6,59.3,5.1
Risaralda,2022,10,2022-10-01,33.5,56.4,10.1
Santander,2022,10,2022-10-01,43.1,51.0,6.0
Sucre,2022,10,2022-10-01,72.0,24.3,3.7
Tolima,2022,10,2022-10-01,42.4,52.4,5.2
Valle,2022,10,2022-10-01,42.7,50.0,7.3
Vaupes,2022,10,2022-10-01,63.8,34.9,1.3
Vichada,2022,10,2022-10-01,51.1,46.9,2.0
Amazonas,2022,11,2022-11-01,43.9,52.2,3.9
Antioquia,2022,11,2022-11-01,34.4,54.6,11.0
Arauca,2022,11,2022-11-01,48.0,49.6,2.4
Atlantico,2022,11,2022-11-01,52.9,40.6,6.5
Bogota_DC,2022,11,2022-11-01,28.5,56.8,14.7
Bolivar,2022,11,2022-11-01,61.7,32.9,5.4
Boyaca,2022,11,2022-11-01,36.8,59.3,3.9
Caldas,2022,11,2022-11-01,32.2,56.2,11.6
Caqueta,2022,11,2022-11-01,39.7,57.2,3.1
Casanare,2022,11,2022-11-01,47.3,48.8,3.9
Cauca,2022,11,2022-11-01,50.6,46.4,3.0
Cesar,2022,11,2022-11-01,65.4,31.5,3.1
Choco,2022,11,2022-11-01,68.3,29.4,2.2
Cordoba,2022,11,2022-11-01,66.2,31.5,2.2
Cundinamarca,2022,11,2022-11-01,47.1,48.6,4.3
Guainia,2022,11,2022-11-01,46.0,49.6,4.4
Guaviare,2022,11,2022-11-01,58.3,39.9,1.8
Huila,2022,11,2022-11-01,52.6,44.2,3.2
La_Guajira,2022,11,2022-11-01,71.1,27.4,1.5
Magdalena,2022,11,2022-11-01,54.0,43.7,2.3
Meta,2022,11,2022-11-01,46.8,48.9,4.2
Narino,2022,11,2022-11-01,63.6,32.7,3.7
Norte_de_Santander,2022,11,2022-11-01,41.0,54.4,4.6
Putumayo,2022,11,2022-11-01,43.6,54.0,2.4
Quindio,2022,11,2022-11-01,35.6,59.3,5.1
Risaralda,2022,11,2022-11-01,33.5,56.4,10.1
Santander,2022,11,2022-11-01,43.1,51.0,6.0
Sucre,2022,11,2022-11-01,72.0,24.3,3.7
Tolima,2022,11,2022-11-01,42.4,52.4,5.2
Valle,2022,11,2022-11-01,42.7,50.0,7.3
Vaupes,2022,11,2022-11-01,63.8,34.9,1.3
Vichada,2022,11,2022-11-01,51.1,46.9,2.0
Amazonas,2022,12,2022-12-01,43.9,52.2,3.9
Antioquia,2022,12,2022-12-01,34.4,54.6,11.0
Arauca,2022,12,2022-12-01,48.0,49.6,2.4
Atlantico,2022,12,2022-12-01,52.9,40.6,6.5
Bogota_DC,2022,12,2022-12-01,28.5,56.8,14.7
Bolivar,2022,12,2022-12-01,61.7,32.9,5.4
Boyaca,2022,12,2022-12-01,36.8,59.3,3.9
Caldas,2022,12,2022-12-01,32.2,56.2,11.6
Caqueta,2022,12,2022-12-01,39.7,57.2,3.1
Casanare,2022,12,2022-12-01,47.3,48.8,3.9
Cauca,2022,12,2022-12-01,50.6,46.4,3.0
Cesar,2022,12,2022-12-01,65.4,31.5,3.1
Choco,2022,12,2022-12-01,68.3,29.4,2.2
Cordoba,2022,12,2022-12-01,66.2,31.5,2.2
Cundinamarca,2022,12,2022-12-01,47.1,48.6,4.3
Guainia,2022,12,2022-12-01,46.0,49.6,4.4
Guaviare,2022,12,2022-12-01,58.3,39.9,1.8
Huila,2022,12,2022-12-01,52.6,44.2,3.2
La_Guajira,2022,12,2022-12-01,71.1,27.4,1.5
Magdalena,2022,12,2022-12-01,54.0,43.7,2.3
Meta,2022,12,2022-12-01,46.8,48.9,4.2
Narino,2022,12,2022-12-01,63.6,32.7,3.7
Norte_de_Santander,2022,12,2022-12-01,41.0,54.4,4.6
Putumayo,2022,12,2022-12-01,43.6,54.0,2.4
Quindio,2022,12,2022-12-01,35.6,59.3,5.1
Risaralda,2022,12,2022-12-01,33.5,56.4,10.1
Santander,2022,12,2022-12-01,43.1,51.0,6.0
Sucre,2022,12,2022-12-01,72.0,24.3,3.7
Tolima,2022,12,2022-12-01,42.4,52.4,5.2
Valle,2022,12,2022-12-01,42.7,50.0,7.3
Vaupes,2022,12,2022-12-01,63.8,34.9,1.3
Vichada,2022,12,2022-12-01,51.1,46.9,2.0
Amazonas,2023,1,2023-01-01,36.1,56.1,7.8
Antioquia,2023,1,2023-01-01,36.3,56.2,7.4
Arauca,2023,1,2023-01-01,45.1,52.8,2.1
Atlantico,2023,1,2023-01-01,48.9,42.2,9.0
Bogota_DC,2023,1,2023-01-01,24.8,58.4,16.9
Bolivar,2023,1,2023-01-01,46.8,47.0,6.2
Boyaca,2023,1,2023-01-01,37.7,57.9,4.4
Caldas,2023,1,2023-01-01,29.0,59.3,11.7
Caqueta,2023,1,2023-01-01,40.2,56.7,3.1
Casanare,2023,1,2023-01-01,43.5,51.9,4.7
Cauca,2023,1,2023-01-01,62.1,35.2,2.7
Cesar,2023,1,2023-01-01,53.2,43.7,3.1
Choco,2023,1,2023-01-01,52.5,44.5,2.9
Cordoba,2023,1,2023-01-01,47.3,48.6,4.1
Cundinamarca,2023,1,2023-01-01,35.1,56.5,8.4
Guainia,2023,1,2023-01-01,55.8,40.0,4.3
Guaviare,2023,1,2023-01-01,50.9,46.5,2.6
Huila,2023,1,2023-01-01,51.3,45.2,3.5
La_Guajira,2023,1,2023-01-01,66.3,32.3,1.4
Magdalena,2023,1,2023-01-01,56.9,39.6,3.5
Meta,2023,1,2023-01-01,46.5,49.5,4.0
Narino,2023,1,2023-01-01,53.2,44.1,2.7
Norte_de_Santander,2023,1,2023-01-01,40.7,55.8,3.5
Putumayo,2023,1,2023-01-01,37.7,59.4,2.9
Quindio,2023,1,2023-01-01,42.1,50.0,7.9
Risaralda,2023,1,2023-01-01,28.1,64.6,7.2
Santander,2023,1,2023-01-01,32.0,60.4,7.6
Sucre,2023,1,2023-01-01,63.6,34.7,1.7
Tolima,2023,1,2023-01-01,51.4,43.9,4.7
Valle,2023,1,2023-01-01,34.4,56.0,9.5
Vaupes,2023,1,2023-01-01,70.4,28.6,1.0
Vichada,2023,1,2023-01-01,57.9,41.2,0.8
Amazonas,2023,2,2023-02-01,36.1,56.1,7.8
Antioquia,2023,2,2023-02-01,36.3,56.2,7.4
Arauca,2023,2,2023-02-01,45.1,52.8,2.1
Atlantico,2023,2,2023-02-01,48.9,42.2,9.0
Bogota_DC,2023,2,2023-02-01,24.8,58.4,16.9
Bolivar,2023,2,2023-02-01,46.8,47.0,6.2
Boyaca,2023,2,2023-02-01,37.7,57.9,4.4
Caldas,2023,2,2023-02-01,29.0,59.3,11.7
Caqueta,2023,2,2023-02-01,40.2,56.7,3.1
Casanare,2023,2,2023-02-01,43.5,51.9,4.7
Cauca,2023,2,2023-02-01,62.1,35.2,2.7
Cesar,2023,2,2023-02-01,53.2,43.7,3.1
Choco,2023,2,2023-02-01,52.5,44.5,2.9
Cordoba,2023,2,2023-02-01,47.3,48.6,4.1
Cundinamarca,2023,2,2023-02-01,35.1,56.5,8.4
Guainia,2023,2,2023-02-01,55.8,40.0,4.3
Guaviare,2023,2,2023-02-01,50.9,46.5,2.6
Huila,2023,2,2023-02-01,51.3,45.2,3.5
La_Guajira,2023,2,2023-02-01,66.3,32.3,1.4
Magdalena,2023,2,2023-02-01,56.9,39.6,3.5
Meta,2023,2,2023-02-01,46.5,49.5,4.0
Narino,2023,2,2023-02-01,53.2,44.1,2.7
Norte_de_Santander,2023,2,2023-02-01,40.7,55.8,3.5
Putumayo,2023,2,2023-02-01,37.7,59.4,2.9
Quindio,2023,2,2023-02-01,42.1,50.0,7.9
Risaralda,2023,2,2023-02-01,28.1,64.6,7.2
Santander,2023,2,2023-02-01,32.0,60.4,7.6
Sucre,2023,2,2023-02-01,63.6,34.7,1.7
Tolima,2023,2,2023-02-01,51.4,43.9,4.7
Valle,2023,2,2023-02-01,34.4,56.0,9.5
Vaupes,2023,2,2023-02-01,70.4,28.6,1.0
Vichada,2023,2,2023-02-01,57.9,41.2,0.8
Amazonas,2023,3,2023-03-01,36.1,56.1,7.8
Antioquia,2023,3,2023-03-01,36.3,56.2,7.4
Arauca,2023,3,2023-03-01,45.1,52.8,2.1
Atlantico,2023,3,2023-03-01,48.9,42.2,9.0
Bogota_DC,2023,3,2023-03-01,24.8,58.4,16.9
Bolivar,2023,3,2023-03-01,46.8,47.0,6.2
Boyaca,2023,3,2023-03-01,37.7,57.9,4.4
Caldas,2023,3,2023-03-01,29.0,59.3,11.7
Caqueta,2023,3,2023-03-01,40.2,56.7,3.1
Casanare,2023,3,2023-03-01,43.5,51.9,4.7
Cauca,2023,3,2023-03-01,62.1,35.2,2.7
Cesar,2023,3,2023-03-01,53.2,43.7,3.1
Choco,2023,3,2023-03-01,52.5,44.5,2.9
Cordoba,2023,3,2023-03-01,47.3,48.6,4.1
Cundinamarca,2023,3,2023-03-01,35.1,56.5,8.4
Guainia,2023,3,2023-03-01,55.8,40.0,4.3
Guaviare,2023,3,2023-03-01,50.9,46.5,2.6
Huila,2023,3,2023-03-01,51.3,45.2,3.5
La_Guajira,2023,3,2023-03-01,66.3,32.3,1.4
Magdalena,2023,3,2023-03-01,56.9,39.6,3.5
Meta,2023,3,2023-03-01,46.5,49.5,4.0
Narino,2023,3,2023-03-01,53.2,44.1,2.7
Norte_de_Santander,2023,3,2023-03-01,40.7,55.8,3.5
Putumayo,2023,3,2023-03-01,37.7,59.4,2.9
Quindio,2023,3,2023-03-01,42.1,50.0,7.9
Risaralda,2023,3,2023-03-01,28.1,64.6,7.2
Santander,2023,3,2023-03-01,32.0,60.4,7.6
Sucre,2023,3,2023-03-01,63.6,34.7,1.7
Tolima,2023,3,2023-03-01,51.4,43.9,4.7
Valle,2023,3,2023-03-01,34.4,56.0,9.5
Vaupes,2023,3,2023-03-01,70.4,28.6,1.0
Vichada,2023,3,2023-03-01,57.9,41.2,0.8
Amazonas,2023,4,2023-04-01,36.1,56.1,7.8
Antioquia,2023,4,2023-04-01,36.3,56.2,7.4
Arauca,2023,4,2023-04-01,45.1,52.8,2.1
Atlantico,2023,4,2023-04-01,48.9,42.2,9.0
Bogota_DC,2023,4,2023-04-01,24.8,58.4,16.9
Bolivar,2023,4,2023-04-01,46.8,47.0,6.2
Boyaca,2023,4,2023-04-01,37.7,57.9,4.4
Caldas,2023,4,2023-04-01,29.0,59.3,11.7
Caqueta,2023,4,2023-04-01,40.2,56.7,3.1
Casanare,2023,4,2023-04-01,43.5,51.9,4.7
Cauca,2023,4,2023-04-01,62.1,35.2,2.7
Cesar,2023,4,2023-04-01,53.2,43.7,3.1
Choco,2023,4,2023-04-01,52.5,44.5,2.9
Cordoba,2023,4,2023-04-01,47.3,48.6,4.1
Cundinamarca,2023,4,2023-04-01,35.1,56.5,8.4
Guainia,2023,4,2023-04-01,55.8,40.0,4.3
Guaviare,2023,4,2023-04-01,50.9,46.5,2.6
Huila,2023,4,2023-04-01,51.3,45.2,3.5
La_Guajira,2023,4,2023-04-01,66.3,32.3,1.4
Magdalena,2023,4,2023-04-01,56.9,39.6,3.5
Meta,2023,4,2023-04-01,46.5,49.5,4.0
Narino,2023,4,2023-04-01,53.2,44.1,2.7
Norte_de_Santander,2023,4,2023-04-01,40.7,55.8,3.5
Putumayo,2023,4,2023-04-01,37.7,59.4,2.9
Quindio,2023,4,2023-04-01,42.1,50.0,7.9
Risaralda,2023,4,2023-04-01,28.1,64.6,7.2
Santander,2023,4,2023-04-01,32.0,60.4,7.6
Sucre,2023,4,2023-04-01,63.6,34.7,1.7
Tolima,2023,4,2023-04-01,51.4,43.9,4.7
Valle,2023,4,2023-04-01,34.4,56.0,9.5
Vaupes,2023,4,2023-04-01,70.4,28.6,1.0
Vichada,2023,4,2023-04-01,57.9,41.2,0.8
Amazonas,2023,5,2023-05-01,36.1,56.1,7.8
Antioquia,2023,5,2023-05-01,36.3,56.2,7.4
Arauca,2023,5,2023-05-01,45.1,52.8,2.1
Atlantico,2023,5,2023-05-01,48.9,42.2,9.0
Bogota_DC,2023,5,2023-05-01,24.8,58.4,16.9
Bolivar,2023,5,2023-05-01,46.8,47.0,6.2
Boyaca,2023,5,2023-05-01,37.7,57.9,4.4
Caldas,2023,5,2023-05-01,29.0,59.3,11.7
Caqueta,2023,5,2023-05-01,40.2,56.7,3.1
Casanare,2023,5,2023-05-01,43.5,51.9,4.7
Cauca,2023,5,2023-05-01,62.1,35.2,2.7
Cesar,2023,5,2023-05-01,53.2,43.7,3.1
Choco,2023,5,2023-05-01,52.5,44.5,2.9
Cordoba,2023,5,2023-05-01,47.3,48.6,4.1
Cundinamarca,2023,5,2023-05-01,35.1,56.5,8.4
Guainia,2023,5,2023-05-01,55.8,40.0,4.3
Guaviare,2023,5,2023-05-01,50.9,46.5,2.6
Huila,2023,5,2023-05-01,51.3,45.2,3.5
La_Guajira,2023,5,2023-05-01,66.3,32.3,1.4
Magdalena,2023,5,2023-05-01,56.9,39.6,3.5
Meta,2023,5,2023-05-01,46.5,49.5,4.0
Narino,2023,5,2023-05-01,53.2,44.1,2.7
Norte_de_Santander,2023,5,2023-05-01,40.7,55.8,3.5
Putumayo,2023,5,2023-05-01,37.7,59.4,2.9
Quindio,2023,5,2023-05-01,42.1,50.0,7.9
Risaralda,2023,5,2023-05-01,28.1,64.6,7.2
Santander,2023,5,2023-05-01,32.0,60.4,7.6
Sucre,2023,5,2023-05-01,63.6,34.7,1.7
Tolima,2023,5,2023-05-01,51.4,43.9,4.7
Valle,2023,5,2023-05-01,34.4,56.0,9.5
Vaupes,2023,5,2023-05-01,70.4,28.6,1.0
Vichada,2023,5,2023-05-01,57.9,41.2,0.8
Amazonas,2023,6,2023-06-01,36.1,56.1,7.8
Antioquia,2023,6,2023-06-01,36.3,56.2,7.4
Arauca,2023,6,2023-06-01,45.1,52.8,2.1
Atlantico,2023,6,2023-06-01,48.9,42.2,9.0
Bogota_DC,2023,6,2023-06-01,24.8,58.4,16.9
Bolivar,2023,6,2023-06-01,46.8,47.0,6.2
Boyaca,2023,6,2023-06-01,37.7,57.9,4.4
Caldas,2023,6,2023-06-01,29.0,59.3,11.7
Caqueta,2023,6,2023-06-01,40.2,56.7,3.1
Casanare,2023,6,2023-06-01,43.5,51.9,4.7
Cauca,2023,6,2023-06-01,62.1,35.2,2.7
Cesar,2023,6,2023-06-01,53.2,43.7,3.1
Choco,2023,6,2023-06-01,52.5,44.5,2.9
Cordoba,2023,6,2023-06-01,47.3,48.6,4.1
Cundinamarca,2023,6,2023-06-01,35.1,56.5,8.4
Guainia,2023,6,2023-06-01,55.8,40.0,4.3
Guaviare,2023,6,2023-06-01,50.9,46.5,2.6
Huila,2023,6,2023-06-01,51.3,45.2,3.5
La_Guajira,2023,6,2023-06-01,66.3,32.3,1.4
Magdalena,2023,6,2023-06-01,56.9,39.6,3.5
Meta,2023,6,2023-06-01,46.5,49.5,4.0
Narino,2023,6,2023-06-01,53.2,44.1,2.7
Norte_de_Santander,2023,6,2023-06-01,40.7,55.8,3.5
Putumayo,2023,6,2023-06-01,37.7,59.4,2.9
Quindio,2023,6,2023-06-01,42.1,50.0,7.9
Risaralda,2023,6,2023-06-01,28.1,64.6,7.2
Santander,2023,6,2023-06-01,32.0,60.4,7.6
Sucre,2023,6,2023-06-01,63.6,34.7,1.7
Tolima,2023,6,2023-06-01,51.4,43.9,4.7
Valle,2023,6,2023-06-01,34.4,56.0,9.5
Vaupes,2023,6,2023-06-01,70.4,28.6,1.0
Vichada,2023,6,2023-06-01,57.9,41.2,0.8
Amazonas,2023,7,2023-07-01,36.1,56.1,7.8
Antioquia,2023,7,2023-07-01,36.3,56.2,7.4
Arauca,2023,7,2023-07-01,45.1,52.8,2.1
Atlantico,2023,7,2023-07-01,48.9,42.2,9.0
Bogota_DC,2023,7,2023-07-01,24.8,58.4,16.9
Bolivar,2023,7,2023-07-01,46.8,47.0,6.2
Boyaca,2023,7,2023-07-01,37.7,57.9,4.4
Caldas,2023,7,2023-07-01,29.0,59.3,11.7
Caqueta,2023,7,2023-07-01,40.2,56.7,3.1
Casanare,2023,7,2023-07-01,43.5,51.9,4.7
Cauca,2023,7,2023-07-01,62.1,35.2,2.7
Cesar,2023,7,2023-07-01,53.2,43.7,3.1
Choco,2023,7,2023-07-01,52.5,44.5,2.9
Cordoba,2023,7,2023-07-01,47.3,48.6,4.1
Cundinamarca,2023,7,2023-07-01,35.1,56.5,8.4
Guainia,2023,7,2023-07-01,55.8,40.0,4.3
Guaviare,2023,7,2023-07-01,50.9,46.5,2.6
Huila,2023,7,2023-07-01,51.3,45.2,3.5
La_Guajira,2023,7,2023-07-01,66.3,32.3,1.4
Magdalena,2023,7,2023-07-01,56.9,39.6,3.5
Meta,2023,7,2023-07-01,46.5,49.5,4.0
Narino,2023,7,2023-07-01,53.2,44.1,2.7
Norte_de_Santander,2023,7,2023-07-01,40.7,55.8,3.5
Putumayo,2023,7,2023-07-01,37.7,59.4,2.9
Quindio,2023,7,2023-07-01,42.1,50.0,7.9
Risaralda,2023,7,2023-07-01,28.1,64.6,7.2
Santander,2023,7,2023-07-01,32.0,60.4,7.6
Sucre,2023,7,2023-07-01,63.6,34.7,1.7
Tolima,2023,7,2023-07-01,51.4,43.9,4.7
Valle,2023,7,2023-07-01,34.4,56.0,9.5
Vaupes,2023,7,2023-07-01,70.4,28.6,1.0
Vichada,2023,7,2023-07-01,57.9,41.2,0.8
Amazonas,2023,8,2023-08-01,36.1,56.1,7.8
Antioquia,2023,8,2023-08-01,36.3,56.2,7.4
Arauca,2023,8,2023-08-01,45.1,52.8,2.1
Atlantico,2023,8,2023-08-01,48.9,42.2,9.0
Bogota_DC,2023,8,2023-08-01,24.8,58.4,16.9
Bolivar,2023,8,2023-08-01,46.8,47.0,6.2
Boyaca,2023,8,2023-08-01,37.7,57.9,4.4
Caldas,2023,8,2023-08-01,29.0,59.3,11.7
Caqueta,2023,8,2023-08-01,40.2,56.7,3.1
Casanare,2023,8,2023-08-01,43.5,51.9,4.7
Cauca,2023,8,2023-08-01,62.1,35.2,2.7
Cesar,2023,8,2023-08-01,53.2,43.7,3.1
Choco,2023,8,2023-08-01,52.5,44.5,2.9
Cordoba,2023,8,2023-08-01,47.3,48.6,4.1
Cundinamarca,2023,8,2023-08-01,35.1,56.5,8.4
Guainia,2023,8,2023-08-01,55.8,40.0,4.3
Guaviare,2023,8,2023-08-01,50.9,46.5,2.6
Huila,2023,8,2023-08-01,51.3,45.2,3.5
La_Guajira,2023,8,2023-08-01,66.3,32.3,1.4
Magdalena,2023,8,2023-08-01,56.9,39.6,3.5
Meta,2023,8,2023-08-01,46.5,49.5,4.0
Narino,2023,8,2023-08-01,53.2,44.1,2.7
Norte_de_Santander,2023,8,2023-08-01,40.7,55.8,3.5
Putumayo,2023,8,2023-08-01,37.7,59.4,2.9
Quindio,2023,8,2023-08-01,42.1,50.0,7.9
Risaralda,2023,8,2023-08-01,28.1,64.6,7.2
Santander,2023,8,2023-08-01,32.0,60.4,7.6
Sucre,2023,8,2023-08-01,63.6,34.7,1.7
Tolima,2023,8,2023-08-01,51.4,43.9,4.7
Valle,2023,8,2023-08-01,34.4,56.0,9.5
Vaupes,2023,8,2023-08-01,70.4,28.6,1.0
Vichada,2023,8,2023-08-01,57.9,41.2,0.8
Amazonas,2023,9,2023-09-01,36.1,56.1,7.8
Antioquia,2023,9,2023-09-01,36.3,56.2,7.4
Arauca,2023,9,2023-09-01,45.1,52.8,2.1
Atlantico,2023,9,2023-09-01,48.9,42.2,9.0
Bogota_DC,2023,9,2023-09-01,24.8,58.4,16.9
Bolivar,2023,9,2023-09-01,46.8,47.0,6.2
Boyaca,2023,9,2023-09-01,37.7,57.9,4.4
Caldas,2023,9,2023-09-01,29.0,59.3,11.7
Caqueta,2023,9,2023-09-01,40.2,56.7,3.1
Casanare,2023,9,2023-09-01,43.5,51.9,4.7
Cauca,2023,9,2023-09-01,62.1,35.2,2.7
Cesar,2023,9,2023-09-01,53.2,43.7,3.1
Choco,2023,9,2023-09-01,52.5,44.5,2.9
Cordoba,2023,9,2023-09-01,47.3,48.6,4.1
Cundinamarca,2023,9,2023-09-01,35.1,56.5,8.4
Guainia,2023,9,2023-09-01,55.8,40.0,4.3
Guaviare,2023,9,2023-09-01,50.9,46.5,2.6
Huila,2023,9,2023-09-01,51.3,45.2,3.5
La_Guajira,2023,9,2023-09-01,66.3,32.3,1.4
Magdalena,2023,9,2023-09-01,56.9,39.6,3.5
Meta,2023,9,2023-09-01,46.5,49.5,4.0
Narino,2023,9,2023-09-01,53.2,44.1,2.7
Norte_de_Santander,2023,9,2023-09-01,40.7,55.8,3.5
Putumayo,2023,9,2023-09-01,37.7,59.4,2.9
Quindio,2023,9,2023-09-01,42.1,50.0,7.9
Risaralda,2023,9,2023-09-01,28.1,64.6,7.2
Santander,2023,9,2023-09-01,32.0,60.4,7.6
Sucre,2023,9,2023-09-01,63.6,34.7,1.7
Tolima,2023,9,2023-09-01,51.4,43.9,4.7
Valle,2023,9,2023-09-01,34.4,56.0,9.5
Vaupes,2023,9,2023-09-01,70.4,28.6,1.0
Vichada,2023,9,2023-09-01,57.9,41.2,0.8
Amazonas,2023,10,2023-10-01,36.1,56.1,7.8
Antioquia,2023,10,2023-10-01,36.3,56.2,7.4
Arauca,2023,10,2023-10-01,45.1,52.8,2.1
Atlantico,2023,10,2023-10-01,48.9,42.2,9.0
Bogota_DC,2023,10,2023-10-01,24.8,58.4,16.9
Bolivar,2023,10,2023-10-01,46.8,47.0,6.2
Boyaca,2023,10,2023-10-01,37.7,57.9,4.4
Caldas,2023,10,2023-10-01,29.0,59.3,11.7
Caqueta,2023,10,2023-10-01,40.2,56.7,3.1
Casanare,2023,10,2023-10-01,43.5,51.9,4.7
Cauca,2023,10,2023-10-01,62.1,35.2,2.7
Cesar,2023,10,2023-10-01,53.2,43.7,3.1
Choco,2023,10,2023-10-01,52.5,44.5,2.9
Cordoba,2023,10,2023-10-01,47.3,48.6,4.1
Cundinamarca,2023,10,2023-10-01,35.1,56.5,8.4
Guainia,2023,10,2023-10-01,55.8,40.0,4.3
Guaviare,2023,10,2023-10-01,50.9,46.5,2.6
Huila,2023,10,2023-10-01,51.3,45.2,3.5
La_Guajira,2023,10,2023-10-01,66.3,32.3,1.4
Magdalena,2023,10,2023-10-01,56.9,39.6,3.5
Meta,2023,10,2023-10-01,46.5,49.5,4.0
Narino,2023,10,2023-10-01,53.2,44.1,2.7
Norte_de_Santander,2023,10,2023-10-01,40.7,55.8,3.5
Putumayo,2023,10,2023-10-01,37.7,59.4,2.9
Quindio,2023,10,2023-10-01,42.1,50.0,7.9
Risaralda,2023,10,2023-10-01,28.1,64.6,7.2
Santander,2023,10,2023-10-01,32.0,60.4,7.6
Sucre,2023,10,2023-10-01,63.6,34.7,1.7
Tolima,2023,10,2023-10-01,51.4,43.9,4.7
Valle,2023,10,2023-10-01,34.4,56.0,9.5
Vaupes,2023,10,2023-10-01,70.4,28.6,1.0
Vichada,2023,10,2023-10-01,57.9,41.2,0.8
Amazonas,2023,11,2023-11-01,36.1,56.1,7.8
Antioquia,2023,11,2023-11-01,36.3,56.2,7.4
Arauca,2023,11,2023-11-01,45.1,52.8,2.1
Atlantico,2023,11,2023-11-01,48.9,42.2,9.0
Bogota_DC,2023,11,2023-11-01,24.8,58.4,16.9
Bolivar,2023,11,2023-11-01,46.8,47.0,6.2
Boyaca,2023,11,2023-11-01,37.7,57.9,4.4
Caldas,2023,11,2023-11-01,29.0,59.3,11.7
Caqueta,2023,11,2023-11-01,40.2,56.7,3.1
Casanare,2023,11,2023-11-01,43.5,51.9,4.7
Cauca,2023,11,2023-11-01,62.1,35.2,2.7
Cesar,2023,11,2023-11-01,53.2,43.7,3.1
Choco,2023,11,2023-11-01,52.5,44.5,2.9
Cordoba,2023,11,2023-11-01,47.3,48.6,4.1
Cundinamarca,2023,11,2023-11-01,35.1,56.5,8.4
Guainia,2023,11,2023-11-01,55.8,40.0,4.3
Guaviare,2023,11,2023-11-01,50.9,46.5,2.6
Huila,2023,11,2023-11-01,51.3,45.2,3.5
La_Guajira,2023,11,2023-11-01,66.3,32.3,1.4
Magdalena,2023,11,2023-11-01,56.9,39.6,3.5
Meta,2023,11,2023-11-01,46.5,49.5,4.0
Narino,2023,11,2023-11-01,53.2,44.1,2.7
Norte_de_Santander,2023,11,2023-11-01,40.7,55.8,3.5
Putumayo,2023,11,2023-11-01,37.7,59.4,2.9
Quindio,2023,11,2023-11-01,42.1,50.0,7.9
Risaralda,2023,11,2023-11-01,28.1,64.6,7.2
Santander,2023,11,2023-11-01,32.0,60.4,7.6
Sucre,2023,11,2023-11-01,63.6,34.7,1.7
Tolima,2023,11,2023-11-01,51.4,43.9,4.7
Valle,2023,11,2023-11-01,34.4,56.0,9.5
Vaupes,2023,11,2023-11-01,70.4,28.6,1.0
Vichada,2023,11,2023-11-01,57.9,41.2,0.8
Amazonas,2023,12,2023-12-01,36.1,56.1,7.8
Antioquia,2023,12,2023-12-01,36.3,56.2,7.4
Arauca,2023,12,2023-12-01,45.1,52.8,2.1
Atlantico,2023,12,2023-12-01,48.9,42.2,9.0
Bogota_DC,2023,12,2023-12-01,24.8,58.4,16.9
Bolivar,2023,12,2023-12-01,46.8,47.0,6.2
Boyaca,2023,12,2023-12-01,37.7,57.9,4.4
Caldas,2023,12,2023-12-01,29.0,59.3,11.7
Caqueta,2023,12,2023-12-01,40.2,56.7,3.1
Casanare,2023,12,2023-12-01,43.5,51.9,4.7
Cauca,2023,12,2023-12-01,62.1,35.2,2.7
Cesar,2023,12,2023-12-01,53.2,43.7,3.1
Choco,2023,12,2023-12-01,52.5,44.5,2.9
Cordoba,2023,12,2023-12-01,47.3,48.6,4.1
Cundinamarca,2023,12,2023-12-01,35.1,56.5,8.4
Guainia,2023,12,2023-12-01,55.8,40.0,4.3
Guaviare,2023,12,2023-12-01,50.9,46.5,2.6
Huila,2023,12,2023-12-01,51.3,45.2,3.5
La_Guajira,2023,12,2023-12-01,66.3,32.3,1.4
Magdalena,2023,12,2023-12-01,56.9,39.6,3.5
Meta,2023,12,2023-12-01,46.5,49.5,4.0
Narino,2023,12,2023-12-01,53.2,44.1,2.7
Norte_de_Santander,2023,12,2023-12-01,40.7,55.8,3.5
Putumayo,2023,12,2023-12-01,37.7,59.4,2.9
Quindio,2023,12,2023-12-01,42.1,50.0,7.9
Risaralda,2023,12,2023-12-01,28.1,64.6,7.2
Santander,2023,12,2023-12-01,32.0,60.4,7.6
Sucre,2023,12,2023-12-01,63.6,34.7,1.7
Tolima,2023,12,2023-12-01,51.4,43.9,4.7
Valle,2023,12,2023-12-01,34.4,56.0,9.5
Vaupes,2023,12,2023-12-01,70.4,28.6,1.0
Vichada,2023,12,2023-12-01,57.9,41.2,0.8
Amazonas,2024,1,2024-01-01,31.1,61.9,7.1
Antioquia,2024,1,2024-01-01,35.5,55.8,8.7
Arauca,2024,1,2024-01-01,27.1,69.0,3.9
Atlantico,2024,1,2024-01-01,49.8,45.0,5.2
Bogota_DC,2024,1,2024-01-01,16.6,69.8,13.7
Bolivar,2024,1,2024-01-01,38.5,55.8,5.8
Boyaca,2024,1,2024-01-01,32.4,63.1,4.5
Caldas,2024,1,2024-01-01,28.2,61.6,10.2
Caqueta,2024,1,2024-01-01,44.5,50.6,4.9
Casanare,2024,1,2024-01-01,45.8,49.9,4.3
Cauca,2024,1,2024-01-01,41.8,54.8,3.3
Cesar,2024,1,2024-01-01,45.6,50.8,3.5
Choco,2024,1,2024-01-01,56.5,42.2,1.3
Cordoba,2024,1,2024-01-01,64.5,33.7,1.8
Cundinamarca,2024,1,2024-01-01,34.3,57.9,7.9
Guainia,2024,1,2024-01-01,49.5,47.4,3.1
Guaviare,2024,1,2024-01-01,52.2,42.1,5.7
Huila,2024,1,2024-01-01,42.6,53.7,3.7
La_Guajira,2024,1,2024-01-01,66.0,32.2,1.8
Magdalena,2024,1,2024-01-01,48.1,47.1,4.8
Meta,2024,1,2024-01-01,24.2,69.3,6.5
Narino,2024,1,2024-01-01,55.4,41.3,3.2
Norte_de_Santander,2024,1,2024-01-01,32.6,59.9,7.5
Putumayo,2024,1,2024-01-01,32.5,65.4,2.1
Quindio,2024,1,2024-01-01,34.4,55.7,10.0
Risaralda,2024,1,2024-01-01,26.6,61.1,12.3
Santander,2024,1,2024-01-01,25.0,63.5,11.5
Sucre,2024,1,2024-01-01,65.0,32.7,2.3
Tolima,2024,1,2024-01-01,37.4,51.7,10.9
Valle,2024,1,2024-01-01,32.2,58.7,9.1
Vaupes,2024,1,2024-01-01,70.1,29.3,0.6
Vichada,2024,1,2024-01-01,59.1,40.1,0.9
Amazonas,2024,2,2024-02-01,31.1,61.9,7.1
Antioquia,2024,2,2024-02-01,35.5,55.8,8.7
Arauca,2024,2,2024-02-01,27.1,69.0,3.9
Atlantico,2024,2,2024-02-01,49.8,45.0,5.2
Bogota_DC,2024,2,2024-02-01,16.6,69.8,13.7
Bolivar,2024,2,2024-02-01,38.5,55.8,5.8
Boyaca,2024,2,2024-02-01,32.4,63.1,4.5
Caldas,2024,2,2024-02-01,28.2,61.6,10.2
Caqueta,2024,2,2024-02-01,44.5,50.6,4.9
Casanare,2024,2,2024-02-01,45.8,49.9,4.3
Cauca,2024,2,2024-02-01,41.8,54.8,3.3
Cesar,2024,2,2024-02-01,45.6,50.8,3.5
Choco,2024,2,2024-02-01,56.5,42.2,1.3
Cordoba,2024,2,2024-02-01,64.5,33.7,1.8
Cundinamarca,2024,2,2024-02-01,34.3,57.9,7.9
Guainia,2024,2,2024-02-01,49.5,47.4,3.1
Guaviare,2024,2,2024-02-01,52.2,42.1,5.7
Huila,2024,2,2024-02-01,42.6,53.7,3.7
La_Guajira,2024,2,2024-02-01,66.0,32.2,1.8
Magdalena,2024,2,2024-02-01,48.1,47.1,4.8
Meta,2024,2,2024-02-01,24.2,69.3,6.5
Narino,2024,2,2024-02-01,55.4,41.3,3.2
Norte_de_Santander,2024,2,2024-02-01,32.6,59.9,7.5
Putumayo,2024,2,2024-02-01,32.5,65.4,2.1
Quindio,2024,2,2024-02-01,34.4,55.7,10.0
Risaralda,2024,2,2024-02-01,26.6,61.1,12.3
Santander,2024,2,2024-02-01,25.0,63.5,11.5
Sucre,2024,2,2024-02-01,65.0,32.7,2.3
Tolima,2024,2,2024-02-01,37.4,51.7,10.9
Valle,2024,2,2024-02-01,32.2,58.7,9.1
Vaupes,2024,2,2024-02-01,70.1,29.3,0.6
Vichada,2024,2,2024-02-01,59.1,40.1,0.9
Amazonas,2024,3,2024-03-01,31.1,61.9,7.1
Antioquia,2024,3,2024-03-01,35.5,55.8,8.7
Arauca,2024,3,2024-03-01,27.1,69.0,3.9
Atlantico,2024,3,2024-03-01,49.8,45.0,5.2
Bogota_DC,2024,3,2024-03-01,16.6,69.8,13.7
Bolivar,2024,3,2024-03-01,38.5,55.8,5.8
Boyaca,2024,3,2024-03-01,32.4,63.1,4.5
Caldas,2024,3,2024-03-01,28.2,61.6,10.2
Caqueta,2024,3,2024-03-01,44.5,50.6,4.9
Casanare,2024,3,2024-03-01,45.8,49.9,4.3
Cauca,2024,3,2024-03-01,41.8,54.8,3.3
Cesar,2024,3,2024-03-01,45.6,50.8,3.5
Choco,2024,3,2024-03-01,56.5,42.2,1.3
Cordoba,2024,3,2024-03-01,64.5,33.7,1.8
Cundinamarca,2024,3,2024-03-01,34.3,57.9,7.9
Guainia,2024,3,2024-03-01,49.5,47.4,3.1
Guaviare,2024,3,2024-03-01,52.2,42.1,5.7
Huila,2024,3,2024-03-01,42.6,53.7,3.7
La_Guajira,2024,3,2024-03-01,66.0,32.2,1.8
Magdalena,2024,3,2024-03-01,48.1,47.1,4.8
Meta,2024,3,2024-03-01,24.2,69.3,6.5
Narino,2024,3,2024-03-01,55.4,41.3,3.2
Norte_de_Santander,2024,3,2024-03-01,32.6,59.9,7.5
Putumayo,2024,3,2024-03-01,32.5,65.4,2.1
Quindio,2024,3,2024-03-01,34.4,55.7,10.0
Risaralda,2024,3,2024-03-01,26.6,61.1,12.3
Santander,2024,3,2024-03-01,25.0,63.5,11.5
Sucre,2024,3,2024-03-01,65.0,32.7,2.3
Tolima,2024,3,2024-03-01,37.4,51.7,10.9
Valle,2024,3,2024-03-01,32.2,58.7,9.1
Vaupes,2024,3,2024-03-01,70.1,29.3,0.6
Vichada,2024,3,2024-03-01,59.1,40.1,0.9
Amazonas,2024,4,2024-04-01,31.1,61.9,7.1
Antioquia,2024,4,2024-04-01,35.5,55.8,8.7
Arauca,2024,4,2024-04-01,27.1,69.0,3.9
Atlantico,2024,4,2024-04-01,49.8,45.0,5.2
Bogota_DC,2024,4,2024-04-01,16.6,69.8,13.7
Bolivar,2024,4,2024-04-01,38.5,55.8,5.8
Boyaca,2024,4,2024-04-01,32.4,63.1,4.5
Caldas,2024,4,2024-04-01,28.2,61.6,10.2
Caqueta,2024,4,2024-04-01,44.5,50.6,4.9
Casanare,2024,4,2024-04-01,45.8,49.9,4.3
Cauca,2024,4,2024-04-01,41.8,54.8,3.3
Cesar,2024,4,2024-04-01,45.6,50.8,3.5
Choco,2024,4,2024-04-01,56.5,42.2,1.3
Cordoba,2024,4,2024-04-01,64.5,33.7,1.8
Cundinamarca,2024,4,2024-04-01,34.3,57.9,7.9
Guainia,2024,4,2024-04-01,49.5,47.4,3.1
Guaviare,2024,4,2024-04-01,52.2,42.1,5.7
Huila,2024,4,2024-04-01,42.6,53.7,3.7
La_Guajira,2024,4,2024-04-01,66.0,32.2,1.8
Magdalena,2024,4,2024-04-01,48.1,47.1,4.8
Meta,2024,4,2024-04-01,24.2,69.3,6.5
Narino,2024,4,2024-04-01,55.4,41.3,3.2
Norte_de_Santander,2024,4,2024-04-01,32.6,59.9,7.5
Putumayo,2024,4,2024-04-01,32.5,65.4,2.1
Quindio,2024,4,2024-04-01,34.4,55.7,10.0
Risaralda,2024,4,2024-04-01,26.6,61.1,12.3
Santander,2024,4,2024-04-01,25.0,63.5,11.5
Sucre,2024,4,2024-04-01,65.0,32.7,2.3
Tolima,2024,4,2024-04-01,37.4,51.7,10.9
Valle,2024,4,2024-04-01,32.2,58.7,9.1
Vaupes,2024,4,2024-04-01,70.1,29.3,0.6
Vichada,2024,4,2024-04-01,59.1,40.1,0.9
Amazonas,2024,5,2024-05-01,31.1,61.9,7.1
Antioquia,2024,5,2024-05-01,35.5,55.8,8.7
Arauca,2024,5,2024-05-01,27.1,69.0,3.9
Atlantico,2024,5,2024-05-01,49.8,45.0,5.2
Bogota_DC,2024,5,2024-05-01,16.6,69.8,13.7
Bolivar,2024,5,2024-05-01,38.5,55.8,5.8
Boyaca,2024,5,2024-05-01,32.4,63.1,4.5
Caldas,2024,5,2024-05-01,28.2,61.6,10.2
Caqueta,2024,5,2024-05-01,44.5,50.6,4.9
Casanare,2024,5,2024-05-01,45.8,49.9,4.3
Cauca,2024,5,2024-05-01,41.8,54.8,3.3
Cesar,2024,5,2024-05-01,45.6,50.8,3.5
Choco,2024,5,2024-05-01,56.5,42.2,1.3
Cordoba,2024,5,2024-05-01,64.5,33.7,1.8
Cundinamarca,2024,5,2024-05-01,34.3,57.9,7.9
Guainia,2024,5,2024-05-01,49.5,47.4,3.1
Guaviare,2024,5,2024-05-01,52.2,42.1,5.7
Huila,2024,5,2024-05-01,42.6,53.7,3.7
La_Guajira,2024,5,2024-05-01,66.0,32.2,1.8
Magdalena,2024,5,2024-05-01,48.1,47.1,4.8
Meta,2024,5,2024-05-01,24.2,69.3,6.5
Narino,2024,5,2024-05-01,55.4,41.3,3.2
Norte_de_Santander,2024,5,2024-05-01,32.6,59.9,7.5
Putumayo,2024,5,2024-05-01,32.5,65.4,2.1
Quindio,2024,5,2024-05-01,34.4,55.7,10.0
Risaralda,2024,5,2024-05-01,26.6,61.1,12.3
Santander,2024,5,2024-05-01,25.0,63.5,11.5
Sucre,2024,5,2024-05-01,65.0,32.7,2.3
Tolima,2024,5,2024-05-01,37.4,51.7,10.9
Valle,2024,5,2024-05-01,32.2,58.7,9.1
Vaupes,2024,5,2024-05-01,70.1,29.3,0.6
Vichada,2024,5,2024-05-01,59.1,40.1,0.9
Amazonas,2024,6,2024-06-01,31.1,61.9,7.1
Antioquia,2024,6,2024-06-01,35.5,55.8,8.7
Arauca,2024,6,2024-06-01,27.1,69.0,3.9
Atlantico,2024,6,2024-06-01,49.8,45.0,5.2
Bogota_DC,2024,6,2024-06-01,16.6,69.8,13.7
Bolivar,2024,6,2024-06-01,38.5,55.8,5.8
Boyaca,2024,6,2024-06-01,32.4,63.1,4.5
Caldas,2024,6,2024-06-01,28.2,61.6,10.2
Caqueta,2024,6,2024-06-01,44.5,50.6,4.9
Casanare,2024,6,2024-06-01,45.8,49.9,4.3
Cauca,2024,6,2024-06-01,41.8,54.8,3.3
Cesar,2024,6,2024-06-01,45.6,50.8,3.5
Choco,2024,6,2024-06-01,56.5,42.2,1.3
Cordoba,2024,6,2024-06-01,64.5,33.7,1.8
Cundinamarca,2024,6,2024-06-01,34.3,57.9,7.9
Guainia,2024,6,2024-06-01,49.5,47.4,3.1
Guaviare,2024,6,2024-06-01,52.2,42.1,5.7
Huila,2024,6,2024-06-01,42.6,53.7,3.7
La_Guajira,2024,6,2024-06-01,66.0,32.2,1.8
Magdalena,2024,6,2024-06-01,48.1,47.1,4.8
Meta,2024,6,2024-06-01,24.2,69.3,6.5
Narino,2024,6,2024-06-01,55.4,41.3,3.2
Norte_de_Santander,2024,6,2024-06-01,32.6,59.9,7.5
Putumayo,2024,6,2024-06-01,32.5,65.4,2.1
Quindio,2024,6,2024-06-01,34.4,55.7,10.0
Risaralda,2024,6,2024-06-01,26.6,61.1,12.3
Santander,2024,6,2024-06-01,25.0,63.5,11.5
Sucre,2024,6,2024-06-01,65.0,32.7,2.3
Tolima,2024,6,2024-06-01,37.4,51.7,10.9
Valle,2024,6,2024-06-01,32.2,58.7,9.1
Vaupes,2024,6,2024-06-01,70.1,29.3,0.6
Vichada,2024,6,2024-06-01,59.1,40.1,0.9
Amazonas,2024,7,2024-07-01,31.1,61.9,7.1
Antioquia,2024,7,2024-07-01,35.5,55.8,8.7
Arauca,2024,7,2024-07-01,27.1,69.0,3.9
Atlantico,2024,7,2024-07-01,49.8,45.0,5.2
Bogota_DC,2024,7,2024-07-01,16.6,69.8,13.7
Bolivar,2024,7,2024-07-01,38.5,55.8,5.8
Boyaca,2024,7,2024-07-01,32.4,63.1,4.5
Caldas,2024,7,2024-07-01,28.2,61.6,10.2
Caqueta,2024,7,2024-07-01,44.5,50.6,4.9
Casanare,2024,7,2024-07-01,45.8,49.9,4.3
Cauca,2024,7,2024-07-01,41.8,54.8,3.3
Cesar,2024,7,2024-07-01,45.6,50.8,3.5
Choco,2024,7,2024-07-01,56.5,42.2,1.3
Cordoba,2024,7,2024-07-01,64.5,33.7,1.8
Cundinamarca,2024,7,2024-07-01,34.3,57.9,7.9
Guainia,2024,7,2024-07-01,49.5,47.4,3.1
Guaviare,2024,7,2024-07-01,52.2,42.1,5.7
Huila,2024,7,2024-07-01,42.6,53.7,3.7
La_Guajira,2024,7,2024-07-01,66.0,32.2,1.8
Magdalena,2024,7,2024-07-01,48.1,47.1,4.8
Meta,2024,7,2024-07-01,24.2,69.3,6.5
Narino,2024,7,2024-07-01,55.4,41.3,3.2
Norte_de_Santander,2024,7,2024-07-01,32.6,59.9,7.5
Putumayo,2024,7,2024-07-01,32.5,65.4,2.1
Quindio,2024,7,2024-07-01,34.4,55.7,10.0
Risaralda,2024,7,2024-07-01,26.6,61.1,12.3
Santander,2024,7,2024-07-01,25.0,63.5,11.5
Sucre,2024,7,2024-07-01,65.0,32.7,2.3
Tolima,2024,7,2024-07-01,37.4,51.7,10.9
Valle,2024,7,2024-07-01,32.2,58.7,9.1
Vaupes,2024,7,2024-07-01,70.1,29.3,0.6
Vichada,2024,7,2024-07-01,59.1,40.1,0.9
Amazonas,2024,8,2024-08-01,31.1,61.9,7.1
Antioquia,2024,8,2024-08-01,35.5,55.8,8.7
Arauca,2024,8,2024-08-01,27.1,69.0,3.9
Atlantico,2024,8,2024-08-01,49.8,45.0,5.2
Bogota_DC,2024,8,2024-08-01,16.6,69.8,13.7
Bolivar,2024,8,2024-08-01,38.5,55.8,5.8
Boyaca,2024,8,2024-08-01,32.4,63.1,4.5
Caldas,2024,8,2024-08-01,28.2,61.6,10.2
Caqueta,2024,8,2024-08-01,44.5,50.6,4.9
Casanare,2024,8,2024-08-01,45.8,49.9,4.3
Cauca,2024,8,2024-08-01,41.8,54.8,3.3
Cesar,2024,8,2024-08-01,45.6,50.8,3.5
Choco,2024,8,2024-08-01,56.5,42.2,1.3
Cordoba,2024,8,2024-08-01,64.5,33.7,1.8
Cundinamarca,2024,8,2024-08-01,34.3,57.9,7.9
Guainia,2024,8,2024-08-01,49.5,47.4,3.1
Guaviare,2024,8,2024-08-01,52.2,42.1,5.7
Huila,2024,8,2024-08-01,42.6,53.7,3.7
La_Guajira,2024,8,2024-08-01,66.0,32.2,1.8
Magdalena,2024,8,2024-08-01,48.1,47.1,4.8
Meta,2024,8,2024-08-01,24.2,69.3,6.5
Narino,2024,8,2024-08-01,55.4,41.3,3.2
Norte_de_Santander,2024,8,2024-08-01,32.6,59.9,7.5
Putumayo,2024,8,2024-08-01,32.5,65.4,2.1
Quindio,2024,8,2024-08-01,34.4,55.7,10.0
Risaralda,2024,8,2024-08-01,26.6,61.1,12.3
Santander,2024,8,2024-08-01,25.0,63.5,11.5
Sucre,2024,8,2024-08-01,65.0,32.7,2.3
Tolima,2024,8,2024-08-01,37.4,51.7,10.9
Valle,2024,8,2024-08-01,32.2,58.7,9.1
Vaupes,2024,8,2024-08-01,70.1,29.3,0.6
Vichada,2024,8,2024-08-01,59.1,40.1,0.9
