fecha,año,mes,mes_nombre,Departamento,Analfabetismo,Bajo_logro_educativo,Barreras_acceso_salud,Desempleo_larga_duracion,Inasistencia_escolar,Rezago_escolar,Sin_aseguramiento_salud,Trabajo_informal
2022-01-01,2022,1,January,Amazonas,8.7,49.5,2.3,6.4,5.3,41.7,5.3,83.6
2022-02-01,2022,2,February,Amazonas,8.7,49.5,2.3,6.4,5.3,41.7,5.3,83.6
2022-03-01,2022,3,March,Amazonas,8.7,49.5,2.3,6.4,5.3,41.7,5.3,83.6
2022-04-01,2022,4,April,Amazonas,8.7,49.5,2.3,6.4,5.3,41.7,5.3,83.6
2022-05-01,2022,5,May,Amazonas,8.7,49.5,2.3,6.4,5.3,41.7,5.3,83.6
2022-06-01,2022,6,June,Amazonas,8.7,49.5,2.3,6.4,5.3,41.7,5.3,83.6
2022-07-01,2022,7,July,Amazonas,8.7,49.5,2.3,6.4,5.3,41.7,5.3,83.6
2022-08-01,2022,8,August,Amazonas,8.7,49.5,2.3,6.4,5.3,41.7,5.3,83.6
2022-09-01,2022,9,September,Amazonas,8.7,49.5,2.3,6.4,5.3,41.7,5.3,83.6
2022-10-01,2022,10,October,Amazonas,8.7,49.5,2.3,6.4,5.3,41.7,5.3,83.6
2022-11-01,2022,11,November,Amazonas,8.7,49.5,2.3,6.4,5.3,41.7,5.3,83.6
2022-12-01,2022,12,December,Amazonas,8.7,49.5,2.3,6.4,5.3,41.7,5.3,83.6
2023-01-01,2023,1,January,Amazonas,7.2,42.4,5.0,11.6,3.5,29.7,5.2,79.2
2023-02-01,2023,2,February,Amazonas,7.2,42.4,5.0,11.6,3.5,29.7,5.2,79.2
2023-03-01,2023,3,March,Amazonas,7.2,42.4,5.0,11.6,3.5,29.7,5.2,79.2
2023-04-01,2023,4,April,Amazonas,7.2,42.4,5.0,11.6,3.5,29.7,5.2,79.2
2023-05-01,2023,5,May,Amazonas,7.2,42.4,5.0,11.6,3.5,29.7,5.2,79.2
2023-06-01,2023,6,June,Amazonas,7.2,42.4,5.0,11.6,3.5,29.7,5.2,79.2
2023-07-01,2023,7,July,Amazonas,7.2,42.4,5.0,11.6,3.5,29.7,5.2,79.2
2023-08-01,2023,8,August,Amazonas,7.2,42.4,5.0,11.6,3.5,29.7,5.2,79.2
2023-09-01,2023,9,September,Amazonas,7.2,42.4,5.0,11.6,3.5,29.7,5.2,79.2
2023-10-01,2023,10,October,Amazonas,7.2,42.4,5.0,11.6,3.5,29.7,5.2,79.2
2023-11-01,2023,11,November,Amazonas,7.2,42.4,5.0,11.6,3.5,29.7,5.2,79.2
2023-12-01,2023,12,December,Amazonas,7.2,42.4,5.0,11.6,3.5,29.7,5.2,79.2
2024-01-01,2024,1,January,Amazonas,7.7,43.2,5.1,5.3,1.9,29.8,3.7,81.6
2024-02-01,2024,2,February,Amazonas,7.7,43.2,5.1,5.3,1.9,29.8,3.7,81.6
2024-03-01,2024,3,March,Amazonas,7.7,43.2,5.1,5.3,1.9,29.8,3.7,81.6
2024-04-01,2024,4,April,Amazonas,7.7,43.2,5.1,5.3,1.9,29.8,3.7,81.6
2024-05-01,2024,5,May,Amazonas,7.7,43.2,5.1,5.3,1.9,29.8,3.7,81.6
2024-06-01,2024,6,June,Amazonas,7.7,43.2,5.1,5.3,1.9,29.8,3.7,81.6
2024-07-01,2024,7,July,Amazonas,7.7,43.2,5.1,5.3,1.9,29.8,3.7,81.6
2024-08-01,2024,8,August,Amazonas,7.7,43.2,5.1,5.3,1.9,29.8,3.7,81.6
2024-09-01,2024,9,September,Amazonas,7.7,43.2,5.1,5.3,1.9,29.8,3.7,81.6
2024-10-01,2024,10,October,Amazonas,7.7,43.2,5.1,5.3,1.9,29.8,3.7,81.6
2024-11-01,2024,11,November,Amazonas,7.7,43.2,5.1,5.3,1.9,29.8,3.7,81.6
2024-12-01,2024,12,December,Amazonas,7.7,43.2,5.1,5.3,1.9,29.8,3.7,81.6
2022-01-01,2022,1,January,Antioquia,7.0,39.9,0.4,14.0,1.5,22.9,6.3,66.0
2022-02-01,2022,2,February,Antioquia,7.0,39.9,0.4,14.0,1.5,22.9,6.3,66.0
2022-03-01,2022,3,March,Antioquia,7.0,39.9,0.4,14.0,1.5,22.9,6.3,66.0
2022-04-01,2022,4,April,Antioquia,7.0,39.9,0.4,14.0,1.5,22.9,6.3,66.0
2022-05-01,2022,5,May,Antioquia,7.0,39.9,0.4,14.0,1.5,22.9,6.3,66.0
2022-06-01,2022,6,June,Antioquia,7.0,39.9,0.4,14.0,1.5,22.9,6.3,66.0
2022-07-01,2022,7,July,Antioquia,7.0,39.9,0.4,14.0,1.5,22.9,6.3,66.0
2022-08-01,2022,8,August,Antioquia,7.0,39.9,0.4,14.0,1.5,22.9,6.3,66.0
2022-09-01,2022,9,September,Antioquia,7.0,39.9,0.4,14.0,1.5,22.9,6.3,66.0
2022-10-01,2022,10,October,Antioquia,7.0,39.9,0.4,14.0,1.5,22.9,6.3,66.0
2022-11-01,2022,11,November,Antioquia,7.0,39.9,0.4,14.0,1.5,22.9,6.3,66.0
2022-12-01,2022,12,December,Antioquia,7.0,39.9,0.4,14.0,1.5,22.9,6.3,66.0
2023-01-01,2023,1,January,Antioquia,7.2,38.8,1.6,15.1,2.1,21.8,5.6,65.0
2023-02-01,2023,2,February,Antioquia,7.2,38.8,1.6,15.1,2.1,21.8,5.6,65.0
2023-03-01,2023,3,March,Antioquia,7.2,38.8,1.6,15.1,2.1,21.8,5.6,65.0
2023-04-01,2023,4,April,Antioquia,7.2,38.8,1.6,15.1,2.1,21.8,5.6,65.0
2023-05-01,2023,5,May,Antioquia,7.2,38.8,1.6,15.1,2.1,21.8,5.6,65.0
2023-06-01,2023,6,June,Antioquia,7.2,38.8,1.6,15.1,2.1,21.8,5.6,65.0
2023-07-01,2023,7,July,Antioquia,7.2,38.8,1.6,15.1,2.1,21.8,5.6,65.0
2023-08-01,2023,8,August,Antioquia,7.2,38.8,1.6,15.1,2.1,21.8,5.6,65.0
2023-09-01,2023,9,September,Antioquia,7.2,38.8,1.6,15.1,2.1,21.8,5.6,65.0
2023-10-01,2023,10,October,Antioquia,7.2,38.8,1.6,15.1,2.1,21.8,5.6,65.0
2023-11-01,2023,11,November,Antioquia,7.2,38.8,1.6,15.1,2.1,21.8,5.6,65.0
2023-12-01,2023,12,December,Antioquia,7.2,38.8,1.6,15.1,2.1,21.8,5.6,65.0
2024-01-01,2024,1,January,Antioquia,6.7,36.9,3.9,13.3,1.4,19.6,6.4,60.6
2024-02-01,2024,2,February,Antioquia,6.7,36.9,3.9,13.3,1.4,19.6,6.4,60.6
2024-03-01,2024,3,March,Antioquia,6.7,36.9,3.9,13.3,1.4,19.6,6.4,60.6
2024-04-01,2024,4,April,Antioquia,6.7,36.9,3.9,13.3,1.4,19.6,6.4,60.6
2024-05-01,2024,5,May,Antioquia,6.7,36.9,3.9,13.3,1.4,19.6,6.4,60.6
2024-06-01,2024,6,June,Antioquia,6.7,36.9,3.9,13.3,1.4,19.6,6.4,60.6
2024-07-01,2024,7,July,Antioquia,6.7,36.9,3.9,13.3,1.4,19.6,6.4,60.6
2024-08-01,2024,8,August,Antioquia,6.7,36.9,3.9,13.3,1.4,19.6,6.4,60.6
2024-09-01,2024,9,September,Antioquia,6.7,36.9,3.9,13.3,1.4,19.6,6.4,60.6
2024-10-01,2024,10,October,Antioquia,6.7,36.9,3.9,13.3,1.4,19.6,6.4,60.6
2024-11-01,2024,11,November,Antioquia,6.7,36.9,3.9,13.3,1.4,19.6,6.4,60.6
2024-12-01,2024,12,December,Antioquia,6.7,36.9,3.9,13.3,1.4,19.6,6.4,60.6
2022-01-01,2022,1,January,Arauca,7.6,60.4,0.2,13.7,3.9,24.3,15.4,93.4
2022-02-01,2022,2,February,Arauca,7.6,60.4,0.2,13.7,3.9,24.3,15.4,93.4
2022-03-01,2022,3,March,Arauca,7.6,60.4,0.2,13.7,3.9,24.3,15.4,93.4
2022-04-01,2022,4,April,Arauca,7.6,60.4,0.2,13.7,3.9,24.3,15.4,93.4
2022-05-01,2022,5,May,Arauca,7.6,60.4,0.2,13.7,3.9,24.3,15.4,93.4
2022-06-01,2022,6,June,Arauca,7.6,60.4,0.2,13.7,3.9,24.3,15.4,93.4
2022-07-01,2022,7,July,Arauca,7.6,60.4,0.2,13.7,3.9,24.3,15.4,93.4
2022-08-01,2022,8,August,Arauca,7.6,60.4,0.2,13.7,3.9,24.3,15.4,93.4
2022-09-01,2022,9,September,Arauca,7.6,60.4,0.2,13.7,3.9,24.3,15.4,93.4
2022-10-01,2022,10,October,Arauca,7.6,60.4,0.2,13.7,3.9,24.3,15.4,93.4
2022-11-01,2022,11,November,Arauca,7.6,60.4,0.2,13.7,3.9,24.3,15.4,93.4
2022-12-01,2022,12,December,Arauca,7.6,60.4,0.2,13.7,3.9,24.3,15.4,93.4
2023-01-01,2023,1,January,Arauca,9.4,56.3,4.5,13.7,4.8,25.1,16.7,93.2
2023-02-01,2023,2,February,Arauca,9.4,56.3,4.5,13.7,4.8,25.1,16.7,93.2
2023-03-01,2023,3,March,Arauca,9.4,56.3,4.5,13.7,4.8,25.1,16.7,93.2
2023-04-01,2023,4,April,Arauca,9.4,56.3,4.5,13.7,4.8,25.1,16.7,93.2
2023-05-01,2023,5,May,Arauca,9.4,56.3,4.5,13.7,4.8,25.1,16.7,93.2
2023-06-01,2023,6,June,Arauca,9.4,56.3,4.5,13.7,4.8,25.1,16.7,93.2
2023-07-01,2023,7,July,Arauca,9.4,56.3,4.5,13.7,4.8,25.1,16.7,93.2
2023-08-01,2023,8,August,Arauca,9.4,56.3,4.5,13.7,4.8,25.1,16.7,93.2
2023-09-01,2023,9,September,Arauca,9.4,56.3,4.5,13.7,4.8,25.1,16.7,93.2
2023-10-01,2023,10,October,Arauca,9.4,56.3,4.5,13.7,4.8,25.1,16.7,93.2
2023-11-01,2023,11,November,Arauca,9.4,56.3,4.5,13.7,4.8,25.1,16.7,93.2
2023-12-01,2023,12,December,Arauca,9.4,56.3,4.5,13.7,4.8,25.1,16.7,93.2
2024-01-01,2024,1,January,Arauca,7.7,52.0,0.9,19.2,4.4,22.2,11.4,92.8
2024-02-01,2024,2,February,Arauca,7.7,52.0,0.9,19.2,4.4,22.2,11.4,92.8
2024-03-01,2024,3,March,Arauca,7.7,52.0,0.9,19.2,4.4,22.2,11.4,92.8
2024-04-01,2024,4,April,Arauca,7.7,52.0,0.9,19.2,4.4,22.2,11.4,92.8
2024-05-01,2024,5,May,Arauca,7.7,52.0,0.9,19.2,4.4,22.2,11.4,92.8
2024-06-01,2024,6,June,Arauca,7.7,52.0,0.9,19.2,4.4,22.2,11.4,92.8
2024-07-01,2024,7,July,Arauca,7.7,52.0,0.9,19.2,4.4,22.2,11.4,92.8
2024-08-01,2024,8,August,Arauca,7.7,52.0,0.9,19.2,4.4,22.2,11.4,92.8
2024-09-01,2024,9,September,Arauca,7.7,52.0,0.9,19.2,4.4,22.2,11.4,92.8
2024-10-01,2024,10,October,Arauca,7.7,52.0,0.9,19.2,4.4,22.2,11.4,92.8
2024-11-01,2024,11,November,Arauca,7.7,52.0,0.9,19.2,4.4,22.2,11.4,92.8
2024-12-01,2024,12,December,Arauca,7.7,52.0,0.9,19.2,4.4,22.2,11.4,92.8
2022-01-01,2022,1,January,Atlántico,7.0,28.1,1.5,11.2,1.8,30.2,9.1,75.9
2022-02-01,2022,2,February,Atlántico,7.0,28.1,1.5,11.2,1.8,30.2,9.1,75.9
2022-03-01,2022,3,March,Atlántico,7.0,28.1,1.5,11.2,1.8,30.2,9.1,75.9
2022-04-01,2022,4,April,Atlántico,7.0,28.1,1.5,11.2,1.8,30.2,9.1,75.9
2022-05-01,2022,5,May,Atlántico,7.0,28.1,1.5,11.2,1.8,30.2,9.1,75.9
2022-06-01,2022,6,June,Atlántico,7.0,28.1,1.5,11.2,1.8,30.2,9.1,75.9
2022-07-01,2022,7,July,Atlántico,7.0,28.1,1.5,11.2,1.8,30.2,9.1,75.9
2022-08-01,2022,8,August,Atlántico,7.0,28.1,1.5,11.2,1.8,30.2,9.1,75.9
2022-09-01,2022,9,September,Atlántico,7.0,28.1,1.5,11.2,1.8,30.2,9.1,75.9
2022-10-01,2022,10,October,Atlántico,7.0,28.1,1.5,11.2,1.8,30.2,9.1,75.9
2022-11-01,2022,11,November,Atlántico,7.0,28.1,1.5,11.2,1.8,30.2,9.1,75.9
2022-12-01,2022,12,December,Atlántico,7.0,28.1,1.5,11.2,1.8,30.2,9.1,75.9
2023-01-01,2023,1,January,Atlántico,7.5,27.7,1.4,11.7,3.1,31.1,7.3,72.4
2023-02-01,2023,2,February,Atlántico,7.5,27.7,1.4,11.7,3.1,31.1,7.3,72.4
2023-03-01,2023,3,March,Atlántico,7.5,27.7,1.4,11.7,3.1,31.1,7.3,72.4
2023-04-01,2023,4,April,Atlántico,7.5,27.7,1.4,11.7,3.1,31.1,7.3,72.4
2023-05-01,2023,5,May,Atlántico,7.5,27.7,1.4,11.7,3.1,31.1,7.3,72.4
2023-06-01,2023,6,June,Atlántico,7.5,27.7,1.4,11.7,3.1,31.1,7.3,72.4
2023-07-01,2023,7,July,Atlántico,7.5,27.7,1.4,11.7,3.1,31.1,7.3,72.4
2023-08-01,2023,8,August,Atlántico,7.5,27.7,1.4,11.7,3.1,31.1,7.3,72.4
2023-09-01,2023,9,September,Atlántico,7.5,27.7,1.4,11.7,3.1,31.1,7.3,72.4
2023-10-01,2023,10,October,Atlántico,7.5,27.7,1.4,11.7,3.1,31.1,7.3,72.4
2023-11-01,2023,11,November,Atlántico,7.5,27.7,1.4,11.7,3.1,31.1,7.3,72.4
2023-12-01,2023,12,December,Atlántico,7.5,27.7,1.4,11.7,3.1,31.1,7.3,72.4
2024-01-01,2024,1,January,Atlántico,8.0,28.7,2.8,11.6,1.8,28.2,7.2,77.5
2024-02-01,2024,2,February,Atlántico,8.0,28.7,2.8,11.6,1.8,28.2,7.2,77.5
2024-03-01,2024,3,March,Atlántico,8.0,28.7,2.8,11.6,1.8,28.2,7.2,77.5
2024-04-01,2024,4,April,Atlántico,8.0,28.7,2.8,11.6,1.8,28.2,7.2,77.5
2024-05-01,2024,5,May,Atlántico,8.0,28.7,2.8,11.6,1.8,28.2,7.2,77.5
2024-06-01,2024,6,June,Atlántico,8.0,28.7,2.8,11.6,1.8,28.2,7.2,77.5
2024-07-01,2024,7,July,Atlántico,8.0,28.7,2.8,11.6,1.8,28.2,7.2,77.5
2024-08-01,2024,8,August,Atlántico,8.0,28.7,2.8,11.6,1.8,28.2,7.2,77.5
2024-09-01,2024,9,September,Atlántico,8.0,28.7,2.8,11.6,1.8,28.2,7.2,77.5
2024-10-01,2024,10,October,Atlántico,8.0,28.7,2.8,11.6,1.8,28.2,7.2,77.5
2024-11-01,2024,11,November,Atlántico,8.0,28.7,2.8,11.6,1.8,28.2,7.2,77.5
2024-12-01,2024,12,December,Atlántico,8.0,28.7,2.8,11.6,1.8,28.2,7.2,77.5
2022-01-01,2022,1,January,Bogotá,1.8,21.7,4.3,12.1,1.3,18.8,13.1,54.2
2022-02-01,2022,2,February,Bogotá,1.8,21.7,4.3,12.1,1.3,18.8,13.1,54.2
2022-03-01,2022,3,March,Bogotá,1.8,21.7,4.3,12.1,1.3,18.8,13.1,54.2
2022-04-01,2022,4,April,Bogotá,1.8,21.7,4.3,12.1,1.3,18.8,13.1,54.2
2022-05-01,2022,5,May,Bogotá,1.8,21.7,4.3,12.1,1.3,18.8,13.1,54.2
2022-06-01,2022,6,June,Bogotá,1.8,21.7,4.3,12.1,1.3,18.8,13.1,54.2
2022-07-01,2022,7,July,Bogotá,1.8,21.7,4.3,12.1,1.3,18.8,13.1,54.2
2022-08-01,2022,8,August,Bogotá,1.8,21.7,4.3,12.1,1.3,18.8,13.1,54.2
2022-09-01,2022,9,September,Bogotá,1.8,21.7,4.3,12.1,1.3,18.8,13.1,54.2
2022-10-01,2022,10,October,Bogotá,1.8,21.7,4.3,12.1,1.3,18.8,13.1,54.2
2022-11-01,2022,11,November,Bogotá,1.8,21.7,4.3,12.1,1.3,18.8,13.1,54.2
2022-12-01,2022,12,December,Bogotá,1.8,21.7,4.3,12.1,1.3,18.8,13.1,54.2
2023-01-01,2023,1,January,Bogotá,1.9,20.6,1.5,14.7,1.4,19.9,9.2,53.3
2023-02-01,2023,2,February,Bogotá,1.9,20.6,1.5,14.7,1.4,19.9,9.2,53.3
2023-03-01,2023,3,March,Bogotá,1.9,20.6,1.5,14.7,1.4,19.9,9.2,53.3
2023-04-01,2023,4,April,Bogotá,1.9,20.6,1.5,14.7,1.4,19.9,9.2,53.3
2023-05-01,2023,5,May,Bogotá,1.9,20.6,1.5,14.7,1.4,19.9,9.2,53.3
2023-06-01,2023,6,June,Bogotá,1.9,20.6,1.5,14.7,1.4,19.9,9.2,53.3
2023-07-01,2023,7,July,Bogotá,1.9,20.6,1.5,14.7,1.4,19.9,9.2,53.3
2023-08-01,2023,8,August,Bogotá,1.9,20.6,1.5,14.7,1.4,19.9,9.2,53.3
2023-09-01,2023,9,September,Bogotá,1.9,20.6,1.5,14.7,1.4,19.9,9.2,53.3
2023-10-01,2023,10,October,Bogotá,1.9,20.6,1.5,14.7,1.4,19.9,9.2,53.3
2023-11-01,2023,11,November,Bogotá,1.9,20.6,1.5,14.7,1.4,19.9,9.2,53.3
2023-12-01,2023,12,December,Bogotá,1.9,20.6,1.5,14.7,1.4,19.9,9.2,53.3
2024-01-01,2024,1,January,Bogotá,1.5,19.3,4.3,13.9,0.6,17.5,8.4,51.3
2024-02-01,2024,2,February,Bogotá,1.5,19.3,4.3,13.9,0.6,17.5,8.4,51.3
2024-03-01,2024,3,March,Bogotá,1.5,19.3,4.3,13.9,0.6,17.5,8.4,51.3
2024-04-01,2024,4,April,Bogotá,1.5,19.3,4.3,13.9,0.6,17.5,8.4,51.3
2024-05-01,2024,5,May,Bogotá,1.5,19.3,4.3,13.9,0.6,17.5,8.4,51.3
2024-06-01,2024,6,June,Bogotá,1.5,19.3,4.3,13.9,0.6,17.5,8.4,51.3
2024-07-01,2024,7,July,Bogotá,1.5,19.3,4.3,13.9,0.6,17.5,8.4,51.3
2024-08-01,2024,8,August,Bogotá,1.5,19.3,4.3,13.9,0.6,17.5,8.4,51.3
2024-09-01,2024,9,September,Bogotá,1.5,19.3,4.3,13.9,0.6,17.5,8.4,51.3
2024-10-01,2024,10,October,Bogotá,1.5,19.3,4.3,13.9,0.6,17.5,8.4,51.3
2024-11-01,2024,11,November,Bogotá,1.5,19.3,4.3,13.9,0.6,17.5,8.4,51.3
2024-12-01,2024,12,December,Bogotá,1.5,19.3,4.3,13.9,0.6,17.5,8.4,51.3
2022-01-01,2022,1,January,Bolívar,12.4,45.8,0.3,12.1,3.0,28.9,5.5,83.7
2022-02-01,2022,2,February,Bolívar,12.4,45.8,0.3,12.1,3.0,28.9,5.5,83.7
2022-03-01,2022,3,March,Bolívar,12.4,45.8,0.3,12.1,3.0,28.9,5.5,83.7
2022-04-01,2022,4,April,Bolívar,12.4,45.8,0.3,12.1,3.0,28.9,5.5,83.7
2022-05-01,2022,5,May,Bolívar,12.4,45.8,0.3,12.1,3.0,28.9,5.5,83.7
2022-06-01,2022,6,June,Bolívar,12.4,45.8,0.3,12.1,3.0,28.9,5.5,83.7
2022-07-01,2022,7,July,Bolívar,12.4,45.8,0.3,12.1,3.0,28.9,5.5,83.7
2022-08-01,2022,8,August,Bolívar,12.4,45.8,0.3,12.1,3.0,28.9,5.5,83.7
2022-09-01,2022,9,September,Bolívar,12.4,45.8,0.3,12.1,3.0,28.9,5.5,83.7
2022-10-01,2022,10,October,Bolívar,12.4,45.8,0.3,12.1,3.0,28.9,5.5,83.7
2022-11-01,2022,11,November,Bolívar,12.4,45.8,0.3,12.1,3.0,28.9,5.5,83.7
2022-12-01,2022,12,December,Bolívar,12.4,45.8,0.3,12.1,3.0,28.9,5.5,83.7
2023-01-01,2023,1,January,Bolívar,12.7,42.8,1.7,10.2,2.6,28.4,5.3,82.9
2023-02-01,2023,2,February,Bolívar,12.7,42.8,1.7,10.2,2.6,28.4,5.3,82.9
2023-03-01,2023,3,March,Bolívar,12.7,42.8,1.7,10.2,2.6,28.4,5.3,82.9
2023-04-01,2023,4,April,Bolívar,12.7,42.8,1.7,10.2,2.6,28.4,5.3,82.9
2023-05-01,2023,5,May,Bolívar,12.7,42.8,1.7,10.2,2.6,28.4,5.3,82.9
2023-06-01,2023,6,June,Bolívar,12.7,42.8,1.7,10.2,2.6,28.4,5.3,82.9
2023-07-01,2023,7,July,Bolívar,12.7,42.8,1.7,10.2,2.6,28.4,5.3,82.9
2023-08-01,2023,8,August,Bolívar,12.7,42.8,1.7,10.2,2.6,28.4,5.3,82.9
2023-09-01,2023,9,September,Bolívar,12.7,42.8,1.7,10.2,2.6,28.4,5.3,82.9
2023-10-01,2023,10,October,Bolívar,12.7,42.8,1.7,10.2,2.6,28.4,5.3,82.9
2023-11-01,2023,11,November,Bolívar,12.7,42.8,1.7,10.2,2.6,28.4,5.3,82.9
2023-12-01,2023,12,December,Bolívar,12.7,42.8,1.7,10.2,2.6,28.4,5.3,82.9
2024-01-01,2024,1,January,Bolívar,9.9,42.9,1.8,10.2,2.3,26.1,2.6,84.6
2024-02-01,2024,2,February,Bolívar,9.9,42.9,1.8,10.2,2.3,26.1,2.6,84.6
2024-03-01,2024,3,March,Bolívar,9.9,42.9,1.8,10.2,2.3,26.1,2.6,84.6
2024-04-01,2024,4,April,Bolívar,9.9,42.9,1.8,10.2,2.3,26.1,2.6,84.6
2024-05-01,2024,5,May,Bolívar,9.9,42.9,1.8,10.2,2.3,26.1,2.6,84.6
2024-06-01,2024,6,June,Bolívar,9.9,42.9,1.8,10.2,2.3,26.1,2.6,84.6
2024-07-01,2024,7,July,Bolívar,9.9,42.9,1.8,10.2,2.3,26.1,2.6,84.6
2024-08-01,2024,8,August,Bolívar,9.9,42.9,1.8,10.2,2.3,26.1,2.6,84.6
2024-09-01,2024,9,September,Bolívar,9.9,42.9,1.8,10.2,2.3,26.1,2.6,84.6
2024-10-01,2024,10,October,Bolívar,9.9,42.9,1.8,10.2,2.3,26.1,2.6,84.6
2024-11-01,2024,11,November,Bolívar,9.9,42.9,1.8,10.2,2.3,26.1,2.6,84.6
2024-12-01,2024,12,December,Bolívar,9.9,42.9,1.8,10.2,2.3,26.1,2.6,84.6
2022-01-01,2022,1,January,Boyacá,6.3,48.3,2.0,16.0,2.0,23.0,5.2,77.5
2022-02-01,2022,2,February,Boyacá,6.3,48.3,2.0,16.0,2.0,23.0,5.2,77.5
2022-03-01,2022,3,March,Boyacá,6.3,48.3,2.0,16.0,2.0,23.0,5.2,77.5
2022-04-01,2022,4,April,Boyacá,6.3,48.3,2.0,16.0,2.0,23.0,5.2,77.5
2022-05-01,2022,5,May,Boyacá,6.3,48.3,2.0,16.0,2.0,23.0,5.2,77.5
2022-06-01,2022,6,June,Boyacá,6.3,48.3,2.0,16.0,2.0,23.0,5.2,77.5
2022-07-01,2022,7,July,Boyacá,6.3,48.3,2.0,16.0,2.0,23.0,5.2,77.5
2022-08-01,2022,8,August,Boyacá,6.3,48.3,2.0,16.0,2.0,23.0,5.2,77.5
2022-09-01,2022,9,September,Boyacá,6.3,48.3,2.0,16.0,2.0,23.0,5.2,77.5
2022-10-01,2022,10,October,Boyacá,6.3,48.3,2.0,16.0,2.0,23.0,5.2,77.5
2022-11-01,2022,11,November,Boyacá,6.3,48.3,2.0,16.0,2.0,23.0,5.2,77.5
2022-12-01,2022,12,December,Boyacá,6.3,48.3,2.0,16.0,2.0,23.0,5.2,77.5
2023-01-01,2023,1,January,Boyacá,6.0,47.7,2.3,15.7,1.9,24.9,4.5,77.5
2023-02-01,2023,2,February,Boyacá,6.0,47.7,2.3,15.7,1.9,24.9,4.5,77.5
2023-03-01,2023,3,March,Boyacá,6.0,47.7,2.3,15.7,1.9,24.9,4.5,77.5
2023-04-01,2023,4,April,Boyacá,6.0,47.7,2.3,15.7,1.9,24.9,4.5,77.5
2023-05-01,2023,5,May,Boyacá,6.0,47.7,2.3,15.7,1.9,24.9,4.5,77.5
2023-06-01,2023,6,June,Boyacá,6.0,47.7,2.3,15.7,1.9,24.9,4.5,77.5
2023-07-01,2023,7,July,Boyacá,6.0,47.7,2.3,15.7,1.9,24.9,4.5,77.5
2023-08-01,2023,8,August,Boyacá,6.0,47.7,2.3,15.7,1.9,24.9,4.5,77.5
2023-09-01,2023,9,September,Boyacá,6.0,47.7,2.3,15.7,1.9,24.9,4.5,77.5
2023-10-01,2023,10,October,Boyacá,6.0,47.7,2.3,15.7,1.9,24.9,4.5,77.5
2023-11-01,2023,11,November,Boyacá,6.0,47.7,2.3,15.7,1.9,24.9,4.5,77.5
2023-12-01,2023,12,December,Boyacá,6.0,47.7,2.3,15.7,1.9,24.9,4.5,77.5
2024-01-01,2024,1,January,Boyacá,6.1,45.2,3.1,15.1,1.3,22.2,3.1,74.3
2024-02-01,2024,2,February,Boyacá,6.1,45.2,3.1,15.1,1.3,22.2,3.1,74.3
2024-03-01,2024,3,March,Boyacá,6.1,45.2,3.1,15.1,1.3,22.2,3.1,74.3
2024-04-01,2024,4,April,Boyacá,6.1,45.2,3.1,15.1,1.3,22.2,3.1,74.3
2024-05-01,2024,5,May,Boyacá,6.1,45.2,3.1,15.1,1.3,22.2,3.1,74.3
2024-06-01,2024,6,June,Boyacá,6.1,45.2,3.1,15.1,1.3,22.2,3.1,74.3
2024-07-01,2024,7,July,Boyacá,6.1,45.2,3.1,15.1,1.3,22.2,3.1,74.3
2024-08-01,2024,8,August,Boyacá,6.1,45.2,3.1,15.1,1.3,22.2,3.1,74.3
2024-09-01,2024,9,September,Boyacá,6.1,45.2,3.1,15.1,1.3,22.2,3.1,74.3
2024-10-01,2024,10,October,Boyacá,6.1,45.2,3.1,15.1,1.3,22.2,3.1,74.3
2024-11-01,2024,11,November,Boyacá,6.1,45.2,3.1,15.1,1.3,22.2,3.1,74.3
2024-12-01,2024,12,December,Boyacá,6.1,45.2,3.1,15.1,1.3,22.2,3.1,74.3
2022-01-01,2022,1,January,Caldas,7.4,45.8,1.5,18.2,1.3,20.7,6.3,68.4
2022-02-01,2022,2,February,Caldas,7.4,45.8,1.5,18.2,1.3,20.7,6.3,68.4
2022-03-01,2022,3,March,Caldas,7.4,45.8,1.5,18.2,1.3,20.7,6.3,68.4
2022-04-01,2022,4,April,Caldas,7.4,45.8,1.5,18.2,1.3,20.7,6.3,68.4
2022-05-01,2022,5,May,Caldas,7.4,45.8,1.5,18.2,1.3,20.7,6.3,68.4
2022-06-01,2022,6,June,Caldas,7.4,45.8,1.5,18.2,1.3,20.7,6.3,68.4
2022-07-01,2022,7,July,Caldas,7.4,45.8,1.5,18.2,1.3,20.7,6.3,68.4
2022-08-01,2022,8,August,Caldas,7.4,45.8,1.5,18.2,1.3,20.7,6.3,68.4
2022-09-01,2022,9,September,Caldas,7.4,45.8,1.5,18.2,1.3,20.7,6.3,68.4
2022-10-01,2022,10,October,Caldas,7.4,45.8,1.5,18.2,1.3,20.7,6.3,68.4
2022-11-01,2022,11,November,Caldas,7.4,45.8,1.5,18.2,1.3,20.7,6.3,68.4
2022-12-01,2022,12,December,Caldas,7.4,45.8,1.5,18.2,1.3,20.7,6.3,68.4
2023-01-01,2023,1,January,Caldas,6.2,45.1,2.2,17.7,0.8,20.9,4.7,66.2
2023-02-01,2023,2,February,Caldas,6.2,45.1,2.2,17.7,0.8,20.9,4.7,66.2
2023-03-01,2023,3,March,Caldas,6.2,45.1,2.2,17.7,0.8,20.9,4.7,66.2
2023-04-01,2023,4,April,Caldas,6.2,45.1,2.2,17.7,0.8,20.9,4.7,66.2
2023-05-01,2023,5,May,Caldas,6.2,45.1,2.2,17.7,0.8,20.9,4.7,66.2
2023-06-01,2023,6,June,Caldas,6.2,45.1,2.2,17.7,0.8,20.9,4.7,66.2
2023-07-01,2023,7,July,Caldas,6.2,45.1,2.2,17.7,0.8,20.9,4.7,66.2
2023-08-01,2023,8,August,Caldas,6.2,45.1,2.2,17.7,0.8,20.9,4.7,66.2
2023-09-01,2023,9,September,Caldas,6.2,45.1,2.2,17.7,0.8,20.9,4.7,66.2
2023-10-01,2023,10,October,Caldas,6.2,45.1,2.2,17.7,0.8,20.9,4.7,66.2
2023-11-01,2023,11,November,Caldas,6.2,45.1,2.2,17.7,0.8,20.9,4.7,66.2
2023-12-01,2023,12,December,Caldas,6.2,45.1,2.2,17.7,0.8,20.9,4.7,66.2
2024-01-01,2024,1,January,Caldas,7.0,42.8,0.8,17.4,1.7,20.3,3.5,61.1
2024-02-01,2024,2,February,Caldas,7.0,42.8,0.8,17.4,1.7,20.3,3.5,61.1
2024-03-01,2024,3,March,Caldas,7.0,42.8,0.8,17.4,1.7,20.3,3.5,61.1
2024-04-01,2024,4,April,Caldas,7.0,42.8,0.8,17.4,1.7,20.3,3.5,61.1
2024-05-01,2024,5,May,Caldas,7.0,42.8,0.8,17.4,1.7,20.3,3.5,61.1
2024-06-01,2024,6,June,Caldas,7.0,42.8,0.8,17.4,1.7,20.3,3.5,61.1
2024-07-01,2024,7,July,Caldas,7.0,42.8,0.8,17.4,1.7,20.3,3.5,61.1
2024-08-01,2024,8,August,Caldas,7.0,42.8,0.8,17.4,1.7,20.3,3.5,61.1
2024-09-01,2024,9,September,Caldas,7.0,42.8,0.8,17.4,1.7,20.3,3.5,61.1
2024-10-01,2024,10,October,Caldas,7.0,42.8,0.8,17.4,1.7,20.3,3.5,61.1
2024-11-01,2024,11,November,Caldas,7.0,42.8,0.8,17.4,1.7,20.3,3.5,61.1
2024-12-01,2024,12,December,Caldas,7.0,42.8,0.8,17.4,1.7,20.3,3.5,61.1
2022-01-01,2022,1,January,Caquetá,11.1,58.0,1.7,11.4,4.7,30.6,6.3,89.2
2022-02-01,2022,2,February,Caquetá,11.1,58.0,1.7,11.4,4.7,30.6,6.3,89.2
2022-03-01,2022,3,March,Caquetá,11.1,58.0,1.7,11.4,4.7,30.6,6.3,89.2
2022-04-01,2022,4,April,Caquetá,11.1,58.0,1.7,11.4,4.7,30.6,6.3,89.2
2022-05-01,2022,5,May,Caquetá,11.1,58.0,1.7,11.4,4.7,30.6,6.3,89.2
2022-06-01,2022,6,June,Caquetá,11.1,58.0,1.7,11.4,4.7,30.6,6.3,89.2
2022-07-01,2022,7,July,Caquetá,11.1,58.0,1.7,11.4,4.7,30.6,6.3,89.2
2022-08-01,2022,8,August,Caquetá,11.1,58.0,1.7,11.4,4.7,30.6,6.3,89.2
2022-09-01,2022,9,September,Caquetá,11.1,58.0,1.7,11.4,4.7,30.6,6.3,89.2
2022-10-01,2022,10,October,Caquetá,11.1,58.0,1.7,11.4,4.7,30.6,6.3,89.2
2022-11-01,2022,11,November,Caquetá,11.1,58.0,1.7,11.4,4.7,30.6,6.3,89.2
2022-12-01,2022,12,December,Caquetá,11.1,58.0,1.7,11.4,4.7,30.6,6.3,89.2
2023-01-01,2023,1,January,Caquetá,9.0,55.4,0.8,13.4,7.2,29.4,5.0,87.2
2023-02-01,2023,2,February,Caquetá,9.0,55.4,0.8,13.4,7.2,29.4,5.0,87.2
2023-03-01,2023,3,March,Caquetá,9.0,55.4,0.8,13.4,7.2,29.4,5.0,87.2
2023-04-01,2023,4,April,Caquetá,9.0,55.4,0.8,13.4,7.2,29.4,5.0,87.2
2023-05-01,2023,5,May,Caquetá,9.0,55.4,0.8,13.4,7.2,29.4,5.0,87.2
2023-06-01,2023,6,June,Caquetá,9.0,55.4,0.8,13.4,7.2,29.4,5.0,87.2
2023-07-01,2023,7,July,Caquetá,9.0,55.4,0.8,13.4,7.2,29.4,5.0,87.2
2023-08-01,2023,8,August,Caquetá,9.0,55.4,0.8,13.4,7.2,29.4,5.0,87.2
2023-09-01,2023,9,September,Caquetá,9.0,55.4,0.8,13.4,7.2,29.4,5.0,87.2
2023-10-01,2023,10,October,Caquetá,9.0,55.4,0.8,13.4,7.2,29.4,5.0,87.2
2023-11-01,2023,11,November,Caquetá,9.0,55.4,0.8,13.4,7.2,29.4,5.0,87.2
2023-12-01,2023,12,December,Caquetá,9.0,55.4,0.8,13.4,7.2,29.4,5.0,87.2
2024-01-01,2024,1,January,Caquetá,6.3,54.2,0.2,11.0,5.5,30.1,1.4,87.4
2024-02-01,2024,2,February,Caquetá,6.3,54.2,0.2,11.0,5.5,30.1,1.4,87.4
2024-03-01,2024,3,March,Caquetá,6.3,54.2,0.2,11.0,5.5,30.1,1.4,87.4
2024-04-01,2024,4,April,Caquetá,6.3,54.2,0.2,11.0,5.5,30.1,1.4,87.4
2024-05-01,2024,5,May,Caquetá,6.3,54.2,0.2,11.0,5.5,30.1,1.4,87.4
2024-06-01,2024,6,June,Caquetá,6.3,54.2,0.2,11.0,5.5,30.1,1.4,87.4
2024-07-01,2024,7,July,Caquetá,6.3,54.2,0.2,11.0,5.5,30.1,1.4,87.4
2024-08-01,2024,8,August,Caquetá,6.3,54.2,0.2,11.0,5.5,30.1,1.4,87.4
2024-09-01,2024,9,September,Caquetá,6.3,54.2,0.2,11.0,5.5,30.1,1.4,87.4
2024-10-01,2024,10,October,Caquetá,6.3,54.2,0.2,11.0,5.5,30.1,1.4,87.4
2024-11-01,2024,11,November,Caquetá,6.3,54.2,0.2,11.0,5.5,30.1,1.4,87.4
2024-12-01,2024,12,December,Caquetá,6.3,54.2,0.2,11.0,5.5,30.1,1.4,87.4
2022-01-01,2022,1,January,Casanare,5.5,45.8,1.1,11.9,3.3,26.8,8.7,80.0
2022-02-01,2022,2,February,Casanare,5.5,45.8,1.1,11.9,3.3,26.8,8.7,80.0
2022-03-01,2022,3,March,Casanare,5.5,45.8,1.1,11.9,3.3,26.8,8.7,80.0
2022-04-01,2022,4,April,Casanare,5.5,45.8,1.1,11.9,3.3,26.8,8.7,80.0
2022-05-01,2022,5,May,Casanare,5.5,45.8,1.1,11.9,3.3,26.8,8.7,80.0
2022-06-01,2022,6,June,Casanare,5.5,45.8,1.1,11.9,3.3,26.8,8.7,80.0
2022-07-01,2022,7,July,Casanare,5.5,45.8,1.1,11.9,3.3,26.8,8.7,80.0
2022-08-01,2022,8,August,Casanare,5.5,45.8,1.1,11.9,3.3,26.8,8.7,80.0
2022-09-01,2022,9,September,Casanare,5.5,45.8,1.1,11.9,3.3,26.8,8.7,80.0
2022-10-01,2022,10,October,Casanare,5.5,45.8,1.1,11.9,3.3,26.8,8.7,80.0
2022-11-01,2022,11,November,Casanare,5.5,45.8,1.1,11.9,3.3,26.8,8.7,80.0
2022-12-01,2022,12,December,Casanare,5.5,45.8,1.1,11.9,3.3,26.8,8.7,80.0
2023-01-01,2023,1,January,Casanare,6.1,46.3,2.2,10.0,4.1,26.0,9.2,81.1
2023-02-01,2023,2,February,Casanare,6.1,46.3,2.2,10.0,4.1,26.0,9.2,81.1
2023-03-01,2023,3,March,Casanare,6.1,46.3,2.2,10.0,4.1,26.0,9.2,81.1
2023-04-01,2023,4,April,Casanare,6.1,46.3,2.2,10.0,4.1,26.0,9.2,81.1
2023-05-01,2023,5,May,Casanare,6.1,46.3,2.2,10.0,4.1,26.0,9.2,81.1
2023-06-01,2023,6,June,Casanare,6.1,46.3,2.2,10.0,4.1,26.0,9.2,81.1
2023-07-01,2023,7,July,Casanare,6.1,46.3,2.2,10.0,4.1,26.0,9.2,81.1
2023-08-01,2023,8,August,Casanare,6.1,46.3,2.2,10.0,4.1,26.0,9.2,81.1
2023-09-01,2023,9,September,Casanare,6.1,46.3,2.2,10.0,4.1,26.0,9.2,81.1
2023-10-01,2023,10,October,Casanare,6.1,46.3,2.2,10.0,4.1,26.0,9.2,81.1
2023-11-01,2023,11,November,Casanare,6.1,46.3,2.2,10.0,4.1,26.0,9.2,81.1
2023-12-01,2023,12,December,Casanare,6.1,46.3,2.2,10.0,4.1,26.0,9.2,81.1
2024-01-01,2024,1,January,Casanare,5.4,46.5,1.4,8.8,2.8,23.6,7.0,79.1
2024-02-01,2024,2,February,Casanare,5.4,46.5,1.4,8.8,2.8,23.6,7.0,79.1
2024-03-01,2024,3,March,Casanare,5.4,46.5,1.4,8.8,2.8,23.6,7.0,79.1
2024-04-01,2024,4,April,Casanare,5.4,46.5,1.4,8.8,2.8,23.6,7.0,79.1
2024-05-01,2024,5,May,Casanare,5.4,46.5,1.4,8.8,2.8,23.6,7.0,79.1
2024-06-01,2024,6,June,Casanare,5.4,46.5,1.4,8.8,2.8,23.6,7.0,79.1
2024-07-01,2024,7,July,Casanare,5.4,46.5,1.4,8.8,2.8,23.6,7.0,79.1
2024-08-01,2024,8,August,Casanare,5.4,46.5,1.4,8.8,2.8,23.6,7.0,79.1
2024-09-01,2024,9,September,Casanare,5.4,46.5,1.4,8.8,2.8,23.6,7.0,79.1
2024-10-01,2024,10,October,Casanare,5.4,46.5,1.4,8.8,2.8,23.6,7.0,79.1
2024-11-01,2024,11,November,Casanare,5.4,46.5,1.4,8.8,2.8,23.6,7.0,79.1
2024-12-01,2024,12,December,Casanare,5.4,46.5,1.4,8.8,2.8,23.6,7.0,79.1
2022-01-01,2022,1,January,Cauca,9.5,59.9,3.1,14.7,2.8,22.5,5.3,88.9
2022-02-01,2022,2,February,Cauca,9.5,59.9,3.1,14.7,2.8,22.5,5.3,88.9
2022-03-01,2022,3,March,Cauca,9.5,59.9,3.1,14.7,2.8,22.5,5.3,88.9
2022-04-01,2022,4,April,Cauca,9.5,59.9,3.1,14.7,2.8,22.5,5.3,88.9
2022-05-01,2022,5,May,Cauca,9.5,59.9,3.1,14.7,2.8,22.5,5.3,88.9
2022-06-01,2022,6,June,Cauca,9.5,59.9,3.1,14.7,2.8,22.5,5.3,88.9
2022-07-01,2022,7,July,Cauca,9.5,59.9,3.1,14.7,2.8,22.5,5.3,88.9
2022-08-01,2022,8,August,Cauca,9.5,59.9,3.1,14.7,2.8,22.5,5.3,88.9
2022-09-01,2022,9,September,Cauca,9.5,59.9,3.1,14.7,2.8,22.5,5.3,88.9
2022-10-01,2022,10,October,Cauca,9.5,59.9,3.1,14.7,2.8,22.5,5.3,88.9
2022-11-01,2022,11,November,Cauca,9.5,59.9,3.1,14.7,2.8,22.5,5.3,88.9
2022-12-01,2022,12,December,Cauca,9.5,59.9,3.1,14.7,2.8,22.5,5.3,88.9
2023-01-01,2023,1,January,Cauca,11.3,57.5,1.3,14.6,3.2,23.2,3.0,86.1
2023-02-01,2023,2,February,Cauca,11.3,57.5,1.3,14.6,3.2,23.2,3.0,86.1
2023-03-01,2023,3,March,Cauca,11.3,57.5,1.3,14.6,3.2,23.2,3.0,86.1
2023-04-01,2023,4,April,Cauca,11.3,57.5,1.3,14.6,3.2,23.2,3.0,86.1
2023-05-01,2023,5,May,Cauca,11.3,57.5,1.3,14.6,3.2,23.2,3.0,86.1
2023-06-01,2023,6,June,Cauca,11.3,57.5,1.3,14.6,3.2,23.2,3.0,86.1
2023-07-01,2023,7,July,Cauca,11.3,57.5,1.3,14.6,3.2,23.2,3.0,86.1
2023-08-01,2023,8,August,Cauca,11.3,57.5,1.3,14.6,3.2,23.2,3.0,86.1
2023-09-01,2023,9,September,Cauca,11.3,57.5,1.3,14.6,3.2,23.2,3.0,86.1
2023-10-01,2023,10,October,Cauca,11.3,57.5,1.3,14.6,3.2,23.2,3.0,86.1
2023-11-01,2023,11,November,Cauca,11.3,57.5,1.3,14.6,3.2,23.2,3.0,86.1
2023-12-01,2023,12,December,Cauca,11.3,57.5,1.3,14.6,3.2,23.2,3.0,86.1
2024-01-01,2024,1,January,Cauca,7.2,53.5,4.9,12.1,2.9,18.3,2.3,86.3
2024-02-01,2024,2,February,Cauca,7.2,53.5,4.9,12.1,2.9,18.3,2.3,86.3
2024-03-01,2024,3,March,Cauca,7.2,53.5,4.9,12.1,2.9,18.3,2.3,86.3
2024-04-01,2024,4,April,Cauca,7.2,53.5,4.9,12.1,2.9,18.3,2.3,86.3
2024-05-01,2024,5,May,Cauca,7.2,53.5,4.9,12.1,2.9,18.3,2.3,86.3
2024-06-01,2024,6,June,Cauca,7.2,53.5,4.9,12.1,2.9,18.3,2.3,86.3
2024-07-01,2024,7,July,Cauca,7.2,53.5,4.9,12.1,2.9,18.3,2.3,86.3
2024-08-01,2024,8,August,Cauca,7.2,53.5,4.9,12.1,2.9,18.3,2.3,86.3
2024-09-01,2024,9,September,Cauca,7.2,53.5,4.9,12.1,2.9,18.3,2.3,86.3
2024-10-01,2024,10,October,Cauca,7.2,53.5,4.9,12.1,2.9,18.3,2.3,86.3
2024-11-01,2024,11,November,Cauca,7.2,53.5,4.9,12.1,2.9,18.3,2.3,86.3
2024-12-01,2024,12,December,Cauca,7.2,53.5,4.9,12.1,2.9,18.3,2.3,86.3
2022-01-01,2022,1,January,Cesar,14.0,45.5,0.4,9.9,4.4,32.9,9.8,84.6
2022-02-01,2022,2,February,Cesar,14.0,45.5,0.4,9.9,4.4,32.9,9.8,84.6
2022-03-01,2022,3,March,Cesar,14.0,45.5,0.4,9.9,4.4,32.9,9.8,84.6
2022-04-01,2022,4,April,Cesar,14.0,45.5,0.4,9.9,4.4,32.9,9.8,84.6
2022-05-01,2022,5,May,Cesar,14.0,45.5,0.4,9.9,4.4,32.9,9.8,84.6
2022-06-01,2022,6,June,Cesar,14.0,45.5,0.4,9.9,4.4,32.9,9.8,84.6
2022-07-01,2022,7,July,Cesar,14.0,45.5,0.4,9.9,4.4,32.9,9.8,84.6
2022-08-01,2022,8,August,Cesar,14.0,45.5,0.4,9.9,4.4,32.9,9.8,84.6
2022-09-01,2022,9,September,Cesar,14.0,45.5,0.4,9.9,4.4,32.9,9.8,84.6
2022-10-01,2022,10,October,Cesar,14.0,45.5,0.4,9.9,4.4,32.9,9.8,84.6
2022-11-01,2022,11,November,Cesar,14.0,45.5,0.4,9.9,4.4,32.9,9.8,84.6
2022-12-01,2022,12,December,Cesar,14.0,45.5,0.4,9.9,4.4,32.9,9.8,84.6
2023-01-01,2023,1,January,Cesar,12.5,45.6,0.4,12.1,2.8,31.9,5.6,84.7
2023-02-01,2023,2,February,Cesar,12.5,45.6,0.4,12.1,2.8,31.9,5.6,84.7
2023-03-01,2023,3,March,Cesar,12.5,45.6,0.4,12.1,2.8,31.9,5.6,84.7
2023-04-01,2023,4,April,Cesar,12.5,45.6,0.4,12.1,2.8,31.9,5.6,84.7
2023-05-01,2023,5,May,Cesar,12.5,45.6,0.4,12.1,2.8,31.9,5.6,84.7
2023-06-01,2023,6,June,Cesar,12.5,45.6,0.4,12.1,2.8,31.9,5.6,84.7
2023-07-01,2023,7,July,Cesar,12.5,45.6,0.4,12.1,2.8,31.9,5.6,84.7
2023-08-01,2023,8,August,Cesar,12.5,45.6,0.4,12.1,2.8,31.9,5.6,84.7
2023-09-01,2023,9,September,Cesar,12.5,45.6,0.4,12.1,2.8,31.9,5.6,84.7
2023-10-01,2023,10,October,Cesar,12.5,45.6,0.4,12.1,2.8,31.9,5.6,84.7
2023-11-01,2023,11,November,Cesar,12.5,45.6,0.4,12.1,2.8,31.9,5.6,84.7
2023-12-01,2023,12,December,Cesar,12.5,45.6,0.4,12.1,2.8,31.9,5.6,84.7
2024-01-01,2024,1,January,Cesar,9.1,42.6,1.2,11.4,2.9,29.3,4.8,85.5
2024-02-01,2024,2,February,Cesar,9.1,42.6,1.2,11.4,2.9,29.3,4.8,85.5
2024-03-01,2024,3,March,Cesar,9.1,42.6,1.2,11.4,2.9,29.3,4.8,85.5
2024-04-01,2024,4,April,Cesar,9.1,42.6,1.2,11.4,2.9,29.3,4.8,85.5
2024-05-01,2024,5,May,Cesar,9.1,42.6,1.2,11.4,2.9,29.3,4.8,85.5
2024-06-01,2024,6,June,Cesar,9.1,42.6,1.2,11.4,2.9,29.3,4.8,85.5
2024-07-01,2024,7,July,Cesar,9.1,42.6,1.2,11.4,2.9,29.3,4.8,85.5
2024-08-01,2024,8,August,Cesar,9.1,42.6,1.2,11.4,2.9,29.3,4.8,85.5
2024-09-01,2024,9,September,Cesar,9.1,42.6,1.2,11.4,2.9,29.3,4.8,85.5
2024-10-01,2024,10,October,Cesar,9.1,42.6,1.2,11.4,2.9,29.3,4.8,85.5
2024-11-01,2024,11,November,Cesar,9.1,42.6,1.2,11.4,2.9,29.3,4.8,85.5
2024-12-01,2024,12,December,Cesar,9.1,42.6,1.2,11.4,2.9,29.3,4.8,85.5
2022-01-01,2022,1,January,Chocó,21.9,58.9,2.2,19.4,4.0,35.8,3.5,92.1
2022-02-01,2022,2,February,Chocó,21.9,58.9,2.2,19.4,4.0,35.8,3.5,92.1
2022-03-01,2022,3,March,Chocó,21.9,58.9,2.2,19.4,4.0,35.8,3.5,92.1
2022-04-01,2022,4,April,Chocó,21.9,58.9,2.2,19.4,4.0,35.8,3.5,92.1
2022-05-01,2022,5,May,Chocó,21.9,58.9,2.2,19.4,4.0,35.8,3.5,92.1
2022-06-01,2022,6,June,Chocó,21.9,58.9,2.2,19.4,4.0,35.8,3.5,92.1
2022-07-01,2022,7,July,Chocó,21.9,58.9,2.2,19.4,4.0,35.8,3.5,92.1
2022-08-01,2022,8,August,Chocó,21.9,58.9,2.2,19.4,4.0,35.8,3.5,92.1
2022-09-01,2022,9,September,Chocó,21.9,58.9,2.2,19.4,4.0,35.8,3.5,92.1
2022-10-01,2022,10,October,Chocó,21.9,58.9,2.2,19.4,4.0,35.8,3.5,92.1
2022-11-01,2022,11,November,Chocó,21.9,58.9,2.2,19.4,4.0,35.8,3.5,92.1
2022-12-01,2022,12,December,Chocó,21.9,58.9,2.2,19.4,4.0,35.8,3.5,92.1
2023-01-01,2023,1,January,Chocó,23.3,57.0,0.7,19.7,4.1,33.8,2.6,94.2
2023-02-01,2023,2,February,Chocó,23.3,57.0,0.7,19.7,4.1,33.8,2.6,94.2
2023-03-01,2023,3,March,Chocó,23.3,57.0,0.7,19.7,4.1,33.8,2.6,94.2
2023-04-01,2023,4,April,Chocó,23.3,57.0,0.7,19.7,4.1,33.8,2.6,94.2
2023-05-01,2023,5,May,Chocó,23.3,57.0,0.7,19.7,4.1,33.8,2.6,94.2
2023-06-01,2023,6,June,Chocó,23.3,57.0,0.7,19.7,4.1,33.8,2.6,94.2
2023-07-01,2023,7,July,Chocó,23.3,57.0,0.7,19.7,4.1,33.8,2.6,94.2
2023-08-01,2023,8,August,Chocó,23.3,57.0,0.7,19.7,4.1,33.8,2.6,94.2
2023-09-01,2023,9,September,Chocó,23.3,57.0,0.7,19.7,4.1,33.8,2.6,94.2
2023-10-01,2023,10,October,Chocó,23.3,57.0,0.7,19.7,4.1,33.8,2.6,94.2
2023-11-01,2023,11,November,Chocó,23.3,57.0,0.7,19.7,4.1,33.8,2.6,94.2
2023-12-01,2023,12,December,Chocó,23.3,57.0,0.7,19.7,4.1,33.8,2.6,94.2
2024-01-01,2024,1,January,Chocó,23.2,54.7,0.6,21.3,3.4,29.8,0.8,91.1
2024-02-01,2024,2,February,Chocó,23.2,54.7,0.6,21.3,3.4,29.8,0.8,91.1
2024-03-01,2024,3,March,Chocó,23.2,54.7,0.6,21.3,3.4,29.8,0.8,91.1
2024-04-01,2024,4,April,Chocó,23.2,54.7,0.6,21.3,3.4,29.8,0.8,91.1
2024-05-01,2024,5,May,Chocó,23.2,54.7,0.6,21.3,3.4,29.8,0.8,91.1
2024-06-01,2024,6,June,Chocó,23.2,54.7,0.6,21.3,3.4,29.8,0.8,91.1
2024-07-01,2024,7,July,Chocó,23.2,54.7,0.6,21.3,3.4,29.8,0.8,91.1
2024-08-01,2024,8,August,Chocó,23.2,54.7,0.6,21.3,3.4,29.8,0.8,91.1
2024-09-01,2024,9,September,Chocó,23.2,54.7,0.6,21.3,3.4,29.8,0.8,91.1
2024-10-01,2024,10,October,Chocó,23.2,54.7,0.6,21.3,3.4,29.8,0.8,91.1
2024-11-01,2024,11,November,Chocó,23.2,54.7,0.6,21.3,3.4,29.8,0.8,91.1
2024-12-01,2024,12,December,Chocó,23.2,54.7,0.6,21.3,3.4,29.8,0.8,91.1
2022-01-01,2022,1,January,Cundinamarca,4.2,38.1,2.3,15.4,2.0,24.1,8.9,67.0
2022-02-01,2022,2,February,Cundinamarca,4.2,38.1,2.3,15.4,2.0,24.1,8.9,67.0
2022-03-01,2022,3,March,Cundinamarca,4.2,38.1,2.3,15.4,2.0,24.1,8.9,67.0
2022-04-01,2022,4,April,Cundinamarca,4.2,38.1,2.3,15.4,2.0,24.1,8.9,67.0
2022-05-01,2022,5,May,Cundinamarca,4.2,38.1,2.3,15.4,2.0,24.1,8.9,67.0
2022-06-01,2022,6,June,Cundinamarca,4.2,38.1,2.3,15.4,2.0,24.1,8.9,67.0
2022-07-01,2022,7,July,Cundinamarca,4.2,38.1,2.3,15.4,2.0,24.1,8.9,67.0
2022-08-01,2022,8,August,Cundinamarca,4.2,38.1,2.3,15.4,2.0,24.1,8.9,67.0
2022-09-01,2022,9,September,Cundinamarca,4.2,38.1,2.3,15.4,2.0,24.1,8.9,67.0
2022-10-01,2022,10,October,Cundinamarca,4.2,38.1,2.3,15.4,2.0,24.1,8.9,67.0
2022-11-01,2022,11,November,Cundinamarca,4.2,38.1,2.3,15.4,2.0,24.1,8.9,67.0
2022-12-01,2022,12,December,Cundinamarca,4.2,38.1,2.3,15.4,2.0,24.1,8.9,67.0
2023-01-01,2023,1,January,Cundinamarca,3.7,36.1,2.3,13.3,2.2,24.8,8.8,66.9
2023-02-01,2023,2,February,Cundinamarca,3.7,36.1,2.3,13.3,2.2,24.8,8.8,66.9
2023-03-01,2023,3,March,Cundinamarca,3.7,36.1,2.3,13.3,2.2,24.8,8.8,66.9
2023-04-01,2023,4,April,Cundinamarca,3.7,36.1,2.3,13.3,2.2,24.8,8.8,66.9
2023-05-01,2023,5,May,Cundinamarca,3.7,36.1,2.3,13.3,2.2,24.8,8.8,66.9
2023-06-01,2023,6,June,Cundinamarca,3.7,36.1,2.3,13.3,2.2,24.8,8.8,66.9
2023-07-01,2023,7,July,Cundinamarca,3.7,36.1,2.3,13.3,2.2,24.8,8.8,66.9
2023-08-01,2023,8,August,Cundinamarca,3.7,36.1,2.3,13.3,2.2,24.8,8.8,66.9
2023-09-01,2023,9,September,Cundinamarca,3.7,36.1,2.3,13.3,2.2,24.8,8.8,66.9
2023-10-01,2023,10,October,Cundinamarca,3.7,36.1,2.3,13.3,2.2,24.8,8.8,66.9
2023-11-01,2023,11,November,Cundinamarca,3.7,36.1,2.3,13.3,2.2,24.8,8.8,66.9
2023-12-01,2023,12,December,Cundinamarca,3.7,36.1,2.3,13.3,2.2,24.8,8.8,66.9
2024-01-01,2024,1,January,Cundinamarca,5.2,38.7,1.8,12.5,1.9,22.0,7.8,67.5
2024-02-01,2024,2,February,Cundinamarca,5.2,38.7,1.8,12.5,1.9,22.0,7.8,67.5
2024-03-01,2024,3,March,Cundinamarca,5.2,38.7,1.8,12.5,1.9,22.0,7.8,67.5
2024-04-01,2024,4,April,Cundinamarca,5.2,38.7,1.8,12.5,1.9,22.0,7.8,67.5
2024-05-01,2024,5,May,Cundinamarca,5.2,38.7,1.8,12.5,1.9,22.0,7.8,67.5
2024-06-01,2024,6,June,Cundinamarca,5.2,38.7,1.8,12.5,1.9,22.0,7.8,67.5
2024-07-01,2024,7,July,Cundinamarca,5.2,38.7,1.8,12.5,1.9,22.0,7.8,67.5
2024-08-01,2024,8,August,Cundinamarca,5.2,38.7,1.8,12.5,1.9,22.0,7.8,67.5
2024-09-01,2024,9,September,Cundinamarca,5.2,38.7,1.8,12.5,1.9,22.0,7.8,67.5
2024-10-01,2024,10,October,Cundinamarca,5.2,38.7,1.8,12.5,1.9,22.0,7.8,67.5
2024-11-01,2024,11,November,Cundinamarca,5.2,38.7,1.8,12.5,1.9,22.0,7.8,67.5
2024-12-01,2024,12,December,Cundinamarca,5.2,38.7,1.8,12.5,1.9,22.0,7.8,67.5
2022-01-01,2022,1,January,Córdoba,18.1,55.6,1.3,16.2,2.0,26.5,3.1,89.8
2022-02-01,2022,2,February,Córdoba,18.1,55.6,1.3,16.2,2.0,26.5,3.1,89.8
2022-03-01,2022,3,March,Córdoba,18.1,55.6,1.3,16.2,2.0,26.5,3.1,89.8
2022-04-01,2022,4,April,Córdoba,18.1,55.6,1.3,16.2,2.0,26.5,3.1,89.8
2022-05-01,2022,5,May,Córdoba,18.1,55.6,1.3,16.2,2.0,26.5,3.1,89.8
2022-06-01,2022,6,June,Córdoba,18.1,55.6,1.3,16.2,2.0,26.5,3.1,89.8
2022-07-01,2022,7,July,Córdoba,18.1,55.6,1.3,16.2,2.0,26.5,3.1,89.8
2022-08-01,2022,8,August,Córdoba,18.1,55.6,1.3,16.2,2.0,26.5,3.1,89.8
2022-09-01,2022,9,September,Córdoba,18.1,55.6,1.3,16.2,2.0,26.5,3.1,89.8
2022-10-01,2022,10,October,Córdoba,18.1,55.6,1.3,16.2,2.0,26.5,3.1,89.8
2022-11-01,2022,11,November,Córdoba,18.1,55.6,1.3,16.2,2.0,26.5,3.1,89.8
2022-12-01,2022,12,December,Córdoba,18.1,55.6,1.3,16.2,2.0,26.5,3.1,89.8
2023-01-01,2023,1,January,Córdoba,16.0,51.6,1.7,13.8,1.9,25.8,1.8,89.2
2023-02-01,2023,2,February,Córdoba,16.0,51.6,1.7,13.8,1.9,25.8,1.8,89.2
2023-03-01,2023,3,March,Córdoba,16.0,51.6,1.7,13.8,1.9,25.8,1.8,89.2
2023-04-01,2023,4,April,Córdoba,16.0,51.6,1.7,13.8,1.9,25.8,1.8,89.2
2023-05-01,2023,5,May,Córdoba,16.0,51.6,1.7,13.8,1.9,25.8,1.8,89.2
2023-06-01,2023,6,June,Córdoba,16.0,51.6,1.7,13.8,1.9,25.8,1.8,89.2
2023-07-01,2023,7,July,Córdoba,16.0,51.6,1.7,13.8,1.9,25.8,1.8,89.2
2023-08-01,2023,8,August,Córdoba,16.0,51.6,1.7,13.8,1.9,25.8,1.8,89.2
2023-09-01,2023,9,September,Córdoba,16.0,51.6,1.7,13.8,1.9,25.8,1.8,89.2
2023-10-01,2023,10,October,Córdoba,16.0,51.6,1.7,13.8,1.9,25.8,1.8,89.2
2023-11-01,2023,11,November,Córdoba,16.0,51.6,1.7,13.8,1.9,25.8,1.8,89.2
2023-12-01,2023,12,December,Córdoba,16.0,51.6,1.7,13.8,1.9,25.8,1.8,89.2
2024-01-01,2024,1,January,Córdoba,18.1,51.0,3.3,16.0,2.5,22.5,2.0,87.7
2024-02-01,2024,2,February,Córdoba,18.1,51.0,3.3,16.0,2.5,22.5,2.0,87.7
2024-03-01,2024,3,March,Córdoba,18.1,51.0,3.3,16.0,2.5,22.5,2.0,87.7
2024-04-01,2024,4,April,Córdoba,18.1,51.0,3.3,16.0,2.5,22.5,2.0,87.7
2024-05-01,2024,5,May,Córdoba,18.1,51.0,3.3,16.0,2.5,22.5,2.0,87.7
2024-06-01,2024,6,June,Córdoba,18.1,51.0,3.3,16.0,2.5,22.5,2.0,87.7
2024-07-01,2024,7,July,Córdoba,18.1,51.0,3.3,16.0,2.5,22.5,2.0,87.7
2024-08-01,2024,8,August,Córdoba,18.1,51.0,3.3,16.0,2.5,22.5,2.0,87.7
2024-09-01,2024,9,September,Córdoba,18.1,51.0,3.3,16.0,2.5,22.5,2.0,87.7
2024-10-01,2024,10,October,Córdoba,18.1,51.0,3.3,16.0,2.5,22.5,2.0,87.7
2024-11-01,2024,11,November,Córdoba,18.1,51.0,3.3,16.0,2.5,22.5,2.0,87.7
2024-12-01,2024,12,December,Córdoba,18.1,51.0,3.3,16.0,2.5,22.5,2.0,87.7
2022-01-01,2022,1,January,Guainía,14.0,67.0,0.2,7.9,8.9,38.0,12.7,91.2
2022-02-01,2022,2,February,Guainía,14.0,67.0,0.2,7.9,8.9,38.0,12.7,91.2
2022-03-01,2022,3,March,Guainía,14.0,67.0,0.2,7.9,8.9,38.0,12.7,91.2
2022-04-01,2022,4,April,Guainía,14.0,67.0,0.2,7.9,8.9,38.0,12.7,91.2
2022-05-01,2022,5,May,Guainía,14.0,67.0,0.2,7.9,8.9,38.0,12.7,91.2
2022-06-01,2022,6,June,Guainía,14.0,67.0,0.2,7.9,8.9,38.0,12.7,91.2
2022-07-01,2022,7,July,Guainía,14.0,67.0,0.2,7.9,8.9,38.0,12.7,91.2
2022-08-01,2022,8,August,Guainía,14.0,67.0,0.2,7.9,8.9,38.0,12.7,91.2
2022-09-01,2022,9,September,Guainía,14.0,67.0,0.2,7.9,8.9,38.0,12.7,91.2
2022-10-01,2022,10,October,Guainía,14.0,67.0,0.2,7.9,8.9,38.0,12.7,91.2
2022-11-01,2022,11,November,Guainía,14.0,67.0,0.2,7.9,8.9,38.0,12.7,91.2
2022-12-01,2022,12,December,Guainía,14.0,67.0,0.2,7.9,8.9,38.0,12.7,91.2
2023-01-01,2023,1,January,Guainía,17.4,64.3,3.8,10.7,7.1,37.8,13.0,89.1
2023-02-01,2023,2,February,Guainía,17.4,64.3,3.8,10.7,7.1,37.8,13.0,89.1
2023-03-01,2023,3,March,Guainía,17.4,64.3,3.8,10.7,7.1,37.8,13.0,89.1
2023-04-01,2023,4,April,Guainía,17.4,64.3,3.8,10.7,7.1,37.8,13.0,89.1
2023-05-01,2023,5,May,Guainía,17.4,64.3,3.8,10.7,7.1,37.8,13.0,89.1
2023-06-01,2023,6,June,Guainía,17.4,64.3,3.8,10.7,7.1,37.8,13.0,89.1
2023-07-01,2023,7,July,Guainía,17.4,64.3,3.8,10.7,7.1,37.8,13.0,89.1
2023-08-01,2023,8,August,Guainía,17.4,64.3,3.8,10.7,7.1,37.8,13.0,89.1
2023-09-01,2023,9,September,Guainía,17.4,64.3,3.8,10.7,7.1,37.8,13.0,89.1
2023-10-01,2023,10,October,Guainía,17.4,64.3,3.8,10.7,7.1,37.8,13.0,89.1
2023-11-01,2023,11,November,Guainía,17.4,64.3,3.8,10.7,7.1,37.8,13.0,89.1
2023-12-01,2023,12,December,Guainía,17.4,64.3,3.8,10.7,7.1,37.8,13.0,89.1
2024-01-01,2024,1,January,Guainía,17.9,65.5,3.8,8.9,5.7,34.4,14.0,89.6
2024-02-01,2024,2,February,Guainía,17.9,65.5,3.8,8.9,5.7,34.4,14.0,89.6
2024-03-01,2024,3,March,Guainía,17.9,65.5,3.8,8.9,5.7,34.4,14.0,89.6
2024-04-01,2024,4,April,Guainía,17.9,65.5,3.8,8.9,5.7,34.4,14.0,89.6
2024-05-01,2024,5,May,Guainía,17.9,65.5,3.8,8.9,5.7,34.4,14.0,89.6
2024-06-01,2024,6,June,Guainía,17.9,65.5,3.8,8.9,5.7,34.4,14.0,89.6
2024-07-01,2024,7,July,Guainía,17.9,65.5,3.8,8.9,5.7,34.4,14.0,89.6
2024-08-01,2024,8,August,Guainía,17.9,65.5,3.8,8.9,5.7,34.4,14.0,89.6
2024-09-01,2024,9,September,Guainía,17.9,65.5,3.8,8.9,5.7,34.4,14.0,89.6
2024-10-01,2024,10,October,Guainía,17.9,65.5,3.8,8.9,5.7,34.4,14.0,89.6
2024-11-01,2024,11,November,Guainía,17.9,65.5,3.8,8.9,5.7,34.4,14.0,89.6
2024-12-01,2024,12,December,Guainía,17.9,65.5,3.8,8.9,5.7,34.4,14.0,89.6
2022-01-01,2022,1,January,Guaviare,10.0,57.7,5.5,9.9,4.5,26.8,13.2,86.5
2022-02-01,2022,2,February,Guaviare,10.0,57.7,5.5,9.9,4.5,26.8,13.2,86.5
2022-03-01,2022,3,March,Guaviare,10.0,57.7,5.5,9.9,4.5,26.8,13.2,86.5
2022-04-01,2022,4,April,Guaviare,10.0,57.7,5.5,9.9,4.5,26.8,13.2,86.5
2022-05-01,2022,5,May,Guaviare,10.0,57.7,5.5,9.9,4.5,26.8,13.2,86.5
2022-06-01,2022,6,June,Guaviare,10.0,57.7,5.5,9.9,4.5,26.8,13.2,86.5
2022-07-01,2022,7,July,Guaviare,10.0,57.7,5.5,9.9,4.5,26.8,13.2,86.5
2022-08-01,2022,8,August,Guaviare,10.0,57.7,5.5,9.9,4.5,26.8,13.2,86.5
2022-09-01,2022,9,September,Guaviare,10.0,57.7,5.5,9.9,4.5,26.8,13.2,86.5
2022-10-01,2022,10,October,Guaviare,10.0,57.7,5.5,9.9,4.5,26.8,13.2,86.5
2022-11-01,2022,11,November,Guaviare,10.0,57.7,5.5,9.9,4.5,26.8,13.2,86.5
2022-12-01,2022,12,December,Guaviare,10.0,57.7,5.5,9.9,4.5,26.8,13.2,86.5
2023-01-01,2023,1,January,Guaviare,8.5,55.4,6.2,8.9,6.0,32.2,12.0,83.9
2023-02-01,2023,2,February,Guaviare,8.5,55.4,6.2,8.9,6.0,32.2,12.0,83.9
2023-03-01,2023,3,March,Guaviare,8.5,55.4,6.2,8.9,6.0,32.2,12.0,83.9
2023-04-01,2023,4,April,Guaviare,8.5,55.4,6.2,8.9,6.0,32.2,12.0,83.9
2023-05-01,2023,5,May,Guaviare,8.5,55.4,6.2,8.9,6.0,32.2,12.0,83.9
2023-06-01,2023,6,June,Guaviare,8.5,55.4,6.2,8.9,6.0,32.2,12.0,83.9
2023-07-01,2023,7,July,Guaviare,8.5,55.4,6.2,8.9,6.0,32.2,12.0,83.9
2023-08-01,2023,8,August,Guaviare,8.5,55.4,6.2,8.9,6.0,32.2,12.0,83.9
2023-09-01,2023,9,September,Guaviare,8.5,55.4,6.2,8.9,6.0,32.2,12.0,83.9
2023-10-01,2023,10,October,Guaviare,8.5,55.4,6.2,8.9,6.0,32.2,12.0,83.9
2023-11-01,2023,11,November,Guaviare,8.5,55.4,6.2,8.9,6.0,32.2,12.0,83.9
2023-12-01,2023,12,December,Guaviare,8.5,55.4,6.2,8.9,6.0,32.2,12.0,83.9
2024-01-01,2024,1,January,Guaviare,8.6,54.7,6.1,8.7,4.8,24.5,8.8,84.2
2024-02-01,2024,2,February,Guaviare,8.6,54.7,6.1,8.7,4.8,24.5,8.8,84.2
2024-03-01,2024,3,March,Guaviare,8.6,54.7,6.1,8.7,4.8,24.5,8.8,84.2
2024-04-01,2024,4,April,Guaviare,8.6,54.7,6.1,8.7,4.8,24.5,8.8,84.2
2024-05-01,2024,5,May,Guaviare,8.6,54.7,6.1,8.7,4.8,24.5,8.8,84.2
2024-06-01,2024,6,June,Guaviare,8.6,54.7,6.1,8.7,4.8,24.5,8.8,84.2
2024-07-01,2024,7,July,Guaviare,8.6,54.7,6.1,8.7,4.8,24.5,8.8,84.2
2024-08-01,2024,8,August,Guaviare,8.6,54.7,6.1,8.7,4.8,24.5,8.8,84.2
2024-09-01,2024,9,September,Guaviare,8.6,54.7,6.1,8.7,4.8,24.5,8.8,84.2
2024-10-01,2024,10,October,Guaviare,8.6,54.7,6.1,8.7,4.8,24.5,8.8,84.2
2024-11-01,2024,11,November,Guaviare,8.6,54.7,6.1,8.7,4.8,24.5,8.8,84.2
2024-12-01,2024,12,December,Guaviare,8.6,54.7,6.1,8.7,4.8,24.5,8.8,84.2
2022-01-01,2022,1,January,Huila,8.8,55.3,2.8,12.3,3.9,27.1,4.0,84.0
2022-02-01,2022,2,February,Huila,8.8,55.3,2.8,12.3,3.9,27.1,4.0,84.0
2022-03-01,2022,3,March,Huila,8.8,55.3,2.8,12.3,3.9,27.1,4.0,84.0
2022-04-01,2022,4,April,Huila,8.8,55.3,2.8,12.3,3.9,27.1,4.0,84.0
2022-05-01,2022,5,May,Huila,8.8,55.3,2.8,12.3,3.9,27.1,4.0,84.0
2022-06-01,2022,6,June,Huila,8.8,55.3,2.8,12.3,3.9,27.1,4.0,84.0
2022-07-01,2022,7,July,Huila,8.8,55.3,2.8,12.3,3.9,27.1,4.0,84.0
2022-08-01,2022,8,August,Huila,8.8,55.3,2.8,12.3,3.9,27.1,4.0,84.0
2022-09-01,2022,9,September,Huila,8.8,55.3,2.8,12.3,3.9,27.1,4.0,84.0
2022-10-01,2022,10,October,Huila,8.8,55.3,2.8,12.3,3.9,27.1,4.0,84.0
2022-11-01,2022,11,November,Huila,8.8,55.3,2.8,12.3,3.9,27.1,4.0,84.0
2022-12-01,2022,12,December,Huila,8.8,55.3,2.8,12.3,3.9,27.1,4.0,84.0
2023-01-01,2023,1,January,Huila,7.1,52.8,1.3,12.3,3.9,28.2,4.1,83.1
2023-02-01,2023,2,February,Huila,7.1,52.8,1.3,12.3,3.9,28.2,4.1,83.1
2023-03-01,2023,3,March,Huila,7.1,52.8,1.3,12.3,3.9,28.2,4.1,83.1
2023-04-01,2023,4,April,Huila,7.1,52.8,1.3,12.3,3.9,28.2,4.1,83.1
2023-05-01,2023,5,May,Huila,7.1,52.8,1.3,12.3,3.9,28.2,4.1,83.1
2023-06-01,2023,6,June,Huila,7.1,52.8,1.3,12.3,3.9,28.2,4.1,83.1
2023-07-01,2023,7,July,Huila,7.1,52.8,1.3,12.3,3.9,28.2,4.1,83.1
2023-08-01,2023,8,August,Huila,7.1,52.8,1.3,12.3,3.9,28.2,4.1,83.1
2023-09-01,2023,9,September,Huila,7.1,52.8,1.3,12.3,3.9,28.2,4.1,83.1
2023-10-01,2023,10,October,Huila,7.1,52.8,1.3,12.3,3.9,28.2,4.1,83.1
2023-11-01,2023,11,November,Huila,7.1,52.8,1.3,12.3,3.9,28.2,4.1,83.1
2023-12-01,2023,12,December,Huila,7.1,52.8,1.3,12.3,3.9,28.2,4.1,83.1
2024-01-01,2024,1,January,Huila,6.5,51.7,0.5,12.9,3.6,24.0,4.2,82.0
2024-02-01,2024,2,February,Huila,6.5,51.7,0.5,12.9,3.6,24.0,4.2,82.0
2024-03-01,2024,3,March,Huila,6.5,51.7,0.5,12.9,3.6,24.0,4.2,82.0
2024-04-01,2024,4,April,Huila,6.5,51.7,0.5,12.9,3.6,24.0,4.2,82.0
2024-05-01,2024,5,May,Huila,6.5,51.7,0.5,12.9,3.6,24.0,4.2,82.0
2024-06-01,2024,6,June,Huila,6.5,51.7,0.5,12.9,3.6,24.0,4.2,82.0
2024-07-01,2024,7,July,Huila,6.5,51.7,0.5,12.9,3.6,24.0,4.2,82.0
2024-08-01,2024,8,August,Huila,6.5,51.7,0.5,12.9,3.6,24.0,4.2,82.0
2024-09-01,2024,9,September,Huila,6.5,51.7,0.5,12.9,3.6,24.0,4.2,82.0
2024-10-01,2024,10,October,Huila,6.5,51.7,0.5,12.9,3.6,24.0,4.2,82.0
2024-11-01,2024,11,November,Huila,6.5,51.7,0.5,12.9,3.6,24.0,4.2,82.0
2024-12-01,2024,12,December,Huila,6.5,51.7,0.5,12.9,3.6,24.0,4.2,82.0
2022-01-01,2022,1,January,La Guajira,23.2,56.5,0.9,8.4,5.1,38.3,13.8,90.6
2022-02-01,2022,2,February,La Guajira,23.2,56.5,0.9,8.4,5.1,38.3,13.8,90.6
2022-03-01,2022,3,March,La Guajira,23.2,56.5,0.9,8.4,5.1,38.3,13.8,90.6
2022-04-01,2022,4,April,La Guajira,23.2,56.5,0.9,8.4,5.1,38.3,13.8,90.6
2022-05-01,2022,5,May,La Guajira,23.2,56.5,0.9,8.4,5.1,38.3,13.8,90.6
2022-06-01,2022,6,June,La Guajira,23.2,56.5,0.9,8.4,5.1,38.3,13.8,90.6
2022-07-01,2022,7,July,La Guajira,23.2,56.5,0.9,8.4,5.1,38.3,13.8,90.6
2022-08-01,2022,8,August,La Guajira,23.2,56.5,0.9,8.4,5.1,38.3,13.8,90.6
2022-09-01,2022,9,September,La Guajira,23.2,56.5,0.9,8.4,5.1,38.3,13.8,90.6
2022-10-01,2022,10,October,La Guajira,23.2,56.5,0.9,8.4,5.1,38.3,13.8,90.6
2022-11-01,2022,11,November,La Guajira,23.2,56.5,0.9,8.4,5.1,38.3,13.8,90.6
2022-12-01,2022,12,December,La Guajira,23.2,56.5,0.9,8.4,5.1,38.3,13.8,90.6
2023-01-01,2023,1,January,La Guajira,23.1,57.4,2.3,14.4,3.7,36.1,8.7,90.8
2023-02-01,2023,2,February,La Guajira,23.1,57.4,2.3,14.4,3.7,36.1,8.7,90.8
2023-03-01,2023,3,March,La Guajira,23.1,57.4,2.3,14.4,3.7,36.1,8.7,90.8
2023-04-01,2023,4,April,La Guajira,23.1,57.4,2.3,14.4,3.7,36.1,8.7,90.8
2023-05-01,2023,5,May,La Guajira,23.1,57.4,2.3,14.4,3.7,36.1,8.7,90.8
2023-06-01,2023,6,June,La Guajira,23.1,57.4,2.3,14.4,3.7,36.1,8.7,90.8
2023-07-01,2023,7,July,La Guajira,23.1,57.4,2.3,14.4,3.7,36.1,8.7,90.8
2023-08-01,2023,8,August,La Guajira,23.1,57.4,2.3,14.4,3.7,36.1,8.7,90.8
2023-09-01,2023,9,September,La Guajira,23.1,57.4,2.3,14.4,3.7,36.1,8.7,90.8
2023-10-01,2023,10,October,La Guajira,23.1,57.4,2.3,14.4,3.7,36.1,8.7,90.8
2023-11-01,2023,11,November,La Guajira,23.1,57.4,2.3,14.4,3.7,36.1,8.7,90.8
2023-12-01,2023,12,December,La Guajira,23.1,57.4,2.3,14.4,3.7,36.1,8.7,90.8
2024-01-01,2024,1,January,La Guajira,20.7,54.4,1.4,9.7,2.5,36.4,7.4,90.6
2024-02-01,2024,2,February,La Guajira,20.7,54.4,1.4,9.7,2.5,36.4,7.4,90.6
2024-03-01,2024,3,March,La Guajira,20.7,54.4,1.4,9.7,2.5,36.4,7.4,90.6
2024-04-01,2024,4,April,La Guajira,20.7,54.4,1.4,9.7,2.5,36.4,7.4,90.6
2024-05-01,2024,5,May,La Guajira,20.7,54.4,1.4,9.7,2.5,36.4,7.4,90.6
2024-06-01,2024,6,June,La Guajira,20.7,54.4,1.4,9.7,2.5,36.4,7.4,90.6
2024-07-01,2024,7,July,La Guajira,20.7,54.4,1.4,9.7,2.5,36.4,7.4,90.6
2024-08-01,2024,8,August,La Guajira,20.7,54.4,1.4,9.7,2.5,36.4,7.4,90.6
2024-09-01,2024,9,September,La Guajira,20.7,54.4,1.4,9.7,2.5,36.4,7.4,90.6
2024-10-01,2024,10,October,La Guajira,20.7,54.4,1.4,9.7,2.5,36.4,7.4,90.6
2024-11-01,2024,11,November,La Guajira,20.7,54.4,1.4,9.7,2.5,36.4,7.4,90.6
2024-12-01,2024,12,December,La Guajira,20.7,54.4,1.4,9.7,2.5,36.4,7.4,90.6
2022-01-01,2022,1,January,Magdalena,15.5,48.9,0.5,12.6,3.2,33.4,7.4,87.2
2022-02-01,2022,2,February,Magdalena,15.5,48.9,0.5,12.6,3.2,33.4,7.4,87.2
2022-03-01,2022,3,March,Magdalena,15.5,48.9,0.5,12.6,3.2,33.4,7.4,87.2
2022-04-01,2022,4,April,Magdalena,15.5,48.9,0.5,12.6,3.2,33.4,7.4,87.2
2022-05-01,2022,5,May,Magdalena,15.5,48.9,0.5,12.6,3.2,33.4,7.4,87.2
2022-06-01,2022,6,June,Magdalena,15.5,48.9,0.5,12.6,3.2,33.4,7.4,87.2
2022-07-01,2022,7,July,Magdalena,15.5,48.9,0.5,12.6,3.2,33.4,7.4,87.2
2022-08-01,2022,8,August,Magdalena,15.5,48.9,0.5,12.6,3.2,33.4,7.4,87.2
2022-09-01,2022,9,September,Magdalena,15.5,48.9,0.5,12.6,3.2,33.4,7.4,87.2
2022-10-01,2022,10,October,Magdalena,15.5,48.9,0.5,12.6,3.2,33.4,7.4,87.2
2022-11-01,2022,11,November,Magdalena,15.5,48.9,0.5,12.6,3.2,33.4,7.4,87.2
2022-12-01,2022,12,December,Magdalena,15.5,48.9,0.5,12.6,3.2,33.4,7.4,87.2
2023-01-01,2023,1,January,Magdalena,14.1,48.0,2.7,10.7,2.9,33.7,7.7,83.6
2023-02-01,2023,2,February,Magdalena,14.1,48.0,2.7,10.7,2.9,33.7,7.7,83.6
2023-03-01,2023,3,March,Magdalena,14.1,48.0,2.7,10.7,2.9,33.7,7.7,83.6
2023-04-01,2023,4,April,Magdalena,14.1,48.0,2.7,10.7,2.9,33.7,7.7,83.6
2023-05-01,2023,5,May,Magdalena,14.1,48.0,2.7,10.7,2.9,33.7,7.7,83.6
2023-06-01,2023,6,June,Magdalena,14.1,48.0,2.7,10.7,2.9,33.7,7.7,83.6
2023-07-01,2023,7,July,Magdalena,14.1,48.0,2.7,10.7,2.9,33.7,7.7,83.6
2023-08-01,2023,8,August,Magdalena,14.1,48.0,2.7,10.7,2.9,33.7,7.7,83.6
2023-09-01,2023,9,September,Magdalena,14.1,48.0,2.7,10.7,2.9,33.7,7.7,83.6
2023-10-01,2023,10,October,Magdalena,14.1,48.0,2.7,10.7,2.9,33.7,7.7,83.6
2023-11-01,2023,11,November,Magdalena,14.1,48.0,2.7,10.7,2.9,33.7,7.7,83.6
2023-12-01,2023,12,December,Magdalena,14.1,48.0,2.7,10.7,2.9,33.7,7.7,83.6
2024-01-01,2024,1,January,Magdalena,14.0,45.3,2.3,12.8,2.3,28.8,4.2,86.7
2024-02-01,2024,2,February,Magdalena,14.0,45.3,2.3,12.8,2.3,28.8,4.2,86.7
2024-03-01,2024,3,March,Magdalena,14.0,45.3,2.3,12.8,2.3,28.8,4.2,86.7
2024-04-01,2024,4,April,Magdalena,14.0,45.3,2.3,12.8,2.3,28.8,4.2,86.7
2024-05-01,2024,5,May,Magdalena,14.0,45.3,2.3,12.8,2.3,28.8,4.2,86.7
2024-06-01,2024,6,June,Magdalena,14.0,45.3,2.3,12.8,2.3,28.8,4.2,86.7
2024-07-01,2024,7,July,Magdalena,14.0,45.3,2.3,12.8,2.3,28.8,4.2,86.7
2024-08-01,2024,8,August,Magdalena,14.0,45.3,2.3,12.8,2.3,28.8,4.2,86.7
2024-09-01,2024,9,September,Magdalena,14.0,45.3,2.3,12.8,2.3,28.8,4.2,86.7
2024-10-01,2024,10,October,Magdalena,14.0,45.3,2.3,12.8,2.3,28.8,4.2,86.7
2024-11-01,2024,11,November,Magdalena,14.0,45.3,2.3,12.8,2.3,28.8,4.2,86.7
2024-12-01,2024,12,December,Magdalena,14.0,45.3,2.3,12.8,2.3,28.8,4.2,86.7
2022-01-01,2022,1,January,Meta,6.5,44.1,2.1,10.7,4.1,27.5,8.3,74.8
2022-02-01,2022,2,February,Meta,6.5,44.1,2.1,10.7,4.1,27.5,8.3,74.8
2022-03-01,2022,3,March,Meta,6.5,44.1,2.1,10.7,4.1,27.5,8.3,74.8
2022-04-01,2022,4,April,Meta,6.5,44.1,2.1,10.7,4.1,27.5,8.3,74.8
2022-05-01,2022,5,May,Meta,6.5,44.1,2.1,10.7,4.1,27.5,8.3,74.8
2022-06-01,2022,6,June,Meta,6.5,44.1,2.1,10.7,4.1,27.5,8.3,74.8
2022-07-01,2022,7,July,Meta,6.5,44.1,2.1,10.7,4.1,27.5,8.3,74.8
2022-08-01,2022,8,August,Meta,6.5,44.1,2.1,10.7,4.1,27.5,8.3,74.8
2022-09-01,2022,9,September,Meta,6.5,44.1,2.1,10.7,4.1,27.5,8.3,74.8
2022-10-01,2022,10,October,Meta,6.5,44.1,2.1,10.7,4.1,27.5,8.3,74.8
2022-11-01,2022,11,November,Meta,6.5,44.1,2.1,10.7,4.1,27.5,8.3,74.8
2022-12-01,2022,12,December,Meta,6.5,44.1,2.1,10.7,4.1,27.5,8.3,74.8
2023-01-01,2023,1,January,Meta,5.4,40.6,4.0,11.9,3.4,25.1,6.9,71.2
2023-02-01,2023,2,February,Meta,5.4,40.6,4.0,11.9,3.4,25.1,6.9,71.2
2023-03-01,2023,3,March,Meta,5.4,40.6,4.0,11.9,3.4,25.1,6.9,71.2
2023-04-01,2023,4,April,Meta,5.4,40.6,4.0,11.9,3.4,25.1,6.9,71.2
2023-05-01,2023,5,May,Meta,5.4,40.6,4.0,11.9,3.4,25.1,6.9,71.2
2023-06-01,2023,6,June,Meta,5.4,40.6,4.0,11.9,3.4,25.1,6.9,71.2
2023-07-01,2023,7,July,Meta,5.4,40.6,4.0,11.9,3.4,25.1,6.9,71.2
2023-08-01,2023,8,August,Meta,5.4,40.6,4.0,11.9,3.4,25.1,6.9,71.2
2023-09-01,2023,9,September,Meta,5.4,40.6,4.0,11.9,3.4,25.1,6.9,71.2
2023-10-01,2023,10,October,Meta,5.4,40.6,4.0,11.9,3.4,25.1,6.9,71.2
2023-11-01,2023,11,November,Meta,5.4,40.6,4.0,11.9,3.4,25.1,6.9,71.2
2023-12-01,2023,12,December,Meta,5.4,40.6,4.0,11.9,3.4,25.1,6.9,71.2
2024-01-01,2024,1,January,Meta,6.1,40.5,1.9,12.2,2.5,23.8,6.8,72.8
2024-02-01,2024,2,February,Meta,6.1,40.5,1.9,12.2,2.5,23.8,6.8,72.8
2024-03-01,2024,3,March,Meta,6.1,40.5,1.9,12.2,2.5,23.8,6.8,72.8
2024-04-01,2024,4,April,Meta,6.1,40.5,1.9,12.2,2.5,23.8,6.8,72.8
2024-05-01,2024,5,May,Meta,6.1,40.5,1.9,12.2,2.5,23.8,6.8,72.8
2024-06-01,2024,6,June,Meta,6.1,40.5,1.9,12.2,2.5,23.8,6.8,72.8
2024-07-01,2024,7,July,Meta,6.1,40.5,1.9,12.2,2.5,23.8,6.8,72.8
2024-08-01,2024,8,August,Meta,6.1,40.5,1.9,12.2,2.5,23.8,6.8,72.8
2024-09-01,2024,9,September,Meta,6.1,40.5,1.9,12.2,2.5,23.8,6.8,72.8
2024-10-01,2024,10,October,Meta,6.1,40.5,1.9,12.2,2.5,23.8,6.8,72.8
2024-11-01,2024,11,November,Meta,6.1,40.5,1.9,12.2,2.5,23.8,6.8,72.8
2024-12-01,2024,12,December,Meta,6.1,40.5,1.9,12.2,2.5,23.8,6.8,72.8
2022-01-01,2022,1,January,Nariño,10.4,61.6,3.0,11.2,1.9,23.6,4.2,87.9
2022-02-01,2022,2,February,Nariño,10.4,61.6,3.0,11.2,1.9,23.6,4.2,87.9
2022-03-01,2022,3,March,Nariño,10.4,61.6,3.0,11.2,1.9,23.6,4.2,87.9
2022-04-01,2022,4,April,Nariño,10.4,61.6,3.0,11.2,1.9,23.6,4.2,87.9
2022-05-01,2022,5,May,Nariño,10.4,61.6,3.0,11.2,1.9,23.6,4.2,87.9
2022-06-01,2022,6,June,Nariño,10.4,61.6,3.0,11.2,1.9,23.6,4.2,87.9
2022-07-01,2022,7,July,Nariño,10.4,61.6,3.0,11.2,1.9,23.6,4.2,87.9
2022-08-01,2022,8,August,Nariño,10.4,61.6,3.0,11.2,1.9,23.6,4.2,87.9
2022-09-01,2022,9,September,Nariño,10.4,61.6,3.0,11.2,1.9,23.6,4.2,87.9
2022-10-01,2022,10,October,Nariño,10.4,61.6,3.0,11.2,1.9,23.6,4.2,87.9
2022-11-01,2022,11,November,Nariño,10.4,61.6,3.0,11.2,1.9,23.6,4.2,87.9
2022-12-01,2022,12,December,Nariño,10.4,61.6,3.0,11.2,1.9,23.6,4.2,87.9
2023-01-01,2023,1,January,Nariño,10.2,59.9,4.6,11.0,1.6,23.5,4.7,90.0
2023-02-01,2023,2,February,Nariño,10.2,59.9,4.6,11.0,1.6,23.5,4.7,90.0
2023-03-01,2023,3,March,Nariño,10.2,59.9,4.6,11.0,1.6,23.5,4.7,90.0
2023-04-01,2023,4,April,Nariño,10.2,59.9,4.6,11.0,1.6,23.5,4.7,90.0
2023-05-01,2023,5,May,Nariño,10.2,59.9,4.6,11.0,1.6,23.5,4.7,90.0
2023-06-01,2023,6,June,Nariño,10.2,59.9,4.6,11.0,1.6,23.5,4.7,90.0
2023-07-01,2023,7,July,Nariño,10.2,59.9,4.6,11.0,1.6,23.5,4.7,90.0
2023-08-01,2023,8,August,Nariño,10.2,59.9,4.6,11.0,1.6,23.5,4.7,90.0
2023-09-01,2023,9,September,Nariño,10.2,59.9,4.6,11.0,1.6,23.5,4.7,90.0
2023-10-01,2023,10,October,Nariño,10.2,59.9,4.6,11.0,1.6,23.5,4.7,90.0
2023-11-01,2023,11,November,Nariño,10.2,59.9,4.6,11.0,1.6,23.5,4.7,90.0
2023-12-01,2023,12,December,Nariño,10.2,59.9,4.6,11.0,1.6,23.5,4.7,90.0
2024-01-01,2024,1,January,Nariño,14.7,60.5,6.5,12.2,1.6,22.4,4.0,88.8
2024-02-01,2024,2,February,Nariño,14.7,60.5,6.5,12.2,1.6,22.4,4.0,88.8
2024-03-01,2024,3,March,Nariño,14.7,60.5,6.5,12.2,1.6,22.4,4.0,88.8
2024-04-01,2024,4,April,Nariño,14.7,60.5,6.5,12.2,1.6,22.4,4.0,88.8
2024-05-01,2024,5,May,Nariño,14.7,60.5,6.5,12.2,1.6,22.4,4.0,88.8
2024-06-01,2024,6,June,Nariño,14.7,60.5,6.5,12.2,1.6,22.4,4.0,88.8
2024-07-01,2024,7,July,Nariño,14.7,60.5,6.5,12.2,1.6,22.4,4.0,88.8
2024-08-01,2024,8,August,Nariño,14.7,60.5,6.5,12.2,1.6,22.4,4.0,88.8
2024-09-01,2024,9,September,Nariño,14.7,60.5,6.5,12.2,1.6,22.4,4.0,88.8
2024-10-01,2024,10,October,Nariño,14.7,60.5,6.5,12.2,1.6,22.4,4.0,88.8
2024-11-01,2024,11,November,Nariño,14.7,60.5,6.5,12.2,1.6,22.4,4.0,88.8
2024-12-01,2024,12,December,Nariño,14.7,60.5,6.5,12.2,1.6,22.4,4.0,88.8
2022-01-01,2022,1,January,Norte de Santander,8.7,47.9,2.1,9.3,4.8,27.8,16.9,86.7
2022-02-01,2022,2,February,Norte de Santander,8.7,47.9,2.1,9.3,4.8,27.8,16.9,86.7
2022-03-01,2022,3,March,Norte de Santander,8.7,47.9,2.1,9.3,4.8,27.8,16.9,86.7
2022-04-01,2022,4,April,Norte de Santander,8.7,47.9,2.1,9.3,4.8,27.8,16.9,86.7
2022-05-01,2022,5,May,Norte de Santander,8.7,47.9,2.1,9.3,4.8,27.8,16.9,86.7
2022-06-01,2022,6,June,Norte de Santander,8.7,47.9,2.1,9.3,4.8,27.8,16.9,86.7
2022-07-01,2022,7,July,Norte de Santander,8.7,47.9,2.1,9.3,4.8,27.8,16.9,86.7
2022-08-01,2022,8,August,Norte de Santander,8.7,47.9,2.1,9.3,4.8,27.8,16.9,86.7
2022-09-01,2022,9,September,Norte de Santander,8.7,47.9,2.1,9.3,4.8,27.8,16.9,86.7
2022-10-01,2022,10,October,Norte de Santander,8.7,47.9,2.1,9.3,4.8,27.8,16.9,86.7
2022-11-01,2022,11,November,Norte de Santander,8.7,47.9,2.1,9.3,4.8,27.8,16.9,86.7
2022-12-01,2022,12,December,Norte de Santander,8.7,47.9,2.1,9.3,4.8,27.8,16.9,86.7
2023-01-01,2023,1,January,Norte de Santander,9.6,49.8,1.0,10.7,4.7,28.2,13.1,84.5
2023-02-01,2023,2,February,Norte de Santander,9.6,49.8,1.0,10.7,4.7,28.2,13.1,84.5
2023-03-01,2023,3,March,Norte de Santander,9.6,49.8,1.0,10.7,4.7,28.2,13.1,84.5
2023-04-01,2023,4,April,Norte de Santander,9.6,49.8,1.0,10.7,4.7,28.2,13.1,84.5
2023-05-01,2023,5,May,Norte de Santander,9.6,49.8,1.0,10.7,4.7,28.2,13.1,84.5
2023-06-01,2023,6,June,Norte de Santander,9.6,49.8,1.0,10.7,4.7,28.2,13.1,84.5
2023-07-01,2023,7,July,Norte de Santander,9.6,49.8,1.0,10.7,4.7,28.2,13.1,84.5
2023-08-01,2023,8,August,Norte de Santander,9.6,49.8,1.0,10.7,4.7,28.2,13.1,84.5
2023-09-01,2023,9,September,Norte de Santander,9.6,49.8,1.0,10.7,4.7,28.2,13.1,84.5
2023-10-01,2023,10,October,Norte de Santander,9.6,49.8,1.0,10.7,4.7,28.2,13.1,84.5
2023-11-01,2023,11,November,Norte de Santander,9.6,49.8,1.0,10.7,4.7,28.2,13.1,84.5
2023-12-01,2023,12,December,Norte de Santander,9.6,49.8,1.0,10.7,4.7,28.2,13.1,84.5
2024-01-01,2024,1,January,Norte de Santander,8.5,48.2,2.0,11.3,3.7,27.7,9.7,80.8
2024-02-01,2024,2,February,Norte de Santander,8.5,48.2,2.0,11.3,3.7,27.7,9.7,80.8
2024-03-01,2024,3,March,Norte de Santander,8.5,48.2,2.0,11.3,3.7,27.7,9.7,80.8
2024-04-01,2024,4,April,Norte de Santander,8.5,48.2,2.0,11.3,3.7,27.7,9.7,80.8
2024-05-01,2024,5,May,Norte de Santander,8.5,48.2,2.0,11.3,3.7,27.7,9.7,80.8
2024-06-01,2024,6,June,Norte de Santander,8.5,48.2,2.0,11.3,3.7,27.7,9.7,80.8
2024-07-01,2024,7,July,Norte de Santander,8.5,48.2,2.0,11.3,3.7,27.7,9.7,80.8
2024-08-01,2024,8,August,Norte de Santander,8.5,48.2,2.0,11.3,3.7,27.7,9.7,80.8
2024-09-01,2024,9,September,Norte de Santander,8.5,48.2,2.0,11.3,3.7,27.7,9.7,80.8
2024-10-01,2024,10,October,Norte de Santander,8.5,48.2,2.0,11.3,3.7,27.7,9.7,80.8
2024-11-01,2024,11,November,Norte de Santander,8.5,48.2,2.0,11.3,3.7,27.7,9.7,80.8
2024-12-01,2024,12,December,Norte de Santander,8.5,48.2,2.0,11.3,3.7,27.7,9.7,80.8
2022-01-01,2022,1,January,Putumayo,8.5,57.4,4.3,11.2,4.5,23.8,10.4,92.3
2022-02-01,2022,2,February,Putumayo,8.5,57.4,4.3,11.2,4.5,23.8,10.4,92.3
2022-03-01,2022,3,March,Putumayo,8.5,57.4,4.3,11.2,4.5,23.8,10.4,92.3
2022-04-01,2022,4,April,Putumayo,8.5,57.4,4.3,11.2,4.5,23.8,10.4,92.3
2022-05-01,2022,5,May,Putumayo,8.5,57.4,4.3,11.2,4.5,23.8,10.4,92.3
2022-06-01,2022,6,June,Putumayo,8.5,57.4,4.3,11.2,4.5,23.8,10.4,92.3
2022-07-01,2022,7,July,Putumayo,8.5,57.4,4.3,11.2,4.5,23.8,10.4,92.3
2022-08-01,2022,8,August,Putumayo,8.5,57.4,4.3,11.2,4.5,23.8,10.4,92.3
2022-09-01,2022,9,September,Putumayo,8.5,57.4,4.3,11.2,4.5,23.8,10.4,92.3
2022-10-01,2022,10,October,Putumayo,8.5,57.4,4.3,11.2,4.5,23.8,10.4,92.3
2022-11-01,2022,11,November,Putumayo,8.5,57.4,4.3,11.2,4.5,23.8,10.4,92.3
2022-12-01,2022,12,December,Putumayo,8.5,57.4,4.3,11.2,4.5,23.8,10.4,92.3
2023-01-01,2023,1,January,Putumayo,5.7,49.6,1.6,13.2,3.7,19.7,4.0,91.0
2023-02-01,2023,2,February,Putumayo,5.7,49.6,1.6,13.2,3.7,19.7,4.0,91.0
2023-03-01,2023,3,March,Putumayo,5.7,49.6,1.6,13.2,3.7,19.7,4.0,91.0
2023-04-01,2023,4,April,Putumayo,5.7,49.6,1.6,13.2,3.7,19.7,4.0,91.0
2023-05-01,2023,5,May,Putumayo,5.7,49.6,1.6,13.2,3.7,19.7,4.0,91.0
2023-06-01,2023,6,June,Putumayo,5.7,49.6,1.6,13.2,3.7,19.7,4.0,91.0
2023-07-01,2023,7,July,Putumayo,5.7,49.6,1.6,13.2,3.7,19.7,4.0,91.0
2023-08-01,2023,8,August,Putumayo,5.7,49.6,1.6,13.2,3.7,19.7,4.0,91.0
2023-09-01,2023,9,September,Putumayo,5.7,49.6,1.6,13.2,3.7,19.7,4.0,91.0
2023-10-01,2023,10,October,Putumayo,5.7,49.6,1.6,13.2,3.7,19.7,4.0,91.0
2023-11-01,2023,11,November,Putumayo,5.7,49.6,1.6,13.2,3.7,19.7,4.0,91.0
2023-12-01,2023,12,December,Putumayo,5.7,49.6,1.6,13.2,3.7,19.7,4.0,91.0
2024-01-01,2024,1,January,Putumayo,7.1,55.9,1.9,7.3,1.8,17.0,3.7,90.5
2024-02-01,2024,2,February,Putumayo,7.1,55.9,1.9,7.3,1.8,17.0,3.7,90.5
2024-03-01,2024,3,March,Putumayo,7.1,55.9,1.9,7.3,1.8,17.0,3.7,90.5
2024-04-01,2024,4,April,Putumayo,7.1,55.9,1.9,7.3,1.8,17.0,3.7,90.5
2024-05-01,2024,5,May,Putumayo,7.1,55.9,1.9,7.3,1.8,17.0,3.7,90.5
2024-06-01,2024,6,June,Putumayo,7.1,55.9,1.9,7.3,1.8,17.0,3.7,90.5
2024-07-01,2024,7,July,Putumayo,7.1,55.9,1.9,7.3,1.8,17.0,3.7,90.5
2024-08-01,2024,8,August,Putumayo,7.1,55.9,1.9,7.3,1.8,17.0,3.7,90.5
2024-09-01,2024,9,September,Putumayo,7.1,55.9,1.9,7.3,1.8,17.0,3.7,90.5
2024-10-01,2024,10,October,Putumayo,7.1,55.9,1.9,7.3,1.8,17.0,3.7,90.5
2024-11-01,2024,11,November,Putumayo,7.1,55.9,1.9,7.3,1.8,17.0,3.7,90.5
2024-12-01,2024,12,December,Putumayo,7.1,55.9,1.9,7.3,1.8,17.0,3.7,90.5
2022-01-01,2022,1,January,Quindío,6.1,40.1,0.8,17.7,1.9,18.3,8.8,69.3
2022-02-01,2022,2,February,Quindío,6.1,40.1,0.8,17.7,1.9,18.3,8.8,69.3
2022-03-01,2022,3,March,Quindío,6.1,40.1,0.8,17.7,1.9,18.3,8.8,69.3
2022-04-01,2022,4,April,Quindío,6.1,40.1,0.8,17.7,1.9,18.3,8.8,69.3
2022-05-01,2022,5,May,Quindío,6.1,40.1,0.8,17.7,1.9,18.3,8.8,69.3
2022-06-01,2022,6,June,Quindío,6.1,40.1,0.8,17.7,1.9,18.3,8.8,69.3
2022-07-01,2022,7,July,Quindío,6.1,40.1,0.8,17.7,1.9,18.3,8.8,69.3
2022-08-01,2022,8,August,Quindío,6.1,40.1,0.8,17.7,1.9,18.3,8.8,69.3
2022-09-01,2022,9,September,Quindío,6.1,40.1,0.8,17.7,1.9,18.3,8.8,69.3
2022-10-01,2022,10,October,Quindío,6.1,40.1,0.8,17.7,1.9,18.3,8.8,69.3
2022-11-01,2022,11,November,Quindío,6.1,40.1,0.8,17.7,1.9,18.3,8.8,69.3
2022-12-01,2022,12,December,Quindío,6.1,40.1,0.8,17.7,1.9,18.3,8.8,69.3
2023-01-01,2023,1,January,Quindío,6.4,40.4,2.9,17.3,1.2,16.2,9.0,70.6
2023-02-01,2023,2,February,Quindío,6.4,40.4,2.9,17.3,1.2,16.2,9.0,70.6
2023-03-01,2023,3,March,Quindío,6.4,40.4,2.9,17.3,1.2,16.2,9.0,70.6
2023-04-01,2023,4,April,Quindío,6.4,40.4,2.9,17.3,1.2,16.2,9.0,70.6
2023-05-01,2023,5,May,Quindío,6.4,40.4,2.9,17.3,1.2,16.2,9.0,70.6
2023-06-01,2023,6,June,Quindío,6.4,40.4,2.9,17.3,1.2,16.2,9.0,70.6
2023-07-01,2023,7,July,Quindío,6.4,40.4,2.9,17.3,1.2,16.2,9.0,70.6
2023-08-01,2023,8,August,Quindío,6.4,40.4,2.9,17.3,1.2,16.2,9.0,70.6
2023-09-01,2023,9,September,Quindío,6.4,40.4,2.9,17.3,1.2,16.2,9.0,70.6
2023-10-01,2023,10,October,Quindío,6.4,40.4,2.9,17.3,1.2,16.2,9.0,70.6
2023-11-01,2023,11,November,Quindío,6.4,40.4,2.9,17.3,1.2,16.2,9.0,70.6
2023-12-01,2023,12,December,Quindío,6.4,40.4,2.9,17.3,1.2,16.2,9.0,70.6
2024-01-01,2024,1,January,Quindío,5.0,40.2,2.6,15.8,1.5,15.1,9.6,71.5
2024-02-01,2024,2,February,Quindío,5.0,40.2,2.6,15.8,1.5,15.1,9.6,71.5
2024-03-01,2024,3,March,Quindío,5.0,40.2,2.6,15.8,1.5,15.1,9.6,71.5
2024-04-01,2024,4,April,Quindío,5.0,40.2,2.6,15.8,1.5,15.1,9.6,71.5
2024-05-01,2024,5,May,Quindío,5.0,40.2,2.6,15.8,1.5,15.1,9.6,71.5
2024-06-01,2024,6,June,Quindío,5.0,40.2,2.6,15.8,1.5,15.1,9.6,71.5
2024-07-01,2024,7,July,Quindío,5.0,40.2,2.6,15.8,1.5,15.1,9.6,71.5
2024-08-01,2024,8,August,Quindío,5.0,40.2,2.6,15.8,1.5,15.1,9.6,71.5
2024-09-01,2024,9,September,Quindío,5.0,40.2,2.6,15.8,1.5,15.1,9.6,71.5
2024-10-01,2024,10,October,Quindío,5.0,40.2,2.6,15.8,1.5,15.1,9.6,71.5
2024-11-01,2024,11,November,Quindío,5.0,40.2,2.6,15.8,1.5,15.1,9.6,71.5
2024-12-01,2024,12,December,Quindío,5.0,40.2,2.6,15.8,1.5,15.1,9.6,71.5
2022-01-01,2022,1,January,Risaralda,7.1,43.5,2.7,16.1,1.8,19.1,9.3,71.0
2022-02-01,2022,2,February,Risaralda,7.1,43.5,2.7,16.1,1.8,19.1,9.3,71.0
2022-03-01,2022,3,March,Risaralda,7.1,43.5,2.7,16.1,1.8,19.1,9.3,71.0
2022-04-01,2022,4,April,Risaralda,7.1,43.5,2.7,16.1,1.8,19.1,9.3,71.0
2022-05-01,2022,5,May,Risaralda,7.1,43.5,2.7,16.1,1.8,19.1,9.3,71.0
2022-06-01,2022,6,June,Risaralda,7.1,43.5,2.7,16.1,1.8,19.1,9.3,71.0
2022-07-01,2022,7,July,Risaralda,7.1,43.5,2.7,16.1,1.8,19.1,9.3,71.0
2022-08-01,2022,8,August,Risaralda,7.1,43.5,2.7,16.1,1.8,19.1,9.3,71.0
2022-09-01,2022,9,September,Risaralda,7.1,43.5,2.7,16.1,1.8,19.1,9.3,71.0
2022-10-01,2022,10,October,Risaralda,7.1,43.5,2.7,16.1,1.8,19.1,9.3,71.0
2022-11-01,2022,11,November,Risaralda,7.1,43.5,2.7,16.1,1.8,19.1,9.3,71.0
2022-12-01,2022,12,December,Risaralda,7.1,43.5,2.7,16.1,1.8,19.1,9.3,71.0
2023-01-01,2023,1,January,Risaralda,6.9,45.1,3.1,17.7,2.3,18.1,7.6,67.0
2023-02-01,2023,2,February,Risaralda,6.9,45.1,3.1,17.7,2.3,18.1,7.6,67.0
2023-03-01,2023,3,March,Risaralda,6.9,45.1,3.1,17.7,2.3,18.1,7.6,67.0
2023-04-01,2023,4,April,Risaralda,6.9,45.1,3.1,17.7,2.3,18.1,7.6,67.0
2023-05-01,2023,5,May,Risaralda,6.9,45.1,3.1,17.7,2.3,18.1,7.6,67.0
2023-06-01,2023,6,June,Risaralda,6.9,45.1,3.1,17.7,2.3,18.1,7.6,67.0
2023-07-01,2023,7,July,Risaralda,6.9,45.1,3.1,17.7,2.3,18.1,7.6,67.0
2023-08-01,2023,8,August,Risaralda,6.9,45.1,3.1,17.7,2.3,18.1,7.6,67.0
2023-09-01,2023,9,September,Risaralda,6.9,45.1,3.1,17.7,2.3,18.1,7.6,67.0
2023-10-01,2023,10,October,Risaralda,6.9,45.1,3.1,17.7,2.3,18.1,7.6,67.0
2023-11-01,2023,11,November,Risaralda,6.9,45.1,3.1,17.7,2.3,18.1,7.6,67.0
2023-12-01,2023,12,December,Risaralda,6.9,45.1,3.1,17.7,2.3,18.1,7.6,67.0
2024-01-01,2024,1,January,Risaralda,6.2,42.0,6.0,16.7,1.2,18.9,7.8,65.6
2024-02-01,2024,2,February,Risaralda,6.2,42.0,6.0,16.7,1.2,18.9,7.8,65.6
2024-03-01,2024,3,March,Risaralda,6.2,42.0,6.0,16.7,1.2,18.9,7.8,65.6
2024-04-01,2024,4,April,Risaralda,6.2,42.0,6.0,16.7,1.2,18.9,7.8,65.6
2024-05-01,2024,5,May,Risaralda,6.2,42.0,6.0,16.7,1.2,18.9,7.8,65.6
2024-06-01,2024,6,June,Risaralda,6.2,42.0,6.0,16.7,1.2,18.9,7.8,65.6
2024-07-01,2024,7,July,Risaralda,6.2,42.0,6.0,16.7,1.2,18.9,7.8,65.6
2024-08-01,2024,8,August,Risaralda,6.2,42.0,6.0,16.7,1.2,18.9,7.8,65.6
2024-09-01,2024,9,September,Risaralda,6.2,42.0,6.0,16.7,1.2,18.9,7.8,65.6
2024-10-01,2024,10,October,Risaralda,6.2,42.0,6.0,16.7,1.2,18.9,7.8,65.6
2024-11-01,2024,11,November,Risaralda,6.2,42.0,6.0,16.7,1.2,18.9,7.8,65.6
2024-12-01,2024,12,December,Risaralda,6.2,42.0,6.0,16.7,1.2,18.9,7.8,65.6
2022-01-01,2022,1,January,Santander,7.7,44.3,0.9,12.1,1.9,24.6,6.7,75.5
2022-02-01,2022,2,February,Santander,7.7,44.3,0.9,12.1,1.9,24.6,6.7,75.5
2022-03-01,2022,3,March,Santander,7.7,44.3,0.9,12.1,1.9,24.6,6.7,75.5
2022-04-01,2022,4,April,Santander,7.7,44.3,0.9,12.1,1.9,24.6,6.7,75.5
2022-05-01,2022,5,May,Santander,7.7,44.3,0.9,12.1,1.9,24.6,6.7,75.5
2022-06-01,2022,6,June,Santander,7.7,44.3,0.9,12.1,1.9,24.6,6.7,75.5
2022-07-01,2022,7,July,Santander,7.7,44.3,0.9,12.1,1.9,24.6,6.7,75.5
2022-08-01,2022,8,August,Santander,7.7,44.3,0.9,12.1,1.9,24.6,6.7,75.5
2022-09-01,2022,9,September,Santander,7.7,44.3,0.9,12.1,1.9,24.6,6.7,75.5
2022-10-01,2022,10,October,Santander,7.7,44.3,0.9,12.1,1.9,24.6,6.7,75.5
2022-11-01,2022,11,November,Santander,7.7,44.3,0.9,12.1,1.9,24.6,6.7,75.5
2022-12-01,2022,12,December,Santander,7.7,44.3,0.9,12.1,1.9,24.6,6.7,75.5
2023-01-01,2023,1,January,Santander,6.3,42.4,1.3,11.8,2.6,23.0,6.0,74.6
2023-02-01,2023,2,February,Santander,6.3,42.4,1.3,11.8,2.6,23.0,6.0,74.6
2023-03-01,2023,3,March,Santander,6.3,42.4,1.3,11.8,2.6,23.0,6.0,74.6
2023-04-01,2023,4,April,Santander,6.3,42.4,1.3,11.8,2.6,23.0,6.0,74.6
2023-05-01,2023,5,May,Santander,6.3,42.4,1.3,11.8,2.6,23.0,6.0,74.6
2023-06-01,2023,6,June,Santander,6.3,42.4,1.3,11.8,2.6,23.0,6.0,74.6
2023-07-01,2023,7,July,Santander,6.3,42.4,1.3,11.8,2.6,23.0,6.0,74.6
2023-08-01,2023,8,August,Santander,6.3,42.4,1.3,11.8,2.6,23.0,6.0,74.6
2023-09-01,2023,9,September,Santander,6.3,42.4,1.3,11.8,2.6,23.0,6.0,74.6
2023-10-01,2023,10,October,Santander,6.3,42.4,1.3,11.8,2.6,23.0,6.0,74.6
2023-11-01,2023,11,November,Santander,6.3,42.4,1.3,11.8,2.6,23.0,6.0,74.6
2023-12-01,2023,12,December,Santander,6.3,42.4,1.3,11.8,2.6,23.0,6.0,74.6
2024-01-01,2024,1,January,Santander,5.4,39.3,0.5,12.9,2.6,21.7,3.9,74.0
2024-02-01,2024,2,February,Santander,5.4,39.3,0.5,12.9,2.6,21.7,3.9,74.0
2024-03-01,2024,3,March,Santander,5.4,39.3,0.5,12.9,2.6,21.7,3.9,74.0
2024-04-01,2024,4,April,Santander,5.4,39.3,0.5,12.9,2.6,21.7,3.9,74.0
2024-05-01,2024,5,May,Santander,5.4,39.3,0.5,12.9,2.6,21.7,3.9,74.0
2024-06-01,2024,6,June,Santander,5.4,39.3,0.5,12.9,2.6,21.7,3.9,74.0
2024-07-01,2024,7,July,Santander,5.4,39.3,0.5,12.9,2.6,21.7,3.9,74.0
2024-08-01,2024,8,August,Santander,5.4,39.3,0.5,12.9,2.6,21.7,3.9,74.0
2024-09-01,2024,9,September,Santander,5.4,39.3,0.5,12.9,2.6,21.7,3.9,74.0
2024-10-01,2024,10,October,Santander,5.4,39.3,0.5,12.9,2.6,21.7,3.9,74.0
2024-11-01,2024,11,November,Santander,5.4,39.3,0.5,12.9,2.6,21.7,3.9,74.0
2024-12-01,2024,12,December,Santander,5.4,39.3,0.5,12.9,2.6,21.7,3.9,74.0
2022-01-01,2022,1,January,Sucre,19.8,53.9,4.3,11.4,1.9,31.1,3.6,92.6
2022-02-01,2022,2,February,Sucre,19.8,53.9,4.3,11.4,1.9,31.1,3.6,92.6
2022-03-01,2022,3,March,Sucre,19.8,53.9,4.3,11.4,1.9,31.1,3.6,92.6
2022-04-01,2022,4,April,Sucre,19.8,53.9,4.3,11.4,1.9,31.1,3.6,92.6
2022-05-01,2022,5,May,Sucre,19.8,53.9,4.3,11.4,1.9,31.1,3.6,92.6
2022-06-01,2022,6,June,Sucre,19.8,53.9,4.3,11.4,1.9,31.1,3.6,92.6
2022-07-01,2022,7,July,Sucre,19.8,53.9,4.3,11.4,1.9,31.1,3.6,92.6
2022-08-01,2022,8,August,Sucre,19.8,53.9,4.3,11.4,1.9,31.1,3.6,92.6
2022-09-01,2022,9,September,Sucre,19.8,53.9,4.3,11.4,1.9,31.1,3.6,92.6
2022-10-01,2022,10,October,Sucre,19.8,53.9,4.3,11.4,1.9,31.1,3.6,92.6
2022-11-01,2022,11,November,Sucre,19.8,53.9,4.3,11.4,1.9,31.1,3.6,92.6
2022-12-01,2022,12,December,Sucre,19.8,53.9,4.3,11.4,1.9,31.1,3.6,92.6
2023-01-01,2023,1,January,Sucre,19.5,52.2,2.1,12.4,2.1,31.2,1.8,90.2
2023-02-01,2023,2,February,Sucre,19.5,52.2,2.1,12.4,2.1,31.2,1.8,90.2
2023-03-01,2023,3,March,Sucre,19.5,52.2,2.1,12.4,2.1,31.2,1.8,90.2
2023-04-01,2023,4,April,Sucre,19.5,52.2,2.1,12.4,2.1,31.2,1.8,90.2
2023-05-01,2023,5,May,Sucre,19.5,52.2,2.1,12.4,2.1,31.2,1.8,90.2
2023-06-01,2023,6,June,Sucre,19.5,52.2,2.1,12.4,2.1,31.2,1.8,90.2
2023-07-01,2023,7,July,Sucre,19.5,52.2,2.1,12.4,2.1,31.2,1.8,90.2
2023-08-01,2023,8,August,Sucre,19.5,52.2,2.1,12.4,2.1,31.2,1.8,90.2
2023-09-01,2023,9,September,Sucre,19.5,52.2,2.1,12.4,2.1,31.2,1.8,90.2
2023-10-01,2023,10,October,Sucre,19.5,52.2,2.1,12.4,2.1,31.2,1.8,90.2
2023-11-01,2023,11,November,Sucre,19.5,52.2,2.1,12.4,2.1,31.2,1.8,90.2
2023-12-01,2023,12,December,Sucre,19.5,52.2,2.1,12.4,2.1,31.2,1.8,90.2
2024-01-01,2024,1,January,Sucre,17.9,51.6,2.6,13.7,1.6,29.5,2.4,90.3
2024-02-01,2024,2,February,Sucre,17.9,51.6,2.6,13.7,1.6,29.5,2.4,90.3
2024-03-01,2024,3,March,Sucre,17.9,51.6,2.6,13.7,1.6,29.5,2.4,90.3
2024-04-01,2024,4,April,Sucre,17.9,51.6,2.6,13.7,1.6,29.5,2.4,90.3
2024-05-01,2024,5,May,Sucre,17.9,51.6,2.6,13.7,1.6,29.5,2.4,90.3
2024-06-01,2024,6,June,Sucre,17.9,51.6,2.6,13.7,1.6,29.5,2.4,90.3
2024-07-01,2024,7,July,Sucre,17.9,51.6,2.6,13.7,1.6,29.5,2.4,90.3
2024-08-01,2024,8,August,Sucre,17.9,51.6,2.6,13.7,1.6,29.5,2.4,90.3
2024-09-01,2024,9,September,Sucre,17.9,51.6,2.6,13.7,1.6,29.5,2.4,90.3
2024-10-01,2024,10,October,Sucre,17.9,51.6,2.6,13.7,1.6,29.5,2.4,90.3
2024-11-01,2024,11,November,Sucre,17.9,51.6,2.6,13.7,1.6,29.5,2.4,90.3
2024-12-01,2024,12,December,Sucre,17.9,51.6,2.6,13.7,1.6,29.5,2.4,90.3
2022-01-01,2022,1,January,Tolima,6.0,49.0,0.8,16.5,2.1,21.6,5.4,79.7
2022-02-01,2022,2,February,Tolima,6.0,49.0,0.8,16.5,2.1,21.6,5.4,79.7
2022-03-01,2022,3,March,Tolima,6.0,49.0,0.8,16.5,2.1,21.6,5.4,79.7
2022-04-01,2022,4,April,Tolima,6.0,49.0,0.8,16.5,2.1,21.6,5.4,79.7
2022-05-01,2022,5,May,Tolima,6.0,49.0,0.8,16.5,2.1,21.6,5.4,79.7
2022-06-01,2022,6,June,Tolima,6.0,49.0,0.8,16.5,2.1,21.6,5.4,79.7
2022-07-01,2022,7,July,Tolima,6.0,49.0,0.8,16.5,2.1,21.6,5.4,79.7
2022-08-01,2022,8,August,Tolima,6.0,49.0,0.8,16.5,2.1,21.6,5.4,79.7
2022-09-01,2022,9,September,Tolima,6.0,49.0,0.8,16.5,2.1,21.6,5.4,79.7
2022-10-01,2022,10,October,Tolima,6.0,49.0,0.8,16.5,2.1,21.6,5.4,79.7
2022-11-01,2022,11,November,Tolima,6.0,49.0,0.8,16.5,2.1,21.6,5.4,79.7
2022-12-01,2022,12,December,Tolima,6.0,49.0,0.8,16.5,2.1,21.6,5.4,79.7
2023-01-01,2023,1,January,Tolima,8.9,49.4,4.7,16.1,2.6,22.1,7.0,78.2
2023-02-01,2023,2,February,Tolima,8.9,49.4,4.7,16.1,2.6,22.1,7.0,78.2
2023-03-01,2023,3,March,Tolima,8.9,49.4,4.7,16.1,2.6,22.1,7.0,78.2
2023-04-01,2023,4,April,Tolima,8.9,49.4,4.7,16.1,2.6,22.1,7.0,78.2
2023-05-01,2023,5,May,Tolima,8.9,49.4,4.7,16.1,2.6,22.1,7.0,78.2
2023-06-01,2023,6,June,Tolima,8.9,49.4,4.7,16.1,2.6,22.1,7.0,78.2
2023-07-01,2023,7,July,Tolima,8.9,49.4,4.7,16.1,2.6,22.1,7.0,78.2
2023-08-01,2023,8,August,Tolima,8.9,49.4,4.7,16.1,2.6,22.1,7.0,78.2
2023-09-01,2023,9,September,Tolima,8.9,49.4,4.7,16.1,2.6,22.1,7.0,78.2
2023-10-01,2023,10,October,Tolima,8.9,49.4,4.7,16.1,2.6,22.1,7.0,78.2
2023-11-01,2023,11,November,Tolima,8.9,49.4,4.7,16.1,2.6,22.1,7.0,78.2
2023-12-01,2023,12,December,Tolima,8.9,49.4,4.7,16.1,2.6,22.1,7.0,78.2
2024-01-01,2024,1,January,Tolima,7.4,49.3,6.1,15.0,2.2,19.6,4.7,78.0
2024-02-01,2024,2,February,Tolima,7.4,49.3,6.1,15.0,2.2,19.6,4.7,78.0
2024-03-01,2024,3,March,Tolima,7.4,49.3,6.1,15.0,2.2,19.6,4.7,78.0
2024-04-01,2024,4,April,Tolima,7.4,49.3,6.1,15.0,2.2,19.6,4.7,78.0
2024-05-01,2024,5,May,Tolima,7.4,49.3,6.1,15.0,2.2,19.6,4.7,78.0
2024-06-01,2024,6,June,Tolima,7.4,49.3,6.1,15.0,2.2,19.6,4.7,78.0
2024-07-01,2024,7,July,Tolima,7.4,49.3,6.1,15.0,2.2,19.6,4.7,78.0
2024-08-01,2024,8,August,Tolima,7.4,49.3,6.1,15.0,2.2,19.6,4.7,78.0
2024-09-01,2024,9,September,Tolima,7.4,49.3,6.1,15.0,2.2,19.6,4.7,78.0
2024-10-01,2024,10,October,Tolima,7.4,49.3,6.1,15.0,2.2,19.6,4.7,78.0
2024-11-01,2024,11,November,Tolima,7.4,49.3,6.1,15.0,2.2,19.6,4.7,78.0
2024-12-01,2024,12,December,Tolima,7.4,49.3,6.1,15.0,2.2,19.6,4.7,78.0
2022-01-01,2022,1,January,Valle del Cauca,6.2,37.8,1.6,13.7,2.4,22.6,9.3,67.3
2022-02-01,2022,2,February,Valle del Cauca,6.2,37.8,1.6,13.7,2.4,22.6,9.3,67.3
2022-03-01,2022,3,March,Valle del Cauca,6.2,37.8,1.6,13.7,2.4,22.6,9.3,67.3
2022-04-01,2022,4,April,Valle del Cauca,6.2,37.8,1.6,13.7,2.4,22.6,9.3,67.3
2022-05-01,2022,5,May,Valle del Cauca,6.2,37.8,1.6,13.7,2.4,22.6,9.3,67.3
2022-06-01,2022,6,June,Valle del Cauca,6.2,37.8,1.6,13.7,2.4,22.6,9.3,67.3
2022-07-01,2022,7,July,Valle del Cauca,6.2,37.8,1.6,13.7,2.4,22.6,9.3,67.3
2022-08-01,2022,8,August,Valle del Cauca,6.2,37.8,1.6,13.7,2.4,22.6,9.3,67.3
2022-09-01,2022,9,September,Valle del Cauca,6.2,37.8,1.6,13.7,2.4,22.6,9.3,67.3
2022-10-01,2022,10,October,Valle del Cauca,6.2,37.8,1.6,13.7,2.4,22.6,9.3,67.3
2022-11-01,2022,11,November,Valle del Cauca,6.2,37.8,1.6,13.7,2.4,22.6,9.3,67.3
2022-12-01,2022,12,December,Valle del Cauca,6.2,37.8,1.6,13.7,2.4,22.6,9.3,67.3
2023-01-01,2023,1,January,Valle del Cauca,5.1,34.6,0.7,13.9,1.8,22.9,6.4,63.9
2023-02-01,2023,2,February,Valle del Cauca,5.1,34.6,0.7,13.9,1.8,22.9,6.4,63.9
2023-03-01,2023,3,March,Valle del Cauca,5.1,34.6,0.7,13.9,1.8,22.9,6.4,63.9
2023-04-01,2023,4,April,Valle del Cauca,5.1,34.6,0.7,13.9,1.8,22.9,6.4,63.9
2023-05-01,2023,5,May,Valle del Cauca,5.1,34.6,0.7,13.9,1.8,22.9,6.4,63.9
2023-06-01,2023,6,June,Valle del Cauca,5.1,34.6,0.7,13.9,1.8,22.9,6.4,63.9
2023-07-01,2023,7,July,Valle del Cauca,5.1,34.6,0.7,13.9,1.8,22.9,6.4,63.9
2023-08-01,2023,8,August,Valle del Cauca,5.1,34.6,0.7,13.9,1.8,22.9,6.4,63.9
2023-09-01,2023,9,September,Valle del Cauca,5.1,34.6,0.7,13.9,1.8,22.9,6.4,63.9
2023-10-01,2023,10,October,Valle del Cauca,5.1,34.6,0.7,13.9,1.8,22.9,6.4,63.9
2023-11-01,2023,11,November,Valle del Cauca,5.1,34.6,0.7,13.9,1.8,22.9,6.4,63.9
2023-12-01,2023,12,December,Valle del Cauca,5.1,34.6,0.7,13.9,1.8,22.9,6.4,63.9
2024-01-01,2024,1,January,Valle del Cauca,4.5,33.2,1.2,14.6,1.7,20.6,6.6,67.0
2024-02-01,2024,2,February,Valle del Cauca,4.5,33.2,1.2,14.6,1.7,20.6,6.6,67.0
2024-03-01,2024,3,March,Valle del Cauca,4.5,33.2,1.2,14.6,1.7,20.6,6.6,67.0
2024-04-01,2024,4,April,Valle del Cauca,4.5,33.2,1.2,14.6,1.7,20.6,6.6,67.0
2024-05-01,2024,5,May,Valle del Cauca,4.5,33.2,1.2,14.6,1.7,20.6,6.6,67.0
2024-06-01,2024,6,June,Valle del Cauca,4.5,33.2,1.2,14.6,1.7,20.6,6.6,67.0
2024-07-01,2024,7,July,Valle del Cauca,4.5,33.2,1.2,14.6,1.7,20.6,6.6,67.0
2024-08-01,2024,8,August,Valle del Cauca,4.5,33.2,1.2,14.6,1.7,20.6,6.6,67.0
2024-09-01,2024,9,September,Valle del Cauca,4.5,33.2,1.2,14.6,1.7,20.6,6.6,67.0
2024-10-01,2024,10,October,Valle del Cauca,4.5,33.2,1.2,14.6,1.7,20.6,6.6,67.0
2024-11-01,2024,11,November,Valle del Cauca,4.5,33.2,1.2,14.6,1.7,20.6,6.6,67.0
2024-12-01,2024,12,December,Valle del Cauca,4.5,33.2,1.2,14.6,1.7,20.6,6.6,67.0
2022-01-01,2022,1,January,Vaupés,11.3,58.9,0.3,36.1,6.4,34.7,2.3,86.9
2022-02-01,2022,2,February,Vaupés,11.3,58.9,0.3,36.1,6.4,34.7,2.3,86.9
2022-03-01,2022,3,March,Vaupés,11.3,58.9,0.3,36.1,6.4,34.7,2.3,86.9
2022-04-01,2022,4,April,Vaupés,11.3,58.9,0.3,36.1,6.4,34.7,2.3,86.9
2022-05-01,2022,5,May,Vaupés,11.3,58.9,0.3,36.1,6.4,34.7,2.3,86.9
2022-06-01,2022,6,June,Vaupés,11.3,58.9,0.3,36.1,6.4,34.7,2.3,86.9
2022-07-01,2022,7,July,Vaupés,11.3,58.9,0.3,36.1,6.4,34.7,2.3,86.9
2022-08-01,2022,8,August,Vaupés,11.3,58.9,0.3,36.1,6.4,34.7,2.3,86.9
2022-09-01,2022,9,September,Vaupés,11.3,58.9,0.3,36.1,6.4,34.7,2.3,86.9
2022-10-01,2022,10,October,Vaupés,11.3,58.9,0.3,36.1,6.4,34.7,2.3,86.9
2022-11-01,2022,11,November,Vaupés,11.3,58.9,0.3,36.1,6.4,34.7,2.3,86.9
2022-12-01,2022,12,December,Vaupés,11.3,58.9,0.3,36.1,6.4,34.7,2.3,86.9
2023-01-01,2023,1,January,Vaupés,10.0,58.6,0.8,52.8,5.0,33.3,0.6,88.2
2023-02-01,2023,2,February,Vaupés,10.0,58.6,0.8,52.8,5.0,33.3,0.6,88.2
2023-03-01,2023,3,March,Vaupés,10.0,58.6,0.8,52.8,5.0,33.3,0.6,88.2
2023-04-01,2023,4,April,Vaupés,10.0,58.6,0.8,52.8,5.0,33.3,0.6,88.2
2023-05-01,2023,5,May,Vaupés,10.0,58.6,0.8,52.8,5.0,33.3,0.6,88.2
2023-06-01,2023,6,June,Vaupés,10.0,58.6,0.8,52.8,5.0,33.3,0.6,88.2
2023-07-01,2023,7,July,Vaupés,10.0,58.6,0.8,52.8,5.0,33.3,0.6,88.2
2023-08-01,2023,8,August,Vaupés,10.0,58.6,0.8,52.8,5.0,33.3,0.6,88.2
2023-09-01,2023,9,September,Vaupés,10.0,58.6,0.8,52.8,5.0,33.3,0.6,88.2
2023-10-01,2023,10,October,Vaupés,10.0,58.6,0.8,52.8,5.0,33.3,0.6,88.2
2023-11-01,2023,11,November,Vaupés,10.0,58.6,0.8,52.8,5.0,33.3,0.6,88.2
2023-12-01,2023,12,December,Vaupés,10.0,58.6,0.8,52.8,5.0,33.3,0.6,88.2
2024-01-01,2024,1,January,Vaupés,9.8,58.6,7.6,7.7,4.4,38.5,1.1,88.0
2024-02-01,2024,2,February,Vaupés,9.8,58.6,7.6,7.7,4.4,38.5,1.1,88.0
2024-03-01,2024,3,March,Vaupés,9.8,58.6,7.6,7.7,4.4,38.5,1.1,88.0
2024-04-01,2024,4,April,Vaupés,9.8,58.6,7.6,7.7,4.4,38.5,1.1,88.0
2024-05-01,2024,5,May,Vaupés,9.8,58.6,7.6,7.7,4.4,38.5,1.1,88.0
2024-06-01,2024,6,June,Vaupés,9.8,58.6,7.6,7.7,4.4,38.5,1.1,88.0
2024-07-01,2024,7,July,Vaupés,9.8,58.6,7.6,7.7,4.4,38.5,1.1,88.0
2024-08-01,2024,8,August,Vaupés,9.8,58.6,7.6,7.7,4.4,38.5,1.1,88.0
2024-09-01,2024,9,September,Vaupés,9.8,58.6,7.6,7.7,4.4,38.5,1.1,88.0
2024-10-01,2024,10,October,Vaupés,9.8,58.6,7.6,7.7,4.4,38.5,1.1,88.0
2024-11-01,2024,11,November,Vaupés,9.8,58.6,7.6,7.7,4.4,38.5,1.1,88.0
2024-12-01,2024,12,December,Vaupés,9.8,58.6,7.6,7.7,4.4,38.5,1.1,88.0
2022-01-01,2022,1,January,Vichada,25.0,75.3,0.2,35.8,20.9,39.7,19.0,95.2
2022-02-01,2022,2,February,Vichada,25.0,75.3,0.2,35.8,20.9,39.7,19.0,95.2
2022-03-01,2022,3,March,Vichada,25.0,75.3,0.2,35.8,20.9,39.7,19.0,95.2
2022-04-01,2022,4,April,Vichada,25.0,75.3,0.2,35.8,20.9,39.7,19.0,95.2
2022-05-01,2022,5,May,Vichada,25.0,75.3,0.2,35.8,20.9,39.7,19.0,95.2
2022-06-01,2022,6,June,Vichada,25.0,75.3,0.2,35.8,20.9,39.7,19.0,95.2
2022-07-01,2022,7,July,Vichada,25.0,75.3,0.2,35.8,20.9,39.7,19.0,95.2
2022-08-01,2022,8,August,Vichada,25.0,75.3,0.2,35.8,20.9,39.7,19.0,95.2
2022-09-01,2022,9,September,Vichada,25.0,75.3,0.2,35.8,20.9,39.7,19.0,95.2
2022-10-01,2022,10,October,Vichada,25.0,75.3,0.2,35.8,20.9,39.7,19.0,95.2
2022-11-01,2022,11,November,Vichada,25.0,75.3,0.2,35.8,20.9,39.7,19.0,95.2
2022-12-01,2022,12,December,Vichada,25.0,75.3,0.2,35.8,20.9,39.7,19.0,95.2
2023-01-01,2023,1,January,Vichada,27.9,82.9,0.1,24.3,15.4,23.2,25.6,96.2
2023-02-01,2023,2,February,Vichada,27.9,82.9,0.1,24.3,15.4,23.2,25.6,96.2
2023-03-01,2023,3,March,Vichada,27.9,82.9,0.1,24.3,15.4,23.2,25.6,96.2
2023-04-01,2023,4,April,Vichada,27.9,82.9,0.1,24.3,15.4,23.2,25.6,96.2
2023-05-01,2023,5,May,Vichada,27.9,82.9,0.1,24.3,15.4,23.2,25.6,96.2
2023-06-01,2023,6,June,Vichada,27.9,82.9,0.1,24.3,15.4,23.2,25.6,96.2
2023-07-01,2023,7,July,Vichada,27.9,82.9,0.1,24.3,15.4,23.2,25.6,96.2
2023-08-01,2023,8,August,Vichada,27.9,82.9,0.1,24.3,15.4,23.2,25.6,96.2
2023-09-01,2023,9,September,Vichada,27.9,82.9,0.1,24.3,15.4,23.2,25.6,96.2
2023-10-01,2023,10,October,Vichada,27.9,82.9,0.1,24.3,15.4,23.2,25.6,96.2
2023-11-01,2023,11,November,Vichada,27.9,82.9,0.1,24.3,15.4,23.2,25.6,96.2
2023-12-01,2023,12,December,Vichada,27.9,82.9,0.1,24.3,15.4,23.2,25.6,96.2
2024-01-01,2024,1,January,Vichada,35.1,82.7,2.6,18.7,27.1,35.0,17.1,94.7
2024-02-01,2024,2,February,Vichada,35.1,82.7,2.6,18.7,27.1,35.0,17.1,94.7
2024-03-01,2024,3,March,Vichada,35.1,82.7,2.6,18.7,27.1,35.0,17.1,94.7
2024-04-01,2024,4,April,Vichada,35.1,82.7,2.6,18.7,27.1,35.0,17.1,94.7
2024-05-01,2024,5,May,Vichada,35.1,82.7,2.6,18.7,27.1,35.0,17.1,94.7
2024-06-01,2024,6,June,Vichada,35.1,82.7,2.6,18.7,27.1,35.0,17.1,94.7
2024-07-01,2024,7,July,Vichada,35.1,82.7,2.6,18.7,27.1,35.0,17.1,94.7
2024-08-01,2024,8,August,Vichada,35.1,82.7,2.6,18.7,27.1,35.0,17.1,94.7
2024-09-01,2024,9,September,Vichada,35.1,82.7,2.6,18.7,27.1,35.0,17.1,94.7
2024-10-01,2024,10,October,Vichada,35.1,82.7,2.6,18.7,27.1,35.0,17.1,94.7
2024-11-01,2024,11,November,Vichada,35.1,82.7,2.6,18.7,27.1,35.0,17.1,94.7
2024-12-01,2024,12,December,Vichada,35.1,82.7,2.6,18.7,27.1,35.0,17.1,94.7
